path,label,class_name,subject
C:\Users\dell\OneDrive\Documents\sts\driver drowsiness detction hybrid\mouth\yawn\871.jpg,1,Yawn,
C:\Users\dell\OneDrive\Documents\sts\driver drowsiness detction hybrid\mouth\yawn\2721.jpg,1,Yawn,
C:\Users\dell\OneDrive\Documents\sts\driver drowsiness detction hybrid\mouth\yawn\2413.jpg,1,Yawn,
C:\Users\dell\OneDrive\Documents\sts\driver drowsiness detction hybrid\mouth\no yawn\3686.jpg,0,No Yawn,
C:\Users\dell\OneDrive\Documents\sts\driver drowsiness detction hybrid\mouth\no yawn\4065.jpg,0,No Yawn,
C:\Users\dell\OneDrive\Documents\sts\driver drowsiness detction hybrid\mouth\no yawn\3973.jpg,0,No Yawn,
C:\Users\dell\OneDrive\Documents\sts\driver drowsiness detction hybrid\mouth\yawn\1402.jpg,1,Yawn,
C:\Users\dell\OneDrive\Documents\sts\driver drowsiness detction hybrid\mouth\yawn\2712.jpg,1,Yawn,
C:\Users\dell\OneDrive\Documents\sts\driver drowsiness detction hybrid\mouth\yawn\2511.jpg,1,Yawn,
C:\Users\dell\OneDrive\Documents\sts\driver drowsiness detction hybrid\mouth\yawn\557.jpg,1,Yawn,
C:\Users\dell\OneDrive\Documents\sts\driver drowsiness detction hybrid\mouth\no yawn\5096.jpg,0,No Yawn,
C:\Users\dell\OneDrive\Documents\sts\driver drowsiness detction hybrid\mouth\no yawn\3303.jpg,0,No Yawn,
C:\Users\dell\OneDrive\Documents\sts\driver drowsiness detction hybrid\mouth\no yawn\3100.jpg,0,No Yawn,
C:\Users\dell\OneDrive\Documents\sts\driver drowsiness detction hybrid\mouth\no yawn\4050.jpg,0,No Yawn,
C:\Users\dell\OneDrive\Documents\sts\driver drowsiness detction hybrid\mouth\yawn\2046.jpg,1,Yawn,
C:\Users\dell\OneDrive\Documents\sts\driver drowsiness detction hybrid\mouth\yawn\1997.jpg,1,Yawn,
C:\Users\dell\OneDrive\Documents\sts\driver drowsiness detction hybrid\mouth\yawn\1173.jpg,1,Yawn,
C:\Users\dell\OneDrive\Documents\sts\driver drowsiness detction hybrid\mouth\no yawn\3158.jpg,0,No Yawn,
C:\Users\dell\OneDrive\Documents\sts\driver drowsiness detction hybrid\mouth\yawn\1238.jpg,1,Yawn,
C:\Users\dell\OneDrive\Documents\sts\driver drowsiness detction hybrid\mouth\yawn\65.jpg,1,Yawn,
C:\Users\dell\OneDrive\Documents\sts\driver drowsiness detction hybrid\mouth\yawn\1695.jpg,1,Yawn,
C:\Users\dell\OneDrive\Documents\sts\driver drowsiness detction hybrid\mouth\yawn\1698.jpg,1,Yawn,
C:\Users\dell\OneDrive\Documents\sts\driver drowsiness detction hybrid\mouth\no yawn\4774.jpg,0,No Yawn,
C:\Users\dell\OneDrive\Documents\sts\driver drowsiness detction hybrid\mouth\no yawn\4878.jpg,0,No Yawn,
C:\Users\dell\OneDrive\Documents\sts\driver drowsiness detction hybrid\mouth\no yawn\3143.jpg,0,No Yawn,
C:\Users\dell\OneDrive\Documents\sts\driver drowsiness detction hybrid\mouth\no yawn\2857.jpg,0,No Yawn,
C:\Users\dell\OneDrive\Documents\sts\driver drowsiness detction hybrid\mouth\yawn\1580.jpg,1,Yawn,
C:\Users\dell\OneDrive\Documents\sts\driver drowsiness detction hybrid\mouth\yawn\464.jpg,1,Yawn,
C:\Users\dell\OneDrive\Documents\sts\driver drowsiness detction hybrid\mouth\no yawn\5176.jpg,0,No Yawn,
C:\Users\dell\OneDrive\Documents\sts\driver drowsiness detction hybrid\mouth\yawn\2155.jpg,1,Yawn,
C:\Users\dell\OneDrive\Documents\sts\driver drowsiness detction hybrid\mouth\yawn\1396.jpg,1,Yawn,
C:\Users\dell\OneDrive\Documents\sts\driver drowsiness detction hybrid\mouth\yawn\1752.jpg,1,Yawn,
C:\Users\dell\OneDrive\Documents\sts\driver drowsiness detction hybrid\mouth\no yawn\4642.jpg,0,No Yawn,
C:\Users\dell\OneDrive\Documents\sts\driver drowsiness detction hybrid\mouth\yawn\106.jpg,1,Yawn,
C:\Users\dell\OneDrive\Documents\sts\driver drowsiness detction hybrid\mouth\yawn\2239.jpg,1,Yawn,
C:\Users\dell\OneDrive\Documents\sts\driver drowsiness detction hybrid\mouth\no yawn\3988.jpg,0,No Yawn,
C:\Users\dell\OneDrive\Documents\sts\driver drowsiness detction hybrid\mouth\no yawn\5452.jpg,0,No Yawn,
C:\Users\dell\OneDrive\Documents\sts\driver drowsiness detction hybrid\mouth\no yawn\3690.jpg,0,No Yawn,
C:\Users\dell\OneDrive\Documents\sts\driver drowsiness detction hybrid\mouth\yawn\685.jpg,1,Yawn,
C:\Users\dell\OneDrive\Documents\sts\driver drowsiness detction hybrid\mouth\yawn\776.jpg,1,Yawn,
C:\Users\dell\OneDrive\Documents\sts\driver drowsiness detction hybrid\mouth\no yawn\4708.jpg,0,No Yawn,
C:\Users\dell\OneDrive\Documents\sts\driver drowsiness detction hybrid\mouth\yawn\1890.jpg,1,Yawn,
C:\Users\dell\OneDrive\Documents\sts\driver drowsiness detction hybrid\mouth\yawn\1113.jpg,1,Yawn,
C:\Users\dell\OneDrive\Documents\sts\driver drowsiness detction hybrid\mouth\no yawn\4444.jpg,0,No Yawn,
C:\Users\dell\OneDrive\Documents\sts\driver drowsiness detction hybrid\mouth\no yawn\3417.jpg,0,No Yawn,
C:\Users\dell\OneDrive\Documents\sts\driver drowsiness detction hybrid\mouth\yawn\2188.jpg,1,Yawn,
C:\Users\dell\OneDrive\Documents\sts\driver drowsiness detction hybrid\mouth\no yawn\3653.jpg,0,No Yawn,
C:\Users\dell\OneDrive\Documents\sts\driver drowsiness detction hybrid\mouth\yawn\574.jpg,1,Yawn,
C:\Users\dell\OneDrive\Documents\sts\driver drowsiness detction hybrid\mouth\no yawn\4544.jpg,0,No Yawn,
C:\Users\dell\OneDrive\Documents\sts\driver drowsiness detction hybrid\mouth\no yawn\4654.jpg,0,No Yawn,
C:\Users\dell\OneDrive\Documents\sts\driver drowsiness detction hybrid\mouth\yawn\858.jpg,1,Yawn,
C:\Users\dell\OneDrive\Documents\sts\driver drowsiness detction hybrid\mouth\no yawn\5237.jpg,0,No Yawn,
C:\Users\dell\OneDrive\Documents\sts\driver drowsiness detction hybrid\mouth\no yawn\4148.jpg,0,No Yawn,
C:\Users\dell\OneDrive\Documents\sts\driver drowsiness detction hybrid\mouth\yawn\500.jpg,1,Yawn,
C:\Users\dell\OneDrive\Documents\sts\driver drowsiness detction hybrid\mouth\no yawn\3715.jpg,0,No Yawn,
C:\Users\dell\OneDrive\Documents\sts\driver drowsiness detction hybrid\mouth\no yawn\4995.jpg,0,No Yawn,
C:\Users\dell\OneDrive\Documents\sts\driver drowsiness detction hybrid\mouth\no yawn\3732.jpg,0,No Yawn,
C:\Users\dell\OneDrive\Documents\sts\driver drowsiness detction hybrid\mouth\no yawn\2765.jpg,0,No Yawn,
C:\Users\dell\OneDrive\Documents\sts\driver drowsiness detction hybrid\mouth\no yawn\3522.jpg,0,No Yawn,
C:\Users\dell\OneDrive\Documents\sts\driver drowsiness detction hybrid\mouth\no yawn\3004.jpg,0,No Yawn,
C:\Users\dell\OneDrive\Documents\sts\driver drowsiness detction hybrid\mouth\yawn\1338.jpg,1,Yawn,
C:\Users\dell\OneDrive\Documents\sts\driver drowsiness detction hybrid\mouth\yawn\325.jpg,1,Yawn,
C:\Users\dell\OneDrive\Documents\sts\driver drowsiness detction hybrid\mouth\yawn\2112.jpg,1,Yawn,
C:\Users\dell\OneDrive\Documents\sts\driver drowsiness detction hybrid\mouth\yawn\1745.jpg,1,Yawn,
C:\Users\dell\OneDrive\Documents\sts\driver drowsiness detction hybrid\mouth\no yawn\3044.jpg,0,No Yawn,
C:\Users\dell\OneDrive\Documents\sts\driver drowsiness detction hybrid\mouth\yawn\1478.jpg,1,Yawn,
C:\Users\dell\OneDrive\Documents\sts\driver drowsiness detction hybrid\mouth\no yawn\4092.jpg,0,No Yawn,
C:\Users\dell\OneDrive\Documents\sts\driver drowsiness detction hybrid\mouth\yawn\1934.jpg,1,Yawn,
C:\Users\dell\OneDrive\Documents\sts\driver drowsiness detction hybrid\mouth\yawn\100.jpg,1,Yawn,
C:\Users\dell\OneDrive\Documents\sts\driver drowsiness detction hybrid\mouth\no yawn\4900.jpg,0,No Yawn,
C:\Users\dell\OneDrive\Documents\sts\driver drowsiness detction hybrid\mouth\no yawn\3362.jpg,0,No Yawn,
C:\Users\dell\OneDrive\Documents\sts\driver drowsiness detction hybrid\mouth\yawn\2398.jpg,1,Yawn,
C:\Users\dell\OneDrive\Documents\sts\driver drowsiness detction hybrid\mouth\no yawn\2967.jpg,0,No Yawn,
C:\Users\dell\OneDrive\Documents\sts\driver drowsiness detction hybrid\mouth\yawn\1162.jpg,1,Yawn,
C:\Users\dell\OneDrive\Documents\sts\driver drowsiness detction hybrid\mouth\yawn\660.jpg,1,Yawn,
C:\Users\dell\OneDrive\Documents\sts\driver drowsiness detction hybrid\mouth\yawn\2714.jpg,1,Yawn,
C:\Users\dell\OneDrive\Documents\sts\driver drowsiness detction hybrid\mouth\yawn\832.jpg,1,Yawn,
C:\Users\dell\OneDrive\Documents\sts\driver drowsiness detction hybrid\mouth\yawn\1512.jpg,1,Yawn,
C:\Users\dell\OneDrive\Documents\sts\driver drowsiness detction hybrid\mouth\yawn\596.jpg,1,Yawn,
C:\Users\dell\OneDrive\Documents\sts\driver drowsiness detction hybrid\mouth\yawn\55.jpg,1,Yawn,
C:\Users\dell\OneDrive\Documents\sts\driver drowsiness detction hybrid\mouth\no yawn\4201.jpg,0,No Yawn,
C:\Users\dell\OneDrive\Documents\sts\driver drowsiness detction hybrid\mouth\no yawn\5448.jpg,0,No Yawn,
C:\Users\dell\OneDrive\Documents\sts\driver drowsiness detction hybrid\mouth\yawn\993.jpg,1,Yawn,
C:\Users\dell\OneDrive\Documents\sts\driver drowsiness detction hybrid\mouth\yawn\1565.jpg,1,Yawn,
C:\Users\dell\OneDrive\Documents\sts\driver drowsiness detction hybrid\mouth\yawn\1416.jpg,1,Yawn,
C:\Users\dell\OneDrive\Documents\sts\driver drowsiness detction hybrid\mouth\yawn\787.jpg,1,Yawn,
C:\Users\dell\OneDrive\Documents\sts\driver drowsiness detction hybrid\mouth\yawn\1767.jpg,1,Yawn,
C:\Users\dell\OneDrive\Documents\sts\driver drowsiness detction hybrid\mouth\yawn\2697.jpg,1,Yawn,
C:\Users\dell\OneDrive\Documents\sts\driver drowsiness detction hybrid\mouth\no yawn\3991.jpg,0,No Yawn,
C:\Users\dell\OneDrive\Documents\sts\driver drowsiness detction hybrid\mouth\no yawn\3410.jpg,0,No Yawn,
C:\Users\dell\OneDrive\Documents\sts\driver drowsiness detction hybrid\mouth\yawn\1400.jpg,1,Yawn,
C:\Users\dell\OneDrive\Documents\sts\driver drowsiness detction hybrid\mouth\no yawn\3448.jpg,0,No Yawn,
C:\Users\dell\OneDrive\Documents\sts\driver drowsiness detction hybrid\mouth\no yawn\4841.jpg,0,No Yawn,
C:\Users\dell\OneDrive\Documents\sts\driver drowsiness detction hybrid\mouth\no yawn\3099.jpg,0,No Yawn,
C:\Users\dell\OneDrive\Documents\sts\driver drowsiness detction hybrid\mouth\no yawn\3027.jpg,0,No Yawn,
C:\Users\dell\OneDrive\Documents\sts\driver drowsiness detction hybrid\mouth\yawn\1022.jpg,1,Yawn,
C:\Users\dell\OneDrive\Documents\sts\driver drowsiness detction hybrid\mouth\no yawn\4597.jpg,0,No Yawn,
C:\Users\dell\OneDrive\Documents\sts\driver drowsiness detction hybrid\mouth\yawn\1735.jpg,1,Yawn,
C:\Users\dell\OneDrive\Documents\sts\driver drowsiness detction hybrid\mouth\no yawn\3469.jpg,0,No Yawn,
C:\Users\dell\OneDrive\Documents\sts\driver drowsiness detction hybrid\mouth\yawn\631.jpg,1,Yawn,
C:\Users\dell\OneDrive\Documents\sts\driver drowsiness detction hybrid\mouth\yawn\1671.jpg,1,Yawn,
C:\Users\dell\OneDrive\Documents\sts\driver drowsiness detction hybrid\mouth\no yawn\3077.jpg,0,No Yawn,
C:\Users\dell\OneDrive\Documents\sts\driver drowsiness detction hybrid\mouth\yawn\996.jpg,1,Yawn,
C:\Users\dell\OneDrive\Documents\sts\driver drowsiness detction hybrid\mouth\no yawn\5406.jpg,0,No Yawn,
C:\Users\dell\OneDrive\Documents\sts\driver drowsiness detction hybrid\mouth\no yawn\4183.jpg,0,No Yawn,
C:\Users\dell\OneDrive\Documents\sts\driver drowsiness detction hybrid\mouth\no yawn\5103.jpg,0,No Yawn,
C:\Users\dell\OneDrive\Documents\sts\driver drowsiness detction hybrid\mouth\no yawn\4071.jpg,0,No Yawn,
C:\Users\dell\OneDrive\Documents\sts\driver drowsiness detction hybrid\mouth\yawn\1377.jpg,1,Yawn,
C:\Users\dell\OneDrive\Documents\sts\driver drowsiness detction hybrid\mouth\yawn\2651.jpg,1,Yawn,
C:\Users\dell\OneDrive\Documents\sts\driver drowsiness detction hybrid\mouth\yawn\544.jpg,1,Yawn,
C:\Users\dell\OneDrive\Documents\sts\driver drowsiness detction hybrid\mouth\no yawn\3747.jpg,0,No Yawn,
C:\Users\dell\OneDrive\Documents\sts\driver drowsiness detction hybrid\mouth\no yawn\2963.jpg,0,No Yawn,
C:\Users\dell\OneDrive\Documents\sts\driver drowsiness detction hybrid\mouth\no yawn\5088.jpg,0,No Yawn,
C:\Users\dell\OneDrive\Documents\sts\driver drowsiness detction hybrid\mouth\yawn\300.jpg,1,Yawn,
C:\Users\dell\OneDrive\Documents\sts\driver drowsiness detction hybrid\mouth\no yawn\3517.jpg,0,No Yawn,
C:\Users\dell\OneDrive\Documents\sts\driver drowsiness detction hybrid\mouth\yawn\310.jpg,1,Yawn,
C:\Users\dell\OneDrive\Documents\sts\driver drowsiness detction hybrid\mouth\no yawn\4295.jpg,0,No Yawn,
C:\Users\dell\OneDrive\Documents\sts\driver drowsiness detction hybrid\mouth\yawn\331.jpg,1,Yawn,
C:\Users\dell\OneDrive\Documents\sts\driver drowsiness detction hybrid\mouth\no yawn\4718.jpg,0,No Yawn,
C:\Users\dell\OneDrive\Documents\sts\driver drowsiness detction hybrid\mouth\yawn\422.jpg,1,Yawn,
C:\Users\dell\OneDrive\Documents\sts\driver drowsiness detction hybrid\mouth\yawn\863.jpg,1,Yawn,
C:\Users\dell\OneDrive\Documents\sts\driver drowsiness detction hybrid\mouth\no yawn\4249.jpg,0,No Yawn,
C:\Users\dell\OneDrive\Documents\sts\driver drowsiness detction hybrid\mouth\no yawn\4834.jpg,0,No Yawn,
C:\Users\dell\OneDrive\Documents\sts\driver drowsiness detction hybrid\mouth\no yawn\4260.jpg,0,No Yawn,
C:\Users\dell\OneDrive\Documents\sts\driver drowsiness detction hybrid\mouth\yawn\813.jpg,1,Yawn,
C:\Users\dell\OneDrive\Documents\sts\driver drowsiness detction hybrid\mouth\no yawn\3050.jpg,0,No Yawn,
C:\Users\dell\OneDrive\Documents\sts\driver drowsiness detction hybrid\mouth\yawn\1356.jpg,1,Yawn,
C:\Users\dell\OneDrive\Documents\sts\driver drowsiness detction hybrid\mouth\no yawn\5252.jpg,0,No Yawn,
C:\Users\dell\OneDrive\Documents\sts\driver drowsiness detction hybrid\mouth\yawn\323.jpg,1,Yawn,
C:\Users\dell\OneDrive\Documents\sts\driver drowsiness detction hybrid\mouth\no yawn\5416.jpg,0,No Yawn,
C:\Users\dell\OneDrive\Documents\sts\driver drowsiness detction hybrid\mouth\yawn\125.jpg,1,Yawn,
C:\Users\dell\OneDrive\Documents\sts\driver drowsiness detction hybrid\mouth\yawn\420.jpg,1,Yawn,
C:\Users\dell\OneDrive\Documents\sts\driver drowsiness detction hybrid\mouth\no yawn\4232.jpg,0,No Yawn,
C:\Users\dell\OneDrive\Documents\sts\driver drowsiness detction hybrid\mouth\yawn\2606.jpg,1,Yawn,
C:\Users\dell\OneDrive\Documents\sts\driver drowsiness detction hybrid\mouth\yawn\2372.jpg,1,Yawn,
C:\Users\dell\OneDrive\Documents\sts\driver drowsiness detction hybrid\mouth\no yawn\3829.jpg,0,No Yawn,
C:\Users\dell\OneDrive\Documents\sts\driver drowsiness detction hybrid\mouth\yawn\561.jpg,1,Yawn,
C:\Users\dell\OneDrive\Documents\sts\driver drowsiness detction hybrid\mouth\yawn\1902.jpg,1,Yawn,
C:\Users\dell\OneDrive\Documents\sts\driver drowsiness detction hybrid\mouth\yawn\2559.jpg,1,Yawn,
C:\Users\dell\OneDrive\Documents\sts\driver drowsiness detction hybrid\mouth\no yawn\3307.jpg,0,No Yawn,
C:\Users\dell\OneDrive\Documents\sts\driver drowsiness detction hybrid\mouth\yawn\2317.jpg,1,Yawn,
C:\Users\dell\OneDrive\Documents\sts\driver drowsiness detction hybrid\mouth\yawn\11.jpg,1,Yawn,
C:\Users\dell\OneDrive\Documents\sts\driver drowsiness detction hybrid\mouth\no yawn\4507.jpg,0,No Yawn,
C:\Users\dell\OneDrive\Documents\sts\driver drowsiness detction hybrid\mouth\no yawn\3831.jpg,0,No Yawn,
C:\Users\dell\OneDrive\Documents\sts\driver drowsiness detction hybrid\mouth\yawn\2210.jpg,1,Yawn,
C:\Users\dell\OneDrive\Documents\sts\driver drowsiness detction hybrid\mouth\yawn\2513.jpg,1,Yawn,
C:\Users\dell\OneDrive\Documents\sts\driver drowsiness detction hybrid\mouth\yawn\393.jpg,1,Yawn,
C:\Users\dell\OneDrive\Documents\sts\driver drowsiness detction hybrid\mouth\yawn\2200.jpg,1,Yawn,
C:\Users\dell\OneDrive\Documents\sts\driver drowsiness detction hybrid\mouth\yawn\2149.jpg,1,Yawn,
C:\Users\dell\OneDrive\Documents\sts\driver drowsiness detction hybrid\mouth\no yawn\4621.jpg,0,No Yawn,
C:\Users\dell\OneDrive\Documents\sts\driver drowsiness detction hybrid\mouth\yawn\1818.jpg,1,Yawn,
C:\Users\dell\OneDrive\Documents\sts\driver drowsiness detction hybrid\mouth\yawn\2049.jpg,1,Yawn,
C:\Users\dell\OneDrive\Documents\sts\driver drowsiness detction hybrid\mouth\no yawn\5324.jpg,0,No Yawn,
C:\Users\dell\OneDrive\Documents\sts\driver drowsiness detction hybrid\mouth\yawn\2116.jpg,1,Yawn,
C:\Users\dell\OneDrive\Documents\sts\driver drowsiness detction hybrid\mouth\yawn\1257.jpg,1,Yawn,
C:\Users\dell\OneDrive\Documents\sts\driver drowsiness detction hybrid\mouth\yawn\606.jpg,1,Yawn,
C:\Users\dell\OneDrive\Documents\sts\driver drowsiness detction hybrid\mouth\no yawn\5423.jpg,0,No Yawn,
C:\Users\dell\OneDrive\Documents\sts\driver drowsiness detction hybrid\mouth\yawn\335.jpg,1,Yawn,
C:\Users\dell\OneDrive\Documents\sts\driver drowsiness detction hybrid\mouth\no yawn\3196.jpg,0,No Yawn,
C:\Users\dell\OneDrive\Documents\sts\driver drowsiness detction hybrid\mouth\no yawn\3089.jpg,0,No Yawn,
C:\Users\dell\OneDrive\Documents\sts\driver drowsiness detction hybrid\mouth\yawn\992.jpg,1,Yawn,
C:\Users\dell\OneDrive\Documents\sts\driver drowsiness detction hybrid\mouth\yawn\680.jpg,1,Yawn,
C:\Users\dell\OneDrive\Documents\sts\driver drowsiness detction hybrid\mouth\yawn\31.jpg,1,Yawn,
C:\Users\dell\OneDrive\Documents\sts\driver drowsiness detction hybrid\mouth\yawn\759.jpg,1,Yawn,
C:\Users\dell\OneDrive\Documents\sts\driver drowsiness detction hybrid\mouth\yawn\1389.jpg,1,Yawn,
C:\Users\dell\OneDrive\Documents\sts\driver drowsiness detction hybrid\mouth\no yawn\3117.jpg,0,No Yawn,
C:\Users\dell\OneDrive\Documents\sts\driver drowsiness detction hybrid\mouth\yawn\1812.jpg,1,Yawn,
C:\Users\dell\OneDrive\Documents\sts\driver drowsiness detction hybrid\mouth\no yawn\4336.jpg,0,No Yawn,
C:\Users\dell\OneDrive\Documents\sts\driver drowsiness detction hybrid\mouth\yawn\569.jpg,1,Yawn,
C:\Users\dell\OneDrive\Documents\sts\driver drowsiness detction hybrid\mouth\yawn\1434.jpg,1,Yawn,
C:\Users\dell\OneDrive\Documents\sts\driver drowsiness detction hybrid\mouth\no yawn\4850.jpg,0,No Yawn,
C:\Users\dell\OneDrive\Documents\sts\driver drowsiness detction hybrid\mouth\yawn\2602.jpg,1,Yawn,
C:\Users\dell\OneDrive\Documents\sts\driver drowsiness detction hybrid\mouth\yawn\1703.jpg,1,Yawn,
C:\Users\dell\OneDrive\Documents\sts\driver drowsiness detction hybrid\mouth\yawn\2326.jpg,1,Yawn,
C:\Users\dell\OneDrive\Documents\sts\driver drowsiness detction hybrid\mouth\no yawn\3569.jpg,0,No Yawn,
C:\Users\dell\OneDrive\Documents\sts\driver drowsiness detction hybrid\mouth\yawn\2455.jpg,1,Yawn,
C:\Users\dell\OneDrive\Documents\sts\driver drowsiness detction hybrid\mouth\no yawn\4329.jpg,0,No Yawn,
C:\Users\dell\OneDrive\Documents\sts\driver drowsiness detction hybrid\mouth\yawn\936.jpg,1,Yawn,
C:\Users\dell\OneDrive\Documents\sts\driver drowsiness detction hybrid\mouth\no yawn\3094.jpg,0,No Yawn,
C:\Users\dell\OneDrive\Documents\sts\driver drowsiness detction hybrid\mouth\no yawn\3860.jpg,0,No Yawn,
C:\Users\dell\OneDrive\Documents\sts\driver drowsiness detction hybrid\mouth\yawn\756.jpg,1,Yawn,
C:\Users\dell\OneDrive\Documents\sts\driver drowsiness detction hybrid\mouth\yawn\922.jpg,1,Yawn,
C:\Users\dell\OneDrive\Documents\sts\driver drowsiness detction hybrid\mouth\no yawn\4027.jpg,0,No Yawn,
C:\Users\dell\OneDrive\Documents\sts\driver drowsiness detction hybrid\mouth\no yawn\5310.jpg,0,No Yawn,
C:\Users\dell\OneDrive\Documents\sts\driver drowsiness detction hybrid\mouth\yawn\238.jpg,1,Yawn,
C:\Users\dell\OneDrive\Documents\sts\driver drowsiness detction hybrid\mouth\yawn\245.jpg,1,Yawn,
C:\Users\dell\OneDrive\Documents\sts\driver drowsiness detction hybrid\mouth\no yawn\5490.jpg,0,No Yawn,
C:\Users\dell\OneDrive\Documents\sts\driver drowsiness detction hybrid\mouth\yawn\1675.jpg,1,Yawn,
C:\Users\dell\OneDrive\Documents\sts\driver drowsiness detction hybrid\mouth\yawn\817.jpg,1,Yawn,
C:\Users\dell\OneDrive\Documents\sts\driver drowsiness detction hybrid\mouth\yawn\2043.jpg,1,Yawn,
C:\Users\dell\OneDrive\Documents\sts\driver drowsiness detction hybrid\mouth\yawn\112.jpg,1,Yawn,
C:\Users\dell\OneDrive\Documents\sts\driver drowsiness detction hybrid\mouth\no yawn\3683.jpg,0,No Yawn,
C:\Users\dell\OneDrive\Documents\sts\driver drowsiness detction hybrid\mouth\no yawn\4318.jpg,0,No Yawn,
C:\Users\dell\OneDrive\Documents\sts\driver drowsiness detction hybrid\mouth\yawn\449.jpg,1,Yawn,
C:\Users\dell\OneDrive\Documents\sts\driver drowsiness detction hybrid\mouth\no yawn\5279.jpg,0,No Yawn,
C:\Users\dell\OneDrive\Documents\sts\driver drowsiness detction hybrid\mouth\yawn\1017.jpg,1,Yawn,
C:\Users\dell\OneDrive\Documents\sts\driver drowsiness detction hybrid\mouth\no yawn\3010.jpg,0,No Yawn,
C:\Users\dell\OneDrive\Documents\sts\driver drowsiness detction hybrid\mouth\no yawn\3155.jpg,0,No Yawn,
C:\Users\dell\OneDrive\Documents\sts\driver drowsiness detction hybrid\mouth\yawn\869.jpg,1,Yawn,
C:\Users\dell\OneDrive\Documents\sts\driver drowsiness detction hybrid\mouth\no yawn\3274.jpg,0,No Yawn,
C:\Users\dell\OneDrive\Documents\sts\driver drowsiness detction hybrid\mouth\no yawn\5476.jpg,0,No Yawn,
C:\Users\dell\OneDrive\Documents\sts\driver drowsiness detction hybrid\mouth\no yawn\4367.jpg,0,No Yawn,
C:\Users\dell\OneDrive\Documents\sts\driver drowsiness detction hybrid\mouth\yawn\2748.jpg,1,Yawn,
C:\Users\dell\OneDrive\Documents\sts\driver drowsiness detction hybrid\mouth\no yawn\3188.jpg,0,No Yawn,
C:\Users\dell\OneDrive\Documents\sts\driver drowsiness detction hybrid\mouth\yawn\1232.jpg,1,Yawn,
C:\Users\dell\OneDrive\Documents\sts\driver drowsiness detction hybrid\mouth\no yawn\3945.jpg,0,No Yawn,
C:\Users\dell\OneDrive\Documents\sts\driver drowsiness detction hybrid\mouth\yawn\2358.jpg,1,Yawn,
C:\Users\dell\OneDrive\Documents\sts\driver drowsiness detction hybrid\mouth\yawn\1772.jpg,1,Yawn,
C:\Users\dell\OneDrive\Documents\sts\driver drowsiness detction hybrid\mouth\yawn\836.jpg,1,Yawn,
C:\Users\dell\OneDrive\Documents\sts\driver drowsiness detction hybrid\mouth\yawn\810.jpg,1,Yawn,
C:\Users\dell\OneDrive\Documents\sts\driver drowsiness detction hybrid\mouth\yawn\855.jpg,1,Yawn,
C:\Users\dell\OneDrive\Documents\sts\driver drowsiness detction hybrid\mouth\yawn\1531.jpg,1,Yawn,
C:\Users\dell\OneDrive\Documents\sts\driver drowsiness detction hybrid\mouth\no yawn\3490.jpg,0,No Yawn,
C:\Users\dell\OneDrive\Documents\sts\driver drowsiness detction hybrid\mouth\no yawn\4246.jpg,0,No Yawn,
C:\Users\dell\OneDrive\Documents\sts\driver drowsiness detction hybrid\mouth\no yawn\5327.jpg,0,No Yawn,
C:\Users\dell\OneDrive\Documents\sts\driver drowsiness detction hybrid\mouth\no yawn\3243.jpg,0,No Yawn,
C:\Users\dell\OneDrive\Documents\sts\driver drowsiness detction hybrid\mouth\no yawn\3535.jpg,0,No Yawn,
C:\Users\dell\OneDrive\Documents\sts\driver drowsiness detction hybrid\mouth\no yawn\5427.jpg,0,No Yawn,
C:\Users\dell\OneDrive\Documents\sts\driver drowsiness detction hybrid\mouth\yawn\154.jpg,1,Yawn,
C:\Users\dell\OneDrive\Documents\sts\driver drowsiness detction hybrid\mouth\no yawn\4719.jpg,0,No Yawn,
C:\Users\dell\OneDrive\Documents\sts\driver drowsiness detction hybrid\mouth\yawn\2460.jpg,1,Yawn,
C:\Users\dell\OneDrive\Documents\sts\driver drowsiness detction hybrid\mouth\yawn\2411.jpg,1,Yawn,
C:\Users\dell\OneDrive\Documents\sts\driver drowsiness detction hybrid\mouth\yawn\314.jpg,1,Yawn,
C:\Users\dell\OneDrive\Documents\sts\driver drowsiness detction hybrid\mouth\yawn\2032.jpg,1,Yawn,
C:\Users\dell\OneDrive\Documents\sts\driver drowsiness detction hybrid\mouth\no yawn\5392.jpg,0,No Yawn,
C:\Users\dell\OneDrive\Documents\sts\driver drowsiness detction hybrid\mouth\no yawn\4919.jpg,0,No Yawn,
C:\Users\dell\OneDrive\Documents\sts\driver drowsiness detction hybrid\mouth\yawn\1912.jpg,1,Yawn,
C:\Users\dell\OneDrive\Documents\sts\driver drowsiness detction hybrid\mouth\no yawn\4613.jpg,0,No Yawn,
C:\Users\dell\OneDrive\Documents\sts\driver drowsiness detction hybrid\mouth\no yawn\3613.jpg,0,No Yawn,
C:\Users\dell\OneDrive\Documents\sts\driver drowsiness detction hybrid\mouth\no yawn\4429.jpg,0,No Yawn,
C:\Users\dell\OneDrive\Documents\sts\driver drowsiness detction hybrid\mouth\no yawn\2986.jpg,0,No Yawn,
C:\Users\dell\OneDrive\Documents\sts\driver drowsiness detction hybrid\mouth\no yawn\2799.jpg,0,No Yawn,
C:\Users\dell\OneDrive\Documents\sts\driver drowsiness detction hybrid\mouth\yawn\1093.jpg,1,Yawn,
C:\Users\dell\OneDrive\Documents\sts\driver drowsiness detction hybrid\mouth\yawn\2561.jpg,1,Yawn,
C:\Users\dell\OneDrive\Documents\sts\driver drowsiness detction hybrid\mouth\no yawn\5431.jpg,0,No Yawn,
C:\Users\dell\OneDrive\Documents\sts\driver drowsiness detction hybrid\mouth\no yawn\4213.jpg,0,No Yawn,
C:\Users\dell\OneDrive\Documents\sts\driver drowsiness detction hybrid\mouth\no yawn\3612.jpg,0,No Yawn,
C:\Users\dell\OneDrive\Documents\sts\driver drowsiness detction hybrid\mouth\no yawn\2780.jpg,0,No Yawn,
C:\Users\dell\OneDrive\Documents\sts\driver drowsiness detction hybrid\mouth\no yawn\4229.jpg,0,No Yawn,
C:\Users\dell\OneDrive\Documents\sts\driver drowsiness detction hybrid\mouth\no yawn\4785.jpg,0,No Yawn,
C:\Users\dell\OneDrive\Documents\sts\driver drowsiness detction hybrid\mouth\yawn\1893.jpg,1,Yawn,
C:\Users\dell\OneDrive\Documents\sts\driver drowsiness detction hybrid\mouth\yawn\1508.jpg,1,Yawn,
C:\Users\dell\OneDrive\Documents\sts\driver drowsiness detction hybrid\mouth\yawn\541.jpg,1,Yawn,
C:\Users\dell\OneDrive\Documents\sts\driver drowsiness detction hybrid\mouth\no yawn\4288.jpg,0,No Yawn,
C:\Users\dell\OneDrive\Documents\sts\driver drowsiness detction hybrid\mouth\yawn\1873.jpg,1,Yawn,
C:\Users\dell\OneDrive\Documents\sts\driver drowsiness detction hybrid\mouth\yawn\1678.jpg,1,Yawn,
C:\Users\dell\OneDrive\Documents\sts\driver drowsiness detction hybrid\mouth\no yawn\5388.jpg,0,No Yawn,
C:\Users\dell\OneDrive\Documents\sts\driver drowsiness detction hybrid\mouth\yawn\1141.jpg,1,Yawn,
C:\Users\dell\OneDrive\Documents\sts\driver drowsiness detction hybrid\mouth\yawn\1061.jpg,1,Yawn,
C:\Users\dell\OneDrive\Documents\sts\driver drowsiness detction hybrid\mouth\yawn\1476.jpg,1,Yawn,
C:\Users\dell\OneDrive\Documents\sts\driver drowsiness detction hybrid\mouth\no yawn\5511.jpg,0,No Yawn,
C:\Users\dell\OneDrive\Documents\sts\driver drowsiness detction hybrid\mouth\no yawn\3316.jpg,0,No Yawn,
C:\Users\dell\OneDrive\Documents\sts\driver drowsiness detction hybrid\mouth\no yawn\3020.jpg,0,No Yawn,
C:\Users\dell\OneDrive\Documents\sts\driver drowsiness detction hybrid\mouth\no yawn\4974.jpg,0,No Yawn,
C:\Users\dell\OneDrive\Documents\sts\driver drowsiness detction hybrid\mouth\yawn\2523.jpg,1,Yawn,
C:\Users\dell\OneDrive\Documents\sts\driver drowsiness detction hybrid\mouth\no yawn\3975.jpg,0,No Yawn,
C:\Users\dell\OneDrive\Documents\sts\driver drowsiness detction hybrid\mouth\yawn\1676.jpg,1,Yawn,
C:\Users\dell\OneDrive\Documents\sts\driver drowsiness detction hybrid\mouth\no yawn\2869.jpg,0,No Yawn,
C:\Users\dell\OneDrive\Documents\sts\driver drowsiness detction hybrid\mouth\no yawn\3051.jpg,0,No Yawn,
C:\Users\dell\OneDrive\Documents\sts\driver drowsiness detction hybrid\mouth\no yawn\5078.jpg,0,No Yawn,
C:\Users\dell\OneDrive\Documents\sts\driver drowsiness detction hybrid\mouth\no yawn\3023.jpg,0,No Yawn,
C:\Users\dell\OneDrive\Documents\sts\driver drowsiness detction hybrid\mouth\yawn\344.jpg,1,Yawn,
C:\Users\dell\OneDrive\Documents\sts\driver drowsiness detction hybrid\mouth\yawn\2471.jpg,1,Yawn,
C:\Users\dell\OneDrive\Documents\sts\driver drowsiness detction hybrid\mouth\no yawn\3195.jpg,0,No Yawn,
C:\Users\dell\OneDrive\Documents\sts\driver drowsiness detction hybrid\mouth\yawn\1679.jpg,1,Yawn,
C:\Users\dell\OneDrive\Documents\sts\driver drowsiness detction hybrid\mouth\no yawn\3216.jpg,0,No Yawn,
C:\Users\dell\OneDrive\Documents\sts\driver drowsiness detction hybrid\mouth\no yawn\4509.jpg,0,No Yawn,
C:\Users\dell\OneDrive\Documents\sts\driver drowsiness detction hybrid\mouth\yawn\2023.jpg,1,Yawn,
C:\Users\dell\OneDrive\Documents\sts\driver drowsiness detction hybrid\mouth\yawn\2751.jpg,1,Yawn,
C:\Users\dell\OneDrive\Documents\sts\driver drowsiness detction hybrid\mouth\no yawn\5106.jpg,0,No Yawn,
C:\Users\dell\OneDrive\Documents\sts\driver drowsiness detction hybrid\mouth\no yawn\3915.jpg,0,No Yawn,
C:\Users\dell\OneDrive\Documents\sts\driver drowsiness detction hybrid\mouth\no yawn\3268.jpg,0,No Yawn,
C:\Users\dell\OneDrive\Documents\sts\driver drowsiness detction hybrid\mouth\yawn\90.jpg,1,Yawn,
C:\Users\dell\OneDrive\Documents\sts\driver drowsiness detction hybrid\mouth\no yawn\4829.jpg,0,No Yawn,
C:\Users\dell\OneDrive\Documents\sts\driver drowsiness detction hybrid\mouth\yawn\880.jpg,1,Yawn,
C:\Users\dell\OneDrive\Documents\sts\driver drowsiness detction hybrid\mouth\yawn\1701.jpg,1,Yawn,
C:\Users\dell\OneDrive\Documents\sts\driver drowsiness detction hybrid\mouth\yawn\1470.jpg,1,Yawn,
C:\Users\dell\OneDrive\Documents\sts\driver drowsiness detction hybrid\mouth\yawn\1602.jpg,1,Yawn,
C:\Users\dell\OneDrive\Documents\sts\driver drowsiness detction hybrid\mouth\no yawn\4143.jpg,0,No Yawn,
C:\Users\dell\OneDrive\Documents\sts\driver drowsiness detction hybrid\mouth\yawn\1033.jpg,1,Yawn,
C:\Users\dell\OneDrive\Documents\sts\driver drowsiness detction hybrid\mouth\yawn\2708.jpg,1,Yawn,
C:\Users\dell\OneDrive\Documents\sts\driver drowsiness detction hybrid\mouth\no yawn\3045.jpg,0,No Yawn,
C:\Users\dell\OneDrive\Documents\sts\driver drowsiness detction hybrid\mouth\no yawn\3514.jpg,0,No Yawn,
C:\Users\dell\OneDrive\Documents\sts\driver drowsiness detction hybrid\mouth\yawn\1806.jpg,1,Yawn,
C:\Users\dell\OneDrive\Documents\sts\driver drowsiness detction hybrid\mouth\no yawn\3446.jpg,0,No Yawn,
C:\Users\dell\OneDrive\Documents\sts\driver drowsiness detction hybrid\mouth\no yawn\2821.jpg,0,No Yawn,
C:\Users\dell\OneDrive\Documents\sts\driver drowsiness detction hybrid\mouth\no yawn\2848.jpg,0,No Yawn,
C:\Users\dell\OneDrive\Documents\sts\driver drowsiness detction hybrid\mouth\no yawn\2898.jpg,0,No Yawn,
C:\Users\dell\OneDrive\Documents\sts\driver drowsiness detction hybrid\mouth\yawn\747.jpg,1,Yawn,
C:\Users\dell\OneDrive\Documents\sts\driver drowsiness detction hybrid\mouth\yawn\713.jpg,1,Yawn,
C:\Users\dell\OneDrive\Documents\sts\driver drowsiness detction hybrid\mouth\yawn\2703.jpg,1,Yawn,
C:\Users\dell\OneDrive\Documents\sts\driver drowsiness detction hybrid\mouth\yawn\1491.jpg,1,Yawn,
C:\Users\dell\OneDrive\Documents\sts\driver drowsiness detction hybrid\mouth\yawn\130.jpg,1,Yawn,
C:\Users\dell\OneDrive\Documents\sts\driver drowsiness detction hybrid\mouth\no yawn\3056.jpg,0,No Yawn,
C:\Users\dell\OneDrive\Documents\sts\driver drowsiness detction hybrid\mouth\yawn\1542.jpg,1,Yawn,
C:\Users\dell\OneDrive\Documents\sts\driver drowsiness detction hybrid\mouth\yawn\970.jpg,1,Yawn,
C:\Users\dell\OneDrive\Documents\sts\driver drowsiness detction hybrid\mouth\no yawn\4251.jpg,0,No Yawn,
C:\Users\dell\OneDrive\Documents\sts\driver drowsiness detction hybrid\mouth\yawn\590.jpg,1,Yawn,
C:\Users\dell\OneDrive\Documents\sts\driver drowsiness detction hybrid\mouth\no yawn\3458.jpg,0,No Yawn,
C:\Users\dell\OneDrive\Documents\sts\driver drowsiness detction hybrid\mouth\yawn\934.jpg,1,Yawn,
C:\Users\dell\OneDrive\Documents\sts\driver drowsiness detction hybrid\mouth\yawn\2332.jpg,1,Yawn,
C:\Users\dell\OneDrive\Documents\sts\driver drowsiness detction hybrid\mouth\no yawn\3071.jpg,0,No Yawn,
C:\Users\dell\OneDrive\Documents\sts\driver drowsiness detction hybrid\mouth\no yawn\5036.jpg,0,No Yawn,
C:\Users\dell\OneDrive\Documents\sts\driver drowsiness detction hybrid\mouth\no yawn\3763.jpg,0,No Yawn,
C:\Users\dell\OneDrive\Documents\sts\driver drowsiness detction hybrid\mouth\no yawn\4219.jpg,0,No Yawn,
C:\Users\dell\OneDrive\Documents\sts\driver drowsiness detction hybrid\mouth\yawn\1354.jpg,1,Yawn,
C:\Users\dell\OneDrive\Documents\sts\driver drowsiness detction hybrid\mouth\no yawn\3811.jpg,0,No Yawn,
C:\Users\dell\OneDrive\Documents\sts\driver drowsiness detction hybrid\mouth\no yawn\4551.jpg,0,No Yawn,
C:\Users\dell\OneDrive\Documents\sts\driver drowsiness detction hybrid\mouth\no yawn\4024.jpg,0,No Yawn,
C:\Users\dell\OneDrive\Documents\sts\driver drowsiness detction hybrid\mouth\no yawn\2901.jpg,0,No Yawn,
C:\Users\dell\OneDrive\Documents\sts\driver drowsiness detction hybrid\mouth\yawn\2542.jpg,1,Yawn,
C:\Users\dell\OneDrive\Documents\sts\driver drowsiness detction hybrid\mouth\no yawn\3486.jpg,0,No Yawn,
C:\Users\dell\OneDrive\Documents\sts\driver drowsiness detction hybrid\mouth\no yawn\5241.jpg,0,No Yawn,
C:\Users\dell\OneDrive\Documents\sts\driver drowsiness detction hybrid\mouth\no yawn\2942.jpg,0,No Yawn,
C:\Users\dell\OneDrive\Documents\sts\driver drowsiness detction hybrid\mouth\yawn\1191.jpg,1,Yawn,
C:\Users\dell\OneDrive\Documents\sts\driver drowsiness detction hybrid\mouth\yawn\2011.jpg,1,Yawn,
C:\Users\dell\OneDrive\Documents\sts\driver drowsiness detction hybrid\mouth\no yawn\4446.jpg,0,No Yawn,
C:\Users\dell\OneDrive\Documents\sts\driver drowsiness detction hybrid\mouth\yawn\649.jpg,1,Yawn,
C:\Users\dell\OneDrive\Documents\sts\driver drowsiness detction hybrid\mouth\yawn\530.jpg,1,Yawn,
C:\Users\dell\OneDrive\Documents\sts\driver drowsiness detction hybrid\mouth\no yawn\2772.jpg,0,No Yawn,
C:\Users\dell\OneDrive\Documents\sts\driver drowsiness detction hybrid\mouth\no yawn\4034.jpg,0,No Yawn,
C:\Users\dell\OneDrive\Documents\sts\driver drowsiness detction hybrid\mouth\no yawn\5137.jpg,0,No Yawn,
C:\Users\dell\OneDrive\Documents\sts\driver drowsiness detction hybrid\mouth\no yawn\3938.jpg,0,No Yawn,
C:\Users\dell\OneDrive\Documents\sts\driver drowsiness detction hybrid\mouth\no yawn\5512.jpg,0,No Yawn,
C:\Users\dell\OneDrive\Documents\sts\driver drowsiness detction hybrid\mouth\yawn\742.jpg,1,Yawn,
C:\Users\dell\OneDrive\Documents\sts\driver drowsiness detction hybrid\mouth\yawn\1714.jpg,1,Yawn,
C:\Users\dell\OneDrive\Documents\sts\driver drowsiness detction hybrid\mouth\no yawn\3806.jpg,0,No Yawn,
C:\Users\dell\OneDrive\Documents\sts\driver drowsiness detction hybrid\mouth\yawn\196.jpg,1,Yawn,
C:\Users\dell\OneDrive\Documents\sts\driver drowsiness detction hybrid\mouth\no yawn\2801.jpg,0,No Yawn,
C:\Users\dell\OneDrive\Documents\sts\driver drowsiness detction hybrid\mouth\yawn\2450.jpg,1,Yawn,
C:\Users\dell\OneDrive\Documents\sts\driver drowsiness detction hybrid\mouth\yawn\2122.jpg,1,Yawn,
C:\Users\dell\OneDrive\Documents\sts\driver drowsiness detction hybrid\mouth\yawn\2105.jpg,1,Yawn,
C:\Users\dell\OneDrive\Documents\sts\driver drowsiness detction hybrid\mouth\yawn\1084.jpg,1,Yawn,
C:\Users\dell\OneDrive\Documents\sts\driver drowsiness detction hybrid\mouth\no yawn\2866.jpg,0,No Yawn,
C:\Users\dell\OneDrive\Documents\sts\driver drowsiness detction hybrid\mouth\no yawn\4560.jpg,0,No Yawn,
C:\Users\dell\OneDrive\Documents\sts\driver drowsiness detction hybrid\mouth\no yawn\5521.jpg,0,No Yawn,
C:\Users\dell\OneDrive\Documents\sts\driver drowsiness detction hybrid\mouth\no yawn\3136.jpg,0,No Yawn,
C:\Users\dell\OneDrive\Documents\sts\driver drowsiness detction hybrid\mouth\no yawn\3287.jpg,0,No Yawn,
C:\Users\dell\OneDrive\Documents\sts\driver drowsiness detction hybrid\mouth\no yawn\5335.jpg,0,No Yawn,
C:\Users\dell\OneDrive\Documents\sts\driver drowsiness detction hybrid\mouth\yawn\407.jpg,1,Yawn,
C:\Users\dell\OneDrive\Documents\sts\driver drowsiness detction hybrid\mouth\yawn\2369.jpg,1,Yawn,
C:\Users\dell\OneDrive\Documents\sts\driver drowsiness detction hybrid\mouth\no yawn\3086.jpg,0,No Yawn,
C:\Users\dell\OneDrive\Documents\sts\driver drowsiness detction hybrid\mouth\yawn\115.jpg,1,Yawn,
C:\Users\dell\OneDrive\Documents\sts\driver drowsiness detction hybrid\mouth\no yawn\3002.jpg,0,No Yawn,
C:\Users\dell\OneDrive\Documents\sts\driver drowsiness detction hybrid\mouth\yawn\164.jpg,1,Yawn,
C:\Users\dell\OneDrive\Documents\sts\driver drowsiness detction hybrid\mouth\yawn\2366.jpg,1,Yawn,
C:\Users\dell\OneDrive\Documents\sts\driver drowsiness detction hybrid\mouth\no yawn\3284.jpg,0,No Yawn,
C:\Users\dell\OneDrive\Documents\sts\driver drowsiness detction hybrid\mouth\no yawn\5492.jpg,0,No Yawn,
C:\Users\dell\OneDrive\Documents\sts\driver drowsiness detction hybrid\mouth\no yawn\4048.jpg,0,No Yawn,
C:\Users\dell\OneDrive\Documents\sts\driver drowsiness detction hybrid\mouth\yawn\272.jpg,1,Yawn,
C:\Users\dell\OneDrive\Documents\sts\driver drowsiness detction hybrid\mouth\no yawn\3967.jpg,0,No Yawn,
C:\Users\dell\OneDrive\Documents\sts\driver drowsiness detction hybrid\mouth\no yawn\4671.jpg,0,No Yawn,
C:\Users\dell\OneDrive\Documents\sts\driver drowsiness detction hybrid\mouth\yawn\514.jpg,1,Yawn,
C:\Users\dell\OneDrive\Documents\sts\driver drowsiness detction hybrid\mouth\no yawn\4490.jpg,0,No Yawn,
C:\Users\dell\OneDrive\Documents\sts\driver drowsiness detction hybrid\mouth\yawn\2292.jpg,1,Yawn,
C:\Users\dell\OneDrive\Documents\sts\driver drowsiness detction hybrid\mouth\yawn\264.jpg,1,Yawn,
C:\Users\dell\OneDrive\Documents\sts\driver drowsiness detction hybrid\mouth\yawn\1016.jpg,1,Yawn,
C:\Users\dell\OneDrive\Documents\sts\driver drowsiness detction hybrid\mouth\yawn\1829.jpg,1,Yawn,
C:\Users\dell\OneDrive\Documents\sts\driver drowsiness detction hybrid\mouth\yawn\1726.jpg,1,Yawn,
C:\Users\dell\OneDrive\Documents\sts\driver drowsiness detction hybrid\mouth\no yawn\3222.jpg,0,No Yawn,
C:\Users\dell\OneDrive\Documents\sts\driver drowsiness detction hybrid\mouth\yawn\1267.jpg,1,Yawn,
C:\Users\dell\OneDrive\Documents\sts\driver drowsiness detction hybrid\mouth\yawn\459.jpg,1,Yawn,
C:\Users\dell\OneDrive\Documents\sts\driver drowsiness detction hybrid\mouth\yawn\2274.jpg,1,Yawn,
C:\Users\dell\OneDrive\Documents\sts\driver drowsiness detction hybrid\mouth\yawn\1611.jpg,1,Yawn,
C:\Users\dell\OneDrive\Documents\sts\driver drowsiness detction hybrid\mouth\yawn\1253.jpg,1,Yawn,
C:\Users\dell\OneDrive\Documents\sts\driver drowsiness detction hybrid\mouth\no yawn\3678.jpg,0,No Yawn,
C:\Users\dell\OneDrive\Documents\sts\driver drowsiness detction hybrid\mouth\no yawn\4486.jpg,0,No Yawn,
C:\Users\dell\OneDrive\Documents\sts\driver drowsiness detction hybrid\mouth\yawn\249.jpg,1,Yawn,
C:\Users\dell\OneDrive\Documents\sts\driver drowsiness detction hybrid\mouth\no yawn\5291.jpg,0,No Yawn,
C:\Users\dell\OneDrive\Documents\sts\driver drowsiness detction hybrid\mouth\no yawn\4800.jpg,0,No Yawn,
C:\Users\dell\OneDrive\Documents\sts\driver drowsiness detction hybrid\mouth\no yawn\3206.jpg,0,No Yawn,
C:\Users\dell\OneDrive\Documents\sts\driver drowsiness detction hybrid\mouth\yawn\2674.jpg,1,Yawn,
C:\Users\dell\OneDrive\Documents\sts\driver drowsiness detction hybrid\mouth\no yawn\4414.jpg,0,No Yawn,
C:\Users\dell\OneDrive\Documents\sts\driver drowsiness detction hybrid\mouth\no yawn\3845.jpg,0,No Yawn,
C:\Users\dell\OneDrive\Documents\sts\driver drowsiness detction hybrid\mouth\yawn\220.jpg,1,Yawn,
C:\Users\dell\OneDrive\Documents\sts\driver drowsiness detction hybrid\mouth\yawn\529.jpg,1,Yawn,
C:\Users\dell\OneDrive\Documents\sts\driver drowsiness detction hybrid\mouth\no yawn\4328.jpg,0,No Yawn,
C:\Users\dell\OneDrive\Documents\sts\driver drowsiness detction hybrid\mouth\yawn\1946.jpg,1,Yawn,
C:\Users\dell\OneDrive\Documents\sts\driver drowsiness detction hybrid\mouth\yawn\2348.jpg,1,Yawn,
C:\Users\dell\OneDrive\Documents\sts\driver drowsiness detction hybrid\mouth\no yawn\4108.jpg,0,No Yawn,
C:\Users\dell\OneDrive\Documents\sts\driver drowsiness detction hybrid\mouth\no yawn\3575.jpg,0,No Yawn,
C:\Users\dell\OneDrive\Documents\sts\driver drowsiness detction hybrid\mouth\yawn\2399.jpg,1,Yawn,
C:\Users\dell\OneDrive\Documents\sts\driver drowsiness detction hybrid\mouth\no yawn\3495.jpg,0,No Yawn,
C:\Users\dell\OneDrive\Documents\sts\driver drowsiness detction hybrid\mouth\no yawn\3026.jpg,0,No Yawn,
C:\Users\dell\OneDrive\Documents\sts\driver drowsiness detction hybrid\mouth\yawn\1018.jpg,1,Yawn,
C:\Users\dell\OneDrive\Documents\sts\driver drowsiness detction hybrid\mouth\no yawn\3244.jpg,0,No Yawn,
C:\Users\dell\OneDrive\Documents\sts\driver drowsiness detction hybrid\mouth\no yawn\3976.jpg,0,No Yawn,
C:\Users\dell\OneDrive\Documents\sts\driver drowsiness detction hybrid\mouth\yawn\753.jpg,1,Yawn,
C:\Users\dell\OneDrive\Documents\sts\driver drowsiness detction hybrid\mouth\yawn\1414.jpg,1,Yawn,
C:\Users\dell\OneDrive\Documents\sts\driver drowsiness detction hybrid\mouth\yawn\908.jpg,1,Yawn,
C:\Users\dell\OneDrive\Documents\sts\driver drowsiness detction hybrid\mouth\yawn\2611.jpg,1,Yawn,
C:\Users\dell\OneDrive\Documents\sts\driver drowsiness detction hybrid\mouth\yawn\2293.jpg,1,Yawn,
C:\Users\dell\OneDrive\Documents\sts\driver drowsiness detction hybrid\mouth\yawn\2434.jpg,1,Yawn,
C:\Users\dell\OneDrive\Documents\sts\driver drowsiness detction hybrid\mouth\no yawn\3941.jpg,0,No Yawn,
C:\Users\dell\OneDrive\Documents\sts\driver drowsiness detction hybrid\mouth\no yawn\3454.jpg,0,No Yawn,
C:\Users\dell\OneDrive\Documents\sts\driver drowsiness detction hybrid\mouth\no yawn\4383.jpg,0,No Yawn,
C:\Users\dell\OneDrive\Documents\sts\driver drowsiness detction hybrid\mouth\yawn\921.jpg,1,Yawn,
C:\Users\dell\OneDrive\Documents\sts\driver drowsiness detction hybrid\mouth\yawn\2428.jpg,1,Yawn,
C:\Users\dell\OneDrive\Documents\sts\driver drowsiness detction hybrid\mouth\no yawn\3423.jpg,0,No Yawn,
C:\Users\dell\OneDrive\Documents\sts\driver drowsiness detction hybrid\mouth\no yawn\3000.jpg,0,No Yawn,
C:\Users\dell\OneDrive\Documents\sts\driver drowsiness detction hybrid\mouth\yawn\1335.jpg,1,Yawn,
C:\Users\dell\OneDrive\Documents\sts\driver drowsiness detction hybrid\mouth\yawn\1283.jpg,1,Yawn,
C:\Users\dell\OneDrive\Documents\sts\driver drowsiness detction hybrid\mouth\no yawn\3961.jpg,0,No Yawn,
C:\Users\dell\OneDrive\Documents\sts\driver drowsiness detction hybrid\mouth\no yawn\5318.jpg,0,No Yawn,
C:\Users\dell\OneDrive\Documents\sts\driver drowsiness detction hybrid\mouth\no yawn\4706.jpg,0,No Yawn,
C:\Users\dell\OneDrive\Documents\sts\driver drowsiness detction hybrid\mouth\yawn\2468.jpg,1,Yawn,
C:\Users\dell\OneDrive\Documents\sts\driver drowsiness detction hybrid\mouth\yawn\1121.jpg,1,Yawn,
C:\Users\dell\OneDrive\Documents\sts\driver drowsiness detction hybrid\mouth\yawn\2203.jpg,1,Yawn,
C:\Users\dell\OneDrive\Documents\sts\driver drowsiness detction hybrid\mouth\yawn\1178.jpg,1,Yawn,
C:\Users\dell\OneDrive\Documents\sts\driver drowsiness detction hybrid\mouth\no yawn\5409.jpg,0,No Yawn,
C:\Users\dell\OneDrive\Documents\sts\driver drowsiness detction hybrid\mouth\yawn\4.jpg,1,Yawn,
C:\Users\dell\OneDrive\Documents\sts\driver drowsiness detction hybrid\mouth\no yawn\3985.jpg,0,No Yawn,
C:\Users\dell\OneDrive\Documents\sts\driver drowsiness detction hybrid\mouth\yawn\1345.jpg,1,Yawn,
C:\Users\dell\OneDrive\Documents\sts\driver drowsiness detction hybrid\mouth\yawn\1277.jpg,1,Yawn,
C:\Users\dell\OneDrive\Documents\sts\driver drowsiness detction hybrid\mouth\yawn\1827.jpg,1,Yawn,
C:\Users\dell\OneDrive\Documents\sts\driver drowsiness detction hybrid\mouth\no yawn\2800.jpg,0,No Yawn,
C:\Users\dell\OneDrive\Documents\sts\driver drowsiness detction hybrid\mouth\no yawn\5473.jpg,0,No Yawn,
C:\Users\dell\OneDrive\Documents\sts\driver drowsiness detction hybrid\mouth\no yawn\4162.jpg,0,No Yawn,
C:\Users\dell\OneDrive\Documents\sts\driver drowsiness detction hybrid\mouth\no yawn\3916.jpg,0,No Yawn,
C:\Users\dell\OneDrive\Documents\sts\driver drowsiness detction hybrid\mouth\yawn\394.jpg,1,Yawn,
C:\Users\dell\OneDrive\Documents\sts\driver drowsiness detction hybrid\mouth\yawn\582.jpg,1,Yawn,
C:\Users\dell\OneDrive\Documents\sts\driver drowsiness detction hybrid\mouth\no yawn\3693.jpg,0,No Yawn,
C:\Users\dell\OneDrive\Documents\sts\driver drowsiness detction hybrid\mouth\yawn\1900.jpg,1,Yawn,
C:\Users\dell\OneDrive\Documents\sts\driver drowsiness detction hybrid\mouth\no yawn\5138.jpg,0,No Yawn,
C:\Users\dell\OneDrive\Documents\sts\driver drowsiness detction hybrid\mouth\no yawn\3738.jpg,0,No Yawn,
C:\Users\dell\OneDrive\Documents\sts\driver drowsiness detction hybrid\mouth\no yawn\4550.jpg,0,No Yawn,
C:\Users\dell\OneDrive\Documents\sts\driver drowsiness detction hybrid\mouth\no yawn\3821.jpg,0,No Yawn,
C:\Users\dell\OneDrive\Documents\sts\driver drowsiness detction hybrid\mouth\yawn\600.jpg,1,Yawn,
C:\Users\dell\OneDrive\Documents\sts\driver drowsiness detction hybrid\mouth\no yawn\3210.jpg,0,No Yawn,
C:\Users\dell\OneDrive\Documents\sts\driver drowsiness detction hybrid\mouth\yawn\478.jpg,1,Yawn,
C:\Users\dell\OneDrive\Documents\sts\driver drowsiness detction hybrid\mouth\yawn\278.jpg,1,Yawn,
C:\Users\dell\OneDrive\Documents\sts\driver drowsiness detction hybrid\mouth\no yawn\3411.jpg,0,No Yawn,
C:\Users\dell\OneDrive\Documents\sts\driver drowsiness detction hybrid\mouth\no yawn\4805.jpg,0,No Yawn,
C:\Users\dell\OneDrive\Documents\sts\driver drowsiness detction hybrid\mouth\yawn\2466.jpg,1,Yawn,
C:\Users\dell\OneDrive\Documents\sts\driver drowsiness detction hybrid\mouth\yawn\234.jpg,1,Yawn,
C:\Users\dell\OneDrive\Documents\sts\driver drowsiness detction hybrid\mouth\no yawn\4421.jpg,0,No Yawn,
C:\Users\dell\OneDrive\Documents\sts\driver drowsiness detction hybrid\mouth\no yawn\5091.jpg,0,No Yawn,
C:\Users\dell\OneDrive\Documents\sts\driver drowsiness detction hybrid\mouth\no yawn\4738.jpg,0,No Yawn,
C:\Users\dell\OneDrive\Documents\sts\driver drowsiness detction hybrid\mouth\no yawn\4695.jpg,0,No Yawn,
C:\Users\dell\OneDrive\Documents\sts\driver drowsiness detction hybrid\mouth\yawn\1436.jpg,1,Yawn,
C:\Users\dell\OneDrive\Documents\sts\driver drowsiness detction hybrid\mouth\yawn\881.jpg,1,Yawn,
C:\Users\dell\OneDrive\Documents\sts\driver drowsiness detction hybrid\mouth\yawn\2090.jpg,1,Yawn,
C:\Users\dell\OneDrive\Documents\sts\driver drowsiness detction hybrid\mouth\yawn\1544.jpg,1,Yawn,
C:\Users\dell\OneDrive\Documents\sts\driver drowsiness detction hybrid\mouth\yawn\2612.jpg,1,Yawn,
C:\Users\dell\OneDrive\Documents\sts\driver drowsiness detction hybrid\mouth\yawn\788.jpg,1,Yawn,
C:\Users\dell\OneDrive\Documents\sts\driver drowsiness detction hybrid\mouth\no yawn\5395.jpg,0,No Yawn,
C:\Users\dell\OneDrive\Documents\sts\driver drowsiness detction hybrid\mouth\no yawn\5414.jpg,0,No Yawn,
C:\Users\dell\OneDrive\Documents\sts\driver drowsiness detction hybrid\mouth\no yawn\3392.jpg,0,No Yawn,
C:\Users\dell\OneDrive\Documents\sts\driver drowsiness detction hybrid\mouth\no yawn\3862.jpg,0,No Yawn,
C:\Users\dell\OneDrive\Documents\sts\driver drowsiness detction hybrid\mouth\yawn\2094.jpg,1,Yawn,
C:\Users\dell\OneDrive\Documents\sts\driver drowsiness detction hybrid\mouth\no yawn\4137.jpg,0,No Yawn,
C:\Users\dell\OneDrive\Documents\sts\driver drowsiness detction hybrid\mouth\no yawn\3828.jpg,0,No Yawn,
C:\Users\dell\OneDrive\Documents\sts\driver drowsiness detction hybrid\mouth\yawn\218.jpg,1,Yawn,
C:\Users\dell\OneDrive\Documents\sts\driver drowsiness detction hybrid\mouth\no yawn\2841.jpg,0,No Yawn,
C:\Users\dell\OneDrive\Documents\sts\driver drowsiness detction hybrid\mouth\no yawn\3190.jpg,0,No Yawn,
C:\Users\dell\OneDrive\Documents\sts\driver drowsiness detction hybrid\mouth\no yawn\3502.jpg,0,No Yawn,
C:\Users\dell\OneDrive\Documents\sts\driver drowsiness detction hybrid\mouth\no yawn\5375.jpg,0,No Yawn,
C:\Users\dell\OneDrive\Documents\sts\driver drowsiness detction hybrid\mouth\yawn\659.jpg,1,Yawn,
C:\Users\dell\OneDrive\Documents\sts\driver drowsiness detction hybrid\mouth\yawn\2631.jpg,1,Yawn,
C:\Users\dell\OneDrive\Documents\sts\driver drowsiness detction hybrid\mouth\yawn\2168.jpg,1,Yawn,
C:\Users\dell\OneDrive\Documents\sts\driver drowsiness detction hybrid\mouth\yawn\1649.jpg,1,Yawn,
C:\Users\dell\OneDrive\Documents\sts\driver drowsiness detction hybrid\mouth\no yawn\4082.jpg,0,No Yawn,
C:\Users\dell\OneDrive\Documents\sts\driver drowsiness detction hybrid\mouth\yawn\2221.jpg,1,Yawn,
C:\Users\dell\OneDrive\Documents\sts\driver drowsiness detction hybrid\mouth\no yawn\4904.jpg,0,No Yawn,
C:\Users\dell\OneDrive\Documents\sts\driver drowsiness detction hybrid\mouth\no yawn\4840.jpg,0,No Yawn,
C:\Users\dell\OneDrive\Documents\sts\driver drowsiness detction hybrid\mouth\no yawn\5014.jpg,0,No Yawn,
C:\Users\dell\OneDrive\Documents\sts\driver drowsiness detction hybrid\mouth\no yawn\2895.jpg,0,No Yawn,
C:\Users\dell\OneDrive\Documents\sts\driver drowsiness detction hybrid\mouth\no yawn\3381.jpg,0,No Yawn,
C:\Users\dell\OneDrive\Documents\sts\driver drowsiness detction hybrid\mouth\yawn\1591.jpg,1,Yawn,
C:\Users\dell\OneDrive\Documents\sts\driver drowsiness detction hybrid\mouth\no yawn\5194.jpg,0,No Yawn,
C:\Users\dell\OneDrive\Documents\sts\driver drowsiness detction hybrid\mouth\no yawn\3034.jpg,0,No Yawn,
C:\Users\dell\OneDrive\Documents\sts\driver drowsiness detction hybrid\mouth\no yawn\4323.jpg,0,No Yawn,
C:\Users\dell\OneDrive\Documents\sts\driver drowsiness detction hybrid\mouth\yawn\18.jpg,1,Yawn,
C:\Users\dell\OneDrive\Documents\sts\driver drowsiness detction hybrid\mouth\no yawn\5311.jpg,0,No Yawn,
C:\Users\dell\OneDrive\Documents\sts\driver drowsiness detction hybrid\mouth\yawn\1235.jpg,1,Yawn,
C:\Users\dell\OneDrive\Documents\sts\driver drowsiness detction hybrid\mouth\yawn\1968.jpg,1,Yawn,
C:\Users\dell\OneDrive\Documents\sts\driver drowsiness detction hybrid\mouth\no yawn\3564.jpg,0,No Yawn,
C:\Users\dell\OneDrive\Documents\sts\driver drowsiness detction hybrid\mouth\no yawn\5338.jpg,0,No Yawn,
C:\Users\dell\OneDrive\Documents\sts\driver drowsiness detction hybrid\mouth\yawn\2734.jpg,1,Yawn,
C:\Users\dell\OneDrive\Documents\sts\driver drowsiness detction hybrid\mouth\yawn\1142.jpg,1,Yawn,
C:\Users\dell\OneDrive\Documents\sts\driver drowsiness detction hybrid\mouth\no yawn\2931.jpg,0,No Yawn,
C:\Users\dell\OneDrive\Documents\sts\driver drowsiness detction hybrid\mouth\yawn\1717.jpg,1,Yawn,
C:\Users\dell\OneDrive\Documents\sts\driver drowsiness detction hybrid\mouth\no yawn\5262.jpg,0,No Yawn,
C:\Users\dell\OneDrive\Documents\sts\driver drowsiness detction hybrid\mouth\yawn\879.jpg,1,Yawn,
C:\Users\dell\OneDrive\Documents\sts\driver drowsiness detction hybrid\mouth\no yawn\4385.jpg,0,No Yawn,
C:\Users\dell\OneDrive\Documents\sts\driver drowsiness detction hybrid\mouth\yawn\2704.jpg,1,Yawn,
C:\Users\dell\OneDrive\Documents\sts\driver drowsiness detction hybrid\mouth\no yawn\4700.jpg,0,No Yawn,
C:\Users\dell\OneDrive\Documents\sts\driver drowsiness detction hybrid\mouth\no yawn\5222.jpg,0,No Yawn,
C:\Users\dell\OneDrive\Documents\sts\driver drowsiness detction hybrid\mouth\yawn\1700.jpg,1,Yawn,
C:\Users\dell\OneDrive\Documents\sts\driver drowsiness detction hybrid\mouth\yawn\133.jpg,1,Yawn,
C:\Users\dell\OneDrive\Documents\sts\driver drowsiness detction hybrid\mouth\no yawn\5309.jpg,0,No Yawn,
C:\Users\dell\OneDrive\Documents\sts\driver drowsiness detction hybrid\mouth\yawn\370.jpg,1,Yawn,
C:\Users\dell\OneDrive\Documents\sts\driver drowsiness detction hybrid\mouth\yawn\108.jpg,1,Yawn,
C:\Users\dell\OneDrive\Documents\sts\driver drowsiness detction hybrid\mouth\no yawn\3660.jpg,0,No Yawn,
C:\Users\dell\OneDrive\Documents\sts\driver drowsiness detction hybrid\mouth\yawn\481.jpg,1,Yawn,
C:\Users\dell\OneDrive\Documents\sts\driver drowsiness detction hybrid\mouth\yawn\2696.jpg,1,Yawn,
C:\Users\dell\OneDrive\Documents\sts\driver drowsiness detction hybrid\mouth\no yawn\4643.jpg,0,No Yawn,
C:\Users\dell\OneDrive\Documents\sts\driver drowsiness detction hybrid\mouth\yawn\1842.jpg,1,Yawn,
C:\Users\dell\OneDrive\Documents\sts\driver drowsiness detction hybrid\mouth\yawn\497.jpg,1,Yawn,
C:\Users\dell\OneDrive\Documents\sts\driver drowsiness detction hybrid\mouth\yawn\2209.jpg,1,Yawn,
C:\Users\dell\OneDrive\Documents\sts\driver drowsiness detction hybrid\mouth\no yawn\4298.jpg,0,No Yawn,
C:\Users\dell\OneDrive\Documents\sts\driver drowsiness detction hybrid\mouth\yawn\1807.jpg,1,Yawn,
C:\Users\dell\OneDrive\Documents\sts\driver drowsiness detction hybrid\mouth\no yawn\2835.jpg,0,No Yawn,
C:\Users\dell\OneDrive\Documents\sts\driver drowsiness detction hybrid\mouth\yawn\728.jpg,1,Yawn,
C:\Users\dell\OneDrive\Documents\sts\driver drowsiness detction hybrid\mouth\no yawn\4684.jpg,0,No Yawn,
C:\Users\dell\OneDrive\Documents\sts\driver drowsiness detction hybrid\mouth\no yawn\2791.jpg,0,No Yawn,
C:\Users\dell\OneDrive\Documents\sts\driver drowsiness detction hybrid\mouth\no yawn\4207.jpg,0,No Yawn,
C:\Users\dell\OneDrive\Documents\sts\driver drowsiness detction hybrid\mouth\no yawn\2988.jpg,0,No Yawn,
C:\Users\dell\OneDrive\Documents\sts\driver drowsiness detction hybrid\mouth\yawn\948.jpg,1,Yawn,
C:\Users\dell\OneDrive\Documents\sts\driver drowsiness detction hybrid\mouth\yawn\714.jpg,1,Yawn,
C:\Users\dell\OneDrive\Documents\sts\driver drowsiness detction hybrid\mouth\yawn\900.jpg,1,Yawn,
C:\Users\dell\OneDrive\Documents\sts\driver drowsiness detction hybrid\mouth\no yawn\5030.jpg,0,No Yawn,
C:\Users\dell\OneDrive\Documents\sts\driver drowsiness detction hybrid\mouth\no yawn\4790.jpg,0,No Yawn,
C:\Users\dell\OneDrive\Documents\sts\driver drowsiness detction hybrid\mouth\yawn\1373.jpg,1,Yawn,
C:\Users\dell\OneDrive\Documents\sts\driver drowsiness detction hybrid\mouth\yawn\2404.jpg,1,Yawn,
C:\Users\dell\OneDrive\Documents\sts\driver drowsiness detction hybrid\mouth\no yawn\4371.jpg,0,No Yawn,
C:\Users\dell\OneDrive\Documents\sts\driver drowsiness detction hybrid\mouth\yawn\1863.jpg,1,Yawn,
C:\Users\dell\OneDrive\Documents\sts\driver drowsiness detction hybrid\mouth\no yawn\3367.jpg,0,No Yawn,
C:\Users\dell\OneDrive\Documents\sts\driver drowsiness detction hybrid\mouth\no yawn\3871.jpg,0,No Yawn,
C:\Users\dell\OneDrive\Documents\sts\driver drowsiness detction hybrid\mouth\no yawn\3527.jpg,0,No Yawn,
C:\Users\dell\OneDrive\Documents\sts\driver drowsiness detction hybrid\mouth\no yawn\3919.jpg,0,No Yawn,
C:\Users\dell\OneDrive\Documents\sts\driver drowsiness detction hybrid\mouth\yawn\909.jpg,1,Yawn,
C:\Users\dell\OneDrive\Documents\sts\driver drowsiness detction hybrid\mouth\no yawn\3651.jpg,0,No Yawn,
C:\Users\dell\OneDrive\Documents\sts\driver drowsiness detction hybrid\mouth\no yawn\3425.jpg,0,No Yawn,
C:\Users\dell\OneDrive\Documents\sts\driver drowsiness detction hybrid\mouth\yawn\384.jpg,1,Yawn,
C:\Users\dell\OneDrive\Documents\sts\driver drowsiness detction hybrid\mouth\no yawn\2803.jpg,0,No Yawn,
C:\Users\dell\OneDrive\Documents\sts\driver drowsiness detction hybrid\mouth\yawn\324.jpg,1,Yawn,
C:\Users\dell\OneDrive\Documents\sts\driver drowsiness detction hybrid\mouth\yawn\157.jpg,1,Yawn,
C:\Users\dell\OneDrive\Documents\sts\driver drowsiness detction hybrid\mouth\yawn\2582.jpg,1,Yawn,
C:\Users\dell\OneDrive\Documents\sts\driver drowsiness detction hybrid\mouth\no yawn\3111.jpg,0,No Yawn,
C:\Users\dell\OneDrive\Documents\sts\driver drowsiness detction hybrid\mouth\yawn\1995.jpg,1,Yawn,
C:\Users\dell\OneDrive\Documents\sts\driver drowsiness detction hybrid\mouth\no yawn\3300.jpg,0,No Yawn,
C:\Users\dell\OneDrive\Documents\sts\driver drowsiness detction hybrid\mouth\no yawn\4603.jpg,0,No Yawn,
C:\Users\dell\OneDrive\Documents\sts\driver drowsiness detction hybrid\mouth\yawn\2444.jpg,1,Yawn,
C:\Users\dell\OneDrive\Documents\sts\driver drowsiness detction hybrid\mouth\yawn\867.jpg,1,Yawn,
C:\Users\dell\OneDrive\Documents\sts\driver drowsiness detction hybrid\mouth\yawn\630.jpg,1,Yawn,
C:\Users\dell\OneDrive\Documents\sts\driver drowsiness detction hybrid\mouth\yawn\2633.jpg,1,Yawn,
C:\Users\dell\OneDrive\Documents\sts\driver drowsiness detction hybrid\mouth\no yawn\4012.jpg,0,No Yawn,
C:\Users\dell\OneDrive\Documents\sts\driver drowsiness detction hybrid\mouth\no yawn\5265.jpg,0,No Yawn,
C:\Users\dell\OneDrive\Documents\sts\driver drowsiness detction hybrid\mouth\yawn\2449.jpg,1,Yawn,
C:\Users\dell\OneDrive\Documents\sts\driver drowsiness detction hybrid\mouth\no yawn\4339.jpg,0,No Yawn,
C:\Users\dell\OneDrive\Documents\sts\driver drowsiness detction hybrid\mouth\no yawn\4533.jpg,0,No Yawn,
C:\Users\dell\OneDrive\Documents\sts\driver drowsiness detction hybrid\mouth\yawn\2253.jpg,1,Yawn,
C:\Users\dell\OneDrive\Documents\sts\driver drowsiness detction hybrid\mouth\yawn\2128.jpg,1,Yawn,
C:\Users\dell\OneDrive\Documents\sts\driver drowsiness detction hybrid\mouth\no yawn\3221.jpg,0,No Yawn,
C:\Users\dell\OneDrive\Documents\sts\driver drowsiness detction hybrid\mouth\yawn\1138.jpg,1,Yawn,
C:\Users\dell\OneDrive\Documents\sts\driver drowsiness detction hybrid\mouth\yawn\683.jpg,1,Yawn,
C:\Users\dell\OneDrive\Documents\sts\driver drowsiness detction hybrid\mouth\no yawn\5216.jpg,0,No Yawn,
C:\Users\dell\OneDrive\Documents\sts\driver drowsiness detction hybrid\mouth\yawn\889.jpg,1,Yawn,
C:\Users\dell\OneDrive\Documents\sts\driver drowsiness detction hybrid\mouth\no yawn\3445.jpg,0,No Yawn,
C:\Users\dell\OneDrive\Documents\sts\driver drowsiness detction hybrid\mouth\yawn\2227.jpg,1,Yawn,
C:\Users\dell\OneDrive\Documents\sts\driver drowsiness detction hybrid\mouth\no yawn\3361.jpg,0,No Yawn,
C:\Users\dell\OneDrive\Documents\sts\driver drowsiness detction hybrid\mouth\no yawn\3524.jpg,0,No Yawn,
C:\Users\dell\OneDrive\Documents\sts\driver drowsiness detction hybrid\mouth\no yawn\3532.jpg,0,No Yawn,
C:\Users\dell\OneDrive\Documents\sts\driver drowsiness detction hybrid\mouth\yawn\2527.jpg,1,Yawn,
C:\Users\dell\OneDrive\Documents\sts\driver drowsiness detction hybrid\mouth\no yawn\5365.jpg,0,No Yawn,
C:\Users\dell\OneDrive\Documents\sts\driver drowsiness detction hybrid\mouth\no yawn\4370.jpg,0,No Yawn,
C:\Users\dell\OneDrive\Documents\sts\driver drowsiness detction hybrid\mouth\no yawn\5218.jpg,0,No Yawn,
C:\Users\dell\OneDrive\Documents\sts\driver drowsiness detction hybrid\mouth\yawn\1193.jpg,1,Yawn,
C:\Users\dell\OneDrive\Documents\sts\driver drowsiness detction hybrid\mouth\yawn\831.jpg,1,Yawn,
C:\Users\dell\OneDrive\Documents\sts\driver drowsiness detction hybrid\mouth\no yawn\5379.jpg,0,No Yawn,
C:\Users\dell\OneDrive\Documents\sts\driver drowsiness detction hybrid\mouth\yawn\2089.jpg,1,Yawn,
C:\Users\dell\OneDrive\Documents\sts\driver drowsiness detction hybrid\mouth\no yawn\5122.jpg,0,No Yawn,
C:\Users\dell\OneDrive\Documents\sts\driver drowsiness detction hybrid\mouth\no yawn\5204.jpg,0,No Yawn,
C:\Users\dell\OneDrive\Documents\sts\driver drowsiness detction hybrid\mouth\yawn\2579.jpg,1,Yawn,
C:\Users\dell\OneDrive\Documents\sts\driver drowsiness detction hybrid\mouth\no yawn\4053.jpg,0,No Yawn,
C:\Users\dell\OneDrive\Documents\sts\driver drowsiness detction hybrid\mouth\yawn\1441.jpg,1,Yawn,
C:\Users\dell\OneDrive\Documents\sts\driver drowsiness detction hybrid\mouth\yawn\271.jpg,1,Yawn,
C:\Users\dell\OneDrive\Documents\sts\driver drowsiness detction hybrid\mouth\yawn\915.jpg,1,Yawn,
C:\Users\dell\OneDrive\Documents\sts\driver drowsiness detction hybrid\mouth\yawn\1990.jpg,1,Yawn,
C:\Users\dell\OneDrive\Documents\sts\driver drowsiness detction hybrid\mouth\no yawn\2830.jpg,0,No Yawn,
C:\Users\dell\OneDrive\Documents\sts\driver drowsiness detction hybrid\mouth\no yawn\4000.jpg,0,No Yawn,
C:\Users\dell\OneDrive\Documents\sts\driver drowsiness detction hybrid\mouth\yawn\2599.jpg,1,Yawn,
C:\Users\dell\OneDrive\Documents\sts\driver drowsiness detction hybrid\mouth\yawn\1909.jpg,1,Yawn,
C:\Users\dell\OneDrive\Documents\sts\driver drowsiness detction hybrid\mouth\yawn\2632.jpg,1,Yawn,
C:\Users\dell\OneDrive\Documents\sts\driver drowsiness detction hybrid\mouth\no yawn\4086.jpg,0,No Yawn,
C:\Users\dell\OneDrive\Documents\sts\driver drowsiness detction hybrid\mouth\yawn\2006.jpg,1,Yawn,
C:\Users\dell\OneDrive\Documents\sts\driver drowsiness detction hybrid\mouth\no yawn\4927.jpg,0,No Yawn,
C:\Users\dell\OneDrive\Documents\sts\driver drowsiness detction hybrid\mouth\yawn\1047.jpg,1,Yawn,
C:\Users\dell\OneDrive\Documents\sts\driver drowsiness detction hybrid\mouth\no yawn\4005.jpg,0,No Yawn,
C:\Users\dell\OneDrive\Documents\sts\driver drowsiness detction hybrid\mouth\yawn\1424.jpg,1,Yawn,
C:\Users\dell\OneDrive\Documents\sts\driver drowsiness detction hybrid\mouth\yawn\2592.jpg,1,Yawn,
C:\Users\dell\OneDrive\Documents\sts\driver drowsiness detction hybrid\mouth\no yawn\4666.jpg,0,No Yawn,
C:\Users\dell\OneDrive\Documents\sts\driver drowsiness detction hybrid\mouth\no yawn\2817.jpg,0,No Yawn,
C:\Users\dell\OneDrive\Documents\sts\driver drowsiness detction hybrid\mouth\no yawn\3863.jpg,0,No Yawn,
C:\Users\dell\OneDrive\Documents\sts\driver drowsiness detction hybrid\mouth\no yawn\4061.jpg,0,No Yawn,
C:\Users\dell\OneDrive\Documents\sts\driver drowsiness detction hybrid\mouth\no yawn\4041.jpg,0,No Yawn,
C:\Users\dell\OneDrive\Documents\sts\driver drowsiness detction hybrid\mouth\no yawn\3795.jpg,0,No Yawn,
C:\Users\dell\OneDrive\Documents\sts\driver drowsiness detction hybrid\mouth\no yawn\4625.jpg,0,No Yawn,
C:\Users\dell\OneDrive\Documents\sts\driver drowsiness detction hybrid\mouth\yawn\1784.jpg,1,Yawn,
C:\Users\dell\OneDrive\Documents\sts\driver drowsiness detction hybrid\mouth\yawn\2484.jpg,1,Yawn,
C:\Users\dell\OneDrive\Documents\sts\driver drowsiness detction hybrid\mouth\yawn\1993.jpg,1,Yawn,
C:\Users\dell\OneDrive\Documents\sts\driver drowsiness detction hybrid\mouth\no yawn\5391.jpg,0,No Yawn,
C:\Users\dell\OneDrive\Documents\sts\driver drowsiness detction hybrid\mouth\no yawn\4663.jpg,0,No Yawn,
C:\Users\dell\OneDrive\Documents\sts\driver drowsiness detction hybrid\mouth\no yawn\2870.jpg,0,No Yawn,
C:\Users\dell\OneDrive\Documents\sts\driver drowsiness detction hybrid\mouth\no yawn\3144.jpg,0,No Yawn,
C:\Users\dell\OneDrive\Documents\sts\driver drowsiness detction hybrid\mouth\yawn\1028.jpg,1,Yawn,
C:\Users\dell\OneDrive\Documents\sts\driver drowsiness detction hybrid\mouth\no yawn\3377.jpg,0,No Yawn,
C:\Users\dell\OneDrive\Documents\sts\driver drowsiness detction hybrid\mouth\yawn\1482.jpg,1,Yawn,
C:\Users\dell\OneDrive\Documents\sts\driver drowsiness detction hybrid\mouth\no yawn\4007.jpg,0,No Yawn,
C:\Users\dell\OneDrive\Documents\sts\driver drowsiness detction hybrid\mouth\yawn\611.jpg,1,Yawn,
C:\Users\dell\OneDrive\Documents\sts\driver drowsiness detction hybrid\mouth\no yawn\4184.jpg,0,No Yawn,
C:\Users\dell\OneDrive\Documents\sts\driver drowsiness detction hybrid\mouth\yawn\1269.jpg,1,Yawn,
C:\Users\dell\OneDrive\Documents\sts\driver drowsiness detction hybrid\mouth\yawn\2746.jpg,1,Yawn,
C:\Users\dell\OneDrive\Documents\sts\driver drowsiness detction hybrid\mouth\no yawn\5266.jpg,0,No Yawn,
C:\Users\dell\OneDrive\Documents\sts\driver drowsiness detction hybrid\mouth\no yawn\3276.jpg,0,No Yawn,
C:\Users\dell\OneDrive\Documents\sts\driver drowsiness detction hybrid\mouth\no yawn\2842.jpg,0,No Yawn,
C:\Users\dell\OneDrive\Documents\sts\driver drowsiness detction hybrid\mouth\no yawn\3701.jpg,0,No Yawn,
C:\Users\dell\OneDrive\Documents\sts\driver drowsiness detction hybrid\mouth\no yawn\4950.jpg,0,No Yawn,
C:\Users\dell\OneDrive\Documents\sts\driver drowsiness detction hybrid\mouth\yawn\1477.jpg,1,Yawn,
C:\Users\dell\OneDrive\Documents\sts\driver drowsiness detction hybrid\mouth\no yawn\3901.jpg,0,No Yawn,
C:\Users\dell\OneDrive\Documents\sts\driver drowsiness detction hybrid\mouth\yawn\2668.jpg,1,Yawn,
C:\Users\dell\OneDrive\Documents\sts\driver drowsiness detction hybrid\mouth\yawn\1970.jpg,1,Yawn,
C:\Users\dell\OneDrive\Documents\sts\driver drowsiness detction hybrid\mouth\no yawn\3516.jpg,0,No Yawn,
C:\Users\dell\OneDrive\Documents\sts\driver drowsiness detction hybrid\mouth\yawn\1305.jpg,1,Yawn,
C:\Users\dell\OneDrive\Documents\sts\driver drowsiness detction hybrid\mouth\no yawn\3302.jpg,0,No Yawn,
C:\Users\dell\OneDrive\Documents\sts\driver drowsiness detction hybrid\mouth\no yawn\4607.jpg,0,No Yawn,
C:\Users\dell\OneDrive\Documents\sts\driver drowsiness detction hybrid\mouth\yawn\1734.jpg,1,Yawn,
C:\Users\dell\OneDrive\Documents\sts\driver drowsiness detction hybrid\mouth\no yawn\3556.jpg,0,No Yawn,
C:\Users\dell\OneDrive\Documents\sts\driver drowsiness detction hybrid\mouth\yawn\1383.jpg,1,Yawn,
C:\Users\dell\OneDrive\Documents\sts\driver drowsiness detction hybrid\mouth\yawn\251.jpg,1,Yawn,
C:\Users\dell\OneDrive\Documents\sts\driver drowsiness detction hybrid\mouth\yawn\641.jpg,1,Yawn,
C:\Users\dell\OneDrive\Documents\sts\driver drowsiness detction hybrid\mouth\no yawn\4388.jpg,0,No Yawn,
C:\Users\dell\OneDrive\Documents\sts\driver drowsiness detction hybrid\mouth\no yawn\2762.jpg,0,No Yawn,
C:\Users\dell\OneDrive\Documents\sts\driver drowsiness detction hybrid\mouth\no yawn\4861.jpg,0,No Yawn,
C:\Users\dell\OneDrive\Documents\sts\driver drowsiness detction hybrid\mouth\yawn\2678.jpg,1,Yawn,
C:\Users\dell\OneDrive\Documents\sts\driver drowsiness detction hybrid\mouth\no yawn\2902.jpg,0,No Yawn,
C:\Users\dell\OneDrive\Documents\sts\driver drowsiness detction hybrid\mouth\yawn\527.jpg,1,Yawn,
C:\Users\dell\OneDrive\Documents\sts\driver drowsiness detction hybrid\mouth\yawn\1910.jpg,1,Yawn,
C:\Users\dell\OneDrive\Documents\sts\driver drowsiness detction hybrid\mouth\yawn\612.jpg,1,Yawn,
C:\Users\dell\OneDrive\Documents\sts\driver drowsiness detction hybrid\mouth\yawn\1670.jpg,1,Yawn,
C:\Users\dell\OneDrive\Documents\sts\driver drowsiness detction hybrid\mouth\yawn\2503.jpg,1,Yawn,
C:\Users\dell\OneDrive\Documents\sts\driver drowsiness detction hybrid\mouth\no yawn\2832.jpg,0,No Yawn,
C:\Users\dell\OneDrive\Documents\sts\driver drowsiness detction hybrid\mouth\yawn\2175.jpg,1,Yawn,
C:\Users\dell\OneDrive\Documents\sts\driver drowsiness detction hybrid\mouth\no yawn\4972.jpg,0,No Yawn,
C:\Users\dell\OneDrive\Documents\sts\driver drowsiness detction hybrid\mouth\yawn\1239.jpg,1,Yawn,
C:\Users\dell\OneDrive\Documents\sts\driver drowsiness detction hybrid\mouth\no yawn\2958.jpg,0,No Yawn,
C:\Users\dell\OneDrive\Documents\sts\driver drowsiness detction hybrid\mouth\no yawn\5149.jpg,0,No Yawn,
C:\Users\dell\OneDrive\Documents\sts\driver drowsiness detction hybrid\mouth\no yawn\4599.jpg,0,No Yawn,
C:\Users\dell\OneDrive\Documents\sts\driver drowsiness detction hybrid\mouth\yawn\182.jpg,1,Yawn,
C:\Users\dell\OneDrive\Documents\sts\driver drowsiness detction hybrid\mouth\yawn\1208.jpg,1,Yawn,
C:\Users\dell\OneDrive\Documents\sts\driver drowsiness detction hybrid\mouth\yawn\2144.jpg,1,Yawn,
C:\Users\dell\OneDrive\Documents\sts\driver drowsiness detction hybrid\mouth\yawn\903.jpg,1,Yawn,
C:\Users\dell\OneDrive\Documents\sts\driver drowsiness detction hybrid\mouth\yawn\42.jpg,1,Yawn,
C:\Users\dell\OneDrive\Documents\sts\driver drowsiness detction hybrid\mouth\yawn\1405.jpg,1,Yawn,
C:\Users\dell\OneDrive\Documents\sts\driver drowsiness detction hybrid\mouth\no yawn\4409.jpg,0,No Yawn,
C:\Users\dell\OneDrive\Documents\sts\driver drowsiness detction hybrid\mouth\yawn\2311.jpg,1,Yawn,
C:\Users\dell\OneDrive\Documents\sts\driver drowsiness detction hybrid\mouth\no yawn\4129.jpg,0,No Yawn,
C:\Users\dell\OneDrive\Documents\sts\driver drowsiness detction hybrid\mouth\no yawn\4326.jpg,0,No Yawn,
C:\Users\dell\OneDrive\Documents\sts\driver drowsiness detction hybrid\mouth\yawn\1050.jpg,1,Yawn,
C:\Users\dell\OneDrive\Documents\sts\driver drowsiness detction hybrid\mouth\yawn\1038.jpg,1,Yawn,
C:\Users\dell\OneDrive\Documents\sts\driver drowsiness detction hybrid\mouth\no yawn\2954.jpg,0,No Yawn,
C:\Users\dell\OneDrive\Documents\sts\driver drowsiness detction hybrid\mouth\yawn\1246.jpg,1,Yawn,
C:\Users\dell\OneDrive\Documents\sts\driver drowsiness detction hybrid\mouth\no yawn\2984.jpg,0,No Yawn,
C:\Users\dell\OneDrive\Documents\sts\driver drowsiness detction hybrid\mouth\yawn\568.jpg,1,Yawn,
C:\Users\dell\OneDrive\Documents\sts\driver drowsiness detction hybrid\mouth\yawn\2626.jpg,1,Yawn,
C:\Users\dell\OneDrive\Documents\sts\driver drowsiness detction hybrid\mouth\yawn\2042.jpg,1,Yawn,
C:\Users\dell\OneDrive\Documents\sts\driver drowsiness detction hybrid\mouth\yawn\883.jpg,1,Yawn,
C:\Users\dell\OneDrive\Documents\sts\driver drowsiness detction hybrid\mouth\yawn\1612.jpg,1,Yawn,
C:\Users\dell\OneDrive\Documents\sts\driver drowsiness detction hybrid\mouth\yawn\2733.jpg,1,Yawn,
C:\Users\dell\OneDrive\Documents\sts\driver drowsiness detction hybrid\mouth\no yawn\4163.jpg,0,No Yawn,
C:\Users\dell\OneDrive\Documents\sts\driver drowsiness detction hybrid\mouth\no yawn\3950.jpg,0,No Yawn,
C:\Users\dell\OneDrive\Documents\sts\driver drowsiness detction hybrid\mouth\yawn\1896.jpg,1,Yawn,
C:\Users\dell\OneDrive\Documents\sts\driver drowsiness detction hybrid\mouth\yawn\1446.jpg,1,Yawn,
C:\Users\dell\OneDrive\Documents\sts\driver drowsiness detction hybrid\mouth\no yawn\2909.jpg,0,No Yawn,
C:\Users\dell\OneDrive\Documents\sts\driver drowsiness detction hybrid\mouth\no yawn\4358.jpg,0,No Yawn,
C:\Users\dell\OneDrive\Documents\sts\driver drowsiness detction hybrid\mouth\yawn\905.jpg,1,Yawn,
C:\Users\dell\OneDrive\Documents\sts\driver drowsiness detction hybrid\mouth\yawn\1754.jpg,1,Yawn,
C:\Users\dell\OneDrive\Documents\sts\driver drowsiness detction hybrid\mouth\yawn\1586.jpg,1,Yawn,
C:\Users\dell\OneDrive\Documents\sts\driver drowsiness detction hybrid\mouth\yawn\219.jpg,1,Yawn,
C:\Users\dell\OneDrive\Documents\sts\driver drowsiness detction hybrid\mouth\yawn\633.jpg,1,Yawn,
C:\Users\dell\OneDrive\Documents\sts\driver drowsiness detction hybrid\mouth\no yawn\5455.jpg,0,No Yawn,
C:\Users\dell\OneDrive\Documents\sts\driver drowsiness detction hybrid\mouth\no yawn\5061.jpg,0,No Yawn,
C:\Users\dell\OneDrive\Documents\sts\driver drowsiness detction hybrid\mouth\yawn\1952.jpg,1,Yawn,
C:\Users\dell\OneDrive\Documents\sts\driver drowsiness detction hybrid\mouth\no yawn\5284.jpg,0,No Yawn,
C:\Users\dell\OneDrive\Documents\sts\driver drowsiness detction hybrid\mouth\no yawn\4567.jpg,0,No Yawn,
C:\Users\dell\OneDrive\Documents\sts\driver drowsiness detction hybrid\mouth\no yawn\5117.jpg,0,No Yawn,
C:\Users\dell\OneDrive\Documents\sts\driver drowsiness detction hybrid\mouth\no yawn\5075.jpg,0,No Yawn,
C:\Users\dell\OneDrive\Documents\sts\driver drowsiness detction hybrid\mouth\no yawn\3904.jpg,0,No Yawn,
C:\Users\dell\OneDrive\Documents\sts\driver drowsiness detction hybrid\mouth\yawn\884.jpg,1,Yawn,
C:\Users\dell\OneDrive\Documents\sts\driver drowsiness detction hybrid\mouth\no yawn\3861.jpg,0,No Yawn,
C:\Users\dell\OneDrive\Documents\sts\driver drowsiness detction hybrid\mouth\no yawn\4832.jpg,0,No Yawn,
C:\Users\dell\OneDrive\Documents\sts\driver drowsiness detction hybrid\mouth\no yawn\2871.jpg,0,No Yawn,
C:\Users\dell\OneDrive\Documents\sts\driver drowsiness detction hybrid\mouth\yawn\699.jpg,1,Yawn,
C:\Users\dell\OneDrive\Documents\sts\driver drowsiness detction hybrid\mouth\no yawn\3533.jpg,0,No Yawn,
C:\Users\dell\OneDrive\Documents\sts\driver drowsiness detction hybrid\mouth\yawn\1689.jpg,1,Yawn,
C:\Users\dell\OneDrive\Documents\sts\driver drowsiness detction hybrid\mouth\no yawn\3298.jpg,0,No Yawn,
C:\Users\dell\OneDrive\Documents\sts\driver drowsiness detction hybrid\mouth\no yawn\3695.jpg,0,No Yawn,
C:\Users\dell\OneDrive\Documents\sts\driver drowsiness detction hybrid\mouth\yawn\636.jpg,1,Yawn,
C:\Users\dell\OneDrive\Documents\sts\driver drowsiness detction hybrid\mouth\no yawn\5011.jpg,0,No Yawn,
C:\Users\dell\OneDrive\Documents\sts\driver drowsiness detction hybrid\mouth\no yawn\3886.jpg,0,No Yawn,
C:\Users\dell\OneDrive\Documents\sts\driver drowsiness detction hybrid\mouth\yawn\1067.jpg,1,Yawn,
C:\Users\dell\OneDrive\Documents\sts\driver drowsiness detction hybrid\mouth\yawn\452.jpg,1,Yawn,
C:\Users\dell\OneDrive\Documents\sts\driver drowsiness detction hybrid\mouth\no yawn\3853.jpg,0,No Yawn,
C:\Users\dell\OneDrive\Documents\sts\driver drowsiness detction hybrid\mouth\yawn\2584.jpg,1,Yawn,
C:\Users\dell\OneDrive\Documents\sts\driver drowsiness detction hybrid\mouth\no yawn\4465.jpg,0,No Yawn,
C:\Users\dell\OneDrive\Documents\sts\driver drowsiness detction hybrid\mouth\yawn\1149.jpg,1,Yawn,
C:\Users\dell\OneDrive\Documents\sts\driver drowsiness detction hybrid\mouth\yawn\1024.jpg,1,Yawn,
C:\Users\dell\OneDrive\Documents\sts\driver drowsiness detction hybrid\mouth\yawn\85.jpg,1,Yawn,
C:\Users\dell\OneDrive\Documents\sts\driver drowsiness detction hybrid\mouth\yawn\873.jpg,1,Yawn,
C:\Users\dell\OneDrive\Documents\sts\driver drowsiness detction hybrid\mouth\yawn\1418.jpg,1,Yawn,
C:\Users\dell\OneDrive\Documents\sts\driver drowsiness detction hybrid\mouth\yawn\1229.jpg,1,Yawn,
C:\Users\dell\OneDrive\Documents\sts\driver drowsiness detction hybrid\mouth\no yawn\4334.jpg,0,No Yawn,
C:\Users\dell\OneDrive\Documents\sts\driver drowsiness detction hybrid\mouth\yawn\128.jpg,1,Yawn,
C:\Users\dell\OneDrive\Documents\sts\driver drowsiness detction hybrid\mouth\yawn\2645.jpg,1,Yawn,
C:\Users\dell\OneDrive\Documents\sts\driver drowsiness detction hybrid\mouth\no yawn\5232.jpg,0,No Yawn,
C:\Users\dell\OneDrive\Documents\sts\driver drowsiness detction hybrid\mouth\no yawn\4133.jpg,0,No Yawn,
C:\Users\dell\OneDrive\Documents\sts\driver drowsiness detction hybrid\mouth\no yawn\3768.jpg,0,No Yawn,
C:\Users\dell\OneDrive\Documents\sts\driver drowsiness detction hybrid\mouth\no yawn\4316.jpg,0,No Yawn,
C:\Users\dell\OneDrive\Documents\sts\driver drowsiness detction hybrid\mouth\yawn\2019.jpg,1,Yawn,
C:\Users\dell\OneDrive\Documents\sts\driver drowsiness detction hybrid\mouth\no yawn\3129.jpg,0,No Yawn,
C:\Users\dell\OneDrive\Documents\sts\driver drowsiness detction hybrid\mouth\yawn\2719.jpg,1,Yawn,
C:\Users\dell\OneDrive\Documents\sts\driver drowsiness detction hybrid\mouth\yawn\748.jpg,1,Yawn,
C:\Users\dell\OneDrive\Documents\sts\driver drowsiness detction hybrid\mouth\no yawn\3398.jpg,0,No Yawn,
C:\Users\dell\OneDrive\Documents\sts\driver drowsiness detction hybrid\mouth\yawn\1650.jpg,1,Yawn,
C:\Users\dell\OneDrive\Documents\sts\driver drowsiness detction hybrid\mouth\no yawn\4483.jpg,0,No Yawn,
C:\Users\dell\OneDrive\Documents\sts\driver drowsiness detction hybrid\mouth\yawn\2060.jpg,1,Yawn,
C:\Users\dell\OneDrive\Documents\sts\driver drowsiness detction hybrid\mouth\yawn\458.jpg,1,Yawn,
C:\Users\dell\OneDrive\Documents\sts\driver drowsiness detction hybrid\mouth\no yawn\2975.jpg,0,No Yawn,
C:\Users\dell\OneDrive\Documents\sts\driver drowsiness detction hybrid\mouth\yawn\2639.jpg,1,Yawn,
C:\Users\dell\OneDrive\Documents\sts\driver drowsiness detction hybrid\mouth\no yawn\3464.jpg,0,No Yawn,
C:\Users\dell\OneDrive\Documents\sts\driver drowsiness detction hybrid\mouth\no yawn\3082.jpg,0,No Yawn,
C:\Users\dell\OneDrive\Documents\sts\driver drowsiness detction hybrid\mouth\no yawn\4302.jpg,0,No Yawn,
C:\Users\dell\OneDrive\Documents\sts\driver drowsiness detction hybrid\mouth\no yawn\3586.jpg,0,No Yawn,
C:\Users\dell\OneDrive\Documents\sts\driver drowsiness detction hybrid\mouth\yawn\1820.jpg,1,Yawn,
C:\Users\dell\OneDrive\Documents\sts\driver drowsiness detction hybrid\mouth\yawn\224.jpg,1,Yawn,
C:\Users\dell\OneDrive\Documents\sts\driver drowsiness detction hybrid\mouth\yawn\926.jpg,1,Yawn,
C:\Users\dell\OneDrive\Documents\sts\driver drowsiness detction hybrid\mouth\no yawn\4524.jpg,0,No Yawn,
C:\Users\dell\OneDrive\Documents\sts\driver drowsiness detction hybrid\mouth\no yawn\3079.jpg,0,No Yawn,
C:\Users\dell\OneDrive\Documents\sts\driver drowsiness detction hybrid\mouth\no yawn\5525.jpg,0,No Yawn,
C:\Users\dell\OneDrive\Documents\sts\driver drowsiness detction hybrid\mouth\yawn\1357.jpg,1,Yawn,
C:\Users\dell\OneDrive\Documents\sts\driver drowsiness detction hybrid\mouth\no yawn\4091.jpg,0,No Yawn,
C:\Users\dell\OneDrive\Documents\sts\driver drowsiness detction hybrid\mouth\no yawn\4396.jpg,0,No Yawn,
C:\Users\dell\OneDrive\Documents\sts\driver drowsiness detction hybrid\mouth\yawn\1112.jpg,1,Yawn,
C:\Users\dell\OneDrive\Documents\sts\driver drowsiness detction hybrid\mouth\yawn\353.jpg,1,Yawn,
C:\Users\dell\OneDrive\Documents\sts\driver drowsiness detction hybrid\mouth\yawn\1643.jpg,1,Yawn,
C:\Users\dell\OneDrive\Documents\sts\driver drowsiness detction hybrid\mouth\no yawn\3074.jpg,0,No Yawn,
C:\Users\dell\OneDrive\Documents\sts\driver drowsiness detction hybrid\mouth\no yawn\4359.jpg,0,No Yawn,
C:\Users\dell\OneDrive\Documents\sts\driver drowsiness detction hybrid\mouth\yawn\1541.jpg,1,Yawn,
C:\Users\dell\OneDrive\Documents\sts\driver drowsiness detction hybrid\mouth\no yawn\5253.jpg,0,No Yawn,
C:\Users\dell\OneDrive\Documents\sts\driver drowsiness detction hybrid\mouth\no yawn\3852.jpg,0,No Yawn,
C:\Users\dell\OneDrive\Documents\sts\driver drowsiness detction hybrid\mouth\yawn\1816.jpg,1,Yawn,
C:\Users\dell\OneDrive\Documents\sts\driver drowsiness detction hybrid\mouth\no yawn\4032.jpg,0,No Yawn,
C:\Users\dell\OneDrive\Documents\sts\driver drowsiness detction hybrid\mouth\yawn\78.jpg,1,Yawn,
C:\Users\dell\OneDrive\Documents\sts\driver drowsiness detction hybrid\mouth\no yawn\5451.jpg,0,No Yawn,
C:\Users\dell\OneDrive\Documents\sts\driver drowsiness detction hybrid\mouth\yawn\803.jpg,1,Yawn,
C:\Users\dell\OneDrive\Documents\sts\driver drowsiness detction hybrid\mouth\yawn\2603.jpg,1,Yawn,
C:\Users\dell\OneDrive\Documents\sts\driver drowsiness detction hybrid\mouth\no yawn\3781.jpg,0,No Yawn,
C:\Users\dell\OneDrive\Documents\sts\driver drowsiness detction hybrid\mouth\yawn\927.jpg,1,Yawn,
C:\Users\dell\OneDrive\Documents\sts\driver drowsiness detction hybrid\mouth\no yawn\4641.jpg,0,No Yawn,
C:\Users\dell\OneDrive\Documents\sts\driver drowsiness detction hybrid\mouth\yawn\2660.jpg,1,Yawn,
C:\Users\dell\OneDrive\Documents\sts\driver drowsiness detction hybrid\mouth\yawn\1292.jpg,1,Yawn,
C:\Users\dell\OneDrive\Documents\sts\driver drowsiness detction hybrid\mouth\no yawn\4172.jpg,0,No Yawn,
C:\Users\dell\OneDrive\Documents\sts\driver drowsiness detction hybrid\mouth\yawn\2502.jpg,1,Yawn,
C:\Users\dell\OneDrive\Documents\sts\driver drowsiness detction hybrid\mouth\no yawn\4999.jpg,0,No Yawn,
C:\Users\dell\OneDrive\Documents\sts\driver drowsiness detction hybrid\mouth\no yawn\4114.jpg,0,No Yawn,
C:\Users\dell\OneDrive\Documents\sts\driver drowsiness detction hybrid\mouth\yawn\781.jpg,1,Yawn,
C:\Users\dell\OneDrive\Documents\sts\driver drowsiness detction hybrid\mouth\yawn\988.jpg,1,Yawn,
C:\Users\dell\OneDrive\Documents\sts\driver drowsiness detction hybrid\mouth\yawn\2694.jpg,1,Yawn,
C:\Users\dell\OneDrive\Documents\sts\driver drowsiness detction hybrid\mouth\yawn\1848.jpg,1,Yawn,
C:\Users\dell\OneDrive\Documents\sts\driver drowsiness detction hybrid\mouth\no yawn\3473.jpg,0,No Yawn,
C:\Users\dell\OneDrive\Documents\sts\driver drowsiness detction hybrid\mouth\yawn\1344.jpg,1,Yawn,
C:\Users\dell\OneDrive\Documents\sts\driver drowsiness detction hybrid\mouth\no yawn\3629.jpg,0,No Yawn,
C:\Users\dell\OneDrive\Documents\sts\driver drowsiness detction hybrid\mouth\no yawn\4656.jpg,0,No Yawn,
C:\Users\dell\OneDrive\Documents\sts\driver drowsiness detction hybrid\mouth\yawn\695.jpg,1,Yawn,
C:\Users\dell\OneDrive\Documents\sts\driver drowsiness detction hybrid\mouth\no yawn\3126.jpg,0,No Yawn,
C:\Users\dell\OneDrive\Documents\sts\driver drowsiness detction hybrid\mouth\yawn\37.jpg,1,Yawn,
C:\Users\dell\OneDrive\Documents\sts\driver drowsiness detction hybrid\mouth\no yawn\3364.jpg,0,No Yawn,
C:\Users\dell\OneDrive\Documents\sts\driver drowsiness detction hybrid\mouth\yawn\184.jpg,1,Yawn,
C:\Users\dell\OneDrive\Documents\sts\driver drowsiness detction hybrid\mouth\no yawn\3570.jpg,0,No Yawn,
C:\Users\dell\OneDrive\Documents\sts\driver drowsiness detction hybrid\mouth\no yawn\5361.jpg,0,No Yawn,
C:\Users\dell\OneDrive\Documents\sts\driver drowsiness detction hybrid\mouth\no yawn\5051.jpg,0,No Yawn,
C:\Users\dell\OneDrive\Documents\sts\driver drowsiness detction hybrid\mouth\no yawn\2820.jpg,0,No Yawn,
C:\Users\dell\OneDrive\Documents\sts\driver drowsiness detction hybrid\mouth\no yawn\5397.jpg,0,No Yawn,
C:\Users\dell\OneDrive\Documents\sts\driver drowsiness detction hybrid\mouth\no yawn\4360.jpg,0,No Yawn,
C:\Users\dell\OneDrive\Documents\sts\driver drowsiness detction hybrid\mouth\yawn\2297.jpg,1,Yawn,
C:\Users\dell\OneDrive\Documents\sts\driver drowsiness detction hybrid\mouth\no yawn\3587.jpg,0,No Yawn,
C:\Users\dell\OneDrive\Documents\sts\driver drowsiness detction hybrid\mouth\yawn\904.jpg,1,Yawn,
C:\Users\dell\OneDrive\Documents\sts\driver drowsiness detction hybrid\mouth\no yawn\3108.jpg,0,No Yawn,
C:\Users\dell\OneDrive\Documents\sts\driver drowsiness detction hybrid\mouth\yawn\2753.jpg,1,Yawn,
C:\Users\dell\OneDrive\Documents\sts\driver drowsiness detction hybrid\mouth\yawn\515.jpg,1,Yawn,
C:\Users\dell\OneDrive\Documents\sts\driver drowsiness detction hybrid\mouth\yawn\2440.jpg,1,Yawn,
C:\Users\dell\OneDrive\Documents\sts\driver drowsiness detction hybrid\mouth\no yawn\5499.jpg,0,No Yawn,
C:\Users\dell\OneDrive\Documents\sts\driver drowsiness detction hybrid\mouth\yawn\2327.jpg,1,Yawn,
C:\Users\dell\OneDrive\Documents\sts\driver drowsiness detction hybrid\mouth\yawn\550.jpg,1,Yawn,
C:\Users\dell\OneDrive\Documents\sts\driver drowsiness detction hybrid\mouth\no yawn\3826.jpg,0,No Yawn,
C:\Users\dell\OneDrive\Documents\sts\driver drowsiness detction hybrid\mouth\yawn\1013.jpg,1,Yawn,
C:\Users\dell\OneDrive\Documents\sts\driver drowsiness detction hybrid\mouth\yawn\2713.jpg,1,Yawn,
C:\Users\dell\OneDrive\Documents\sts\driver drowsiness detction hybrid\mouth\yawn\2408.jpg,1,Yawn,
C:\Users\dell\OneDrive\Documents\sts\driver drowsiness detction hybrid\mouth\no yawn\3189.jpg,0,No Yawn,
C:\Users\dell\OneDrive\Documents\sts\driver drowsiness detction hybrid\mouth\no yawn\4652.jpg,0,No Yawn,
C:\Users\dell\OneDrive\Documents\sts\driver drowsiness detction hybrid\mouth\no yawn\2977.jpg,0,No Yawn,
C:\Users\dell\OneDrive\Documents\sts\driver drowsiness detction hybrid\mouth\no yawn\5465.jpg,0,No Yawn,
C:\Users\dell\OneDrive\Documents\sts\driver drowsiness detction hybrid\mouth\no yawn\4365.jpg,0,No Yawn,
C:\Users\dell\OneDrive\Documents\sts\driver drowsiness detction hybrid\mouth\yawn\1340.jpg,1,Yawn,
C:\Users\dell\OneDrive\Documents\sts\driver drowsiness detction hybrid\mouth\yawn\1628.jpg,1,Yawn,
C:\Users\dell\OneDrive\Documents\sts\driver drowsiness detction hybrid\mouth\no yawn\4658.jpg,0,No Yawn,
C:\Users\dell\OneDrive\Documents\sts\driver drowsiness detction hybrid\mouth\no yawn\3910.jpg,0,No Yawn,
C:\Users\dell\OneDrive\Documents\sts\driver drowsiness detction hybrid\mouth\no yawn\2808.jpg,0,No Yawn,
C:\Users\dell\OneDrive\Documents\sts\driver drowsiness detction hybrid\mouth\yawn\244.jpg,1,Yawn,
C:\Users\dell\OneDrive\Documents\sts\driver drowsiness detction hybrid\mouth\yawn\1487.jpg,1,Yawn,
C:\Users\dell\OneDrive\Documents\sts\driver drowsiness detction hybrid\mouth\yawn\572.jpg,1,Yawn,
C:\Users\dell\OneDrive\Documents\sts\driver drowsiness detction hybrid\mouth\yawn\2031.jpg,1,Yawn,
C:\Users\dell\OneDrive\Documents\sts\driver drowsiness detction hybrid\mouth\no yawn\3310.jpg,0,No Yawn,
C:\Users\dell\OneDrive\Documents\sts\driver drowsiness detction hybrid\mouth\yawn\62.jpg,1,Yawn,
C:\Users\dell\OneDrive\Documents\sts\driver drowsiness detction hybrid\mouth\yawn\2224.jpg,1,Yawn,
C:\Users\dell\OneDrive\Documents\sts\driver drowsiness detction hybrid\mouth\no yawn\3170.jpg,0,No Yawn,
C:\Users\dell\OneDrive\Documents\sts\driver drowsiness detction hybrid\mouth\yawn\2041.jpg,1,Yawn,
C:\Users\dell\OneDrive\Documents\sts\driver drowsiness detction hybrid\mouth\no yawn\5256.jpg,0,No Yawn,
C:\Users\dell\OneDrive\Documents\sts\driver drowsiness detction hybrid\mouth\yawn\1337.jpg,1,Yawn,
C:\Users\dell\OneDrive\Documents\sts\driver drowsiness detction hybrid\mouth\no yawn\3858.jpg,0,No Yawn,
C:\Users\dell\OneDrive\Documents\sts\driver drowsiness detction hybrid\mouth\yawn\2161.jpg,1,Yawn,
C:\Users\dell\OneDrive\Documents\sts\driver drowsiness detction hybrid\mouth\no yawn\3405.jpg,0,No Yawn,
C:\Users\dell\OneDrive\Documents\sts\driver drowsiness detction hybrid\mouth\no yawn\4014.jpg,0,No Yawn,
C:\Users\dell\OneDrive\Documents\sts\driver drowsiness detction hybrid\mouth\yawn\2616.jpg,1,Yawn,
C:\Users\dell\OneDrive\Documents\sts\driver drowsiness detction hybrid\mouth\yawn\1605.jpg,1,Yawn,
C:\Users\dell\OneDrive\Documents\sts\driver drowsiness detction hybrid\mouth\yawn\2230.jpg,1,Yawn,
C:\Users\dell\OneDrive\Documents\sts\driver drowsiness detction hybrid\mouth\yawn\1730.jpg,1,Yawn,
C:\Users\dell\OneDrive\Documents\sts\driver drowsiness detction hybrid\mouth\yawn\299.jpg,1,Yawn,
C:\Users\dell\OneDrive\Documents\sts\driver drowsiness detction hybrid\mouth\no yawn\3712.jpg,0,No Yawn,
C:\Users\dell\OneDrive\Documents\sts\driver drowsiness detction hybrid\mouth\yawn\1456.jpg,1,Yawn,
C:\Users\dell\OneDrive\Documents\sts\driver drowsiness detction hybrid\mouth\no yawn\4601.jpg,0,No Yawn,
C:\Users\dell\OneDrive\Documents\sts\driver drowsiness detction hybrid\mouth\no yawn\3808.jpg,0,No Yawn,
C:\Users\dell\OneDrive\Documents\sts\driver drowsiness detction hybrid\mouth\no yawn\3680.jpg,0,No Yawn,
C:\Users\dell\OneDrive\Documents\sts\driver drowsiness detction hybrid\mouth\yawn\1989.jpg,1,Yawn,
C:\Users\dell\OneDrive\Documents\sts\driver drowsiness detction hybrid\mouth\no yawn\4561.jpg,0,No Yawn,
C:\Users\dell\OneDrive\Documents\sts\driver drowsiness detction hybrid\mouth\yawn\2040.jpg,1,Yawn,
C:\Users\dell\OneDrive\Documents\sts\driver drowsiness detction hybrid\mouth\no yawn\4432.jpg,0,No Yawn,
C:\Users\dell\OneDrive\Documents\sts\driver drowsiness detction hybrid\mouth\yawn\2377.jpg,1,Yawn,
C:\Users\dell\OneDrive\Documents\sts\driver drowsiness detction hybrid\mouth\yawn\2064.jpg,1,Yawn,
C:\Users\dell\OneDrive\Documents\sts\driver drowsiness detction hybrid\mouth\yawn\2170.jpg,1,Yawn,
C:\Users\dell\OneDrive\Documents\sts\driver drowsiness detction hybrid\mouth\yawn\1888.jpg,1,Yawn,
C:\Users\dell\OneDrive\Documents\sts\driver drowsiness detction hybrid\mouth\no yawn\3341.jpg,0,No Yawn,
C:\Users\dell\OneDrive\Documents\sts\driver drowsiness detction hybrid\mouth\yawn\1653.jpg,1,Yawn,
C:\Users\dell\OneDrive\Documents\sts\driver drowsiness detction hybrid\mouth\no yawn\5250.jpg,0,No Yawn,
C:\Users\dell\OneDrive\Documents\sts\driver drowsiness detction hybrid\mouth\yawn\1452.jpg,1,Yawn,
C:\Users\dell\OneDrive\Documents\sts\driver drowsiness detction hybrid\mouth\yawn\2730.jpg,1,Yawn,
C:\Users\dell\OneDrive\Documents\sts\driver drowsiness detction hybrid\mouth\yawn\1003.jpg,1,Yawn,
C:\Users\dell\OneDrive\Documents\sts\driver drowsiness detction hybrid\mouth\yawn\700.jpg,1,Yawn,
C:\Users\dell\OneDrive\Documents\sts\driver drowsiness detction hybrid\mouth\no yawn\4965.jpg,0,No Yawn,
C:\Users\dell\OneDrive\Documents\sts\driver drowsiness detction hybrid\mouth\yawn\47.jpg,1,Yawn,
C:\Users\dell\OneDrive\Documents\sts\driver drowsiness detction hybrid\mouth\no yawn\4804.jpg,0,No Yawn,
C:\Users\dell\OneDrive\Documents\sts\driver drowsiness detction hybrid\mouth\yawn\150.jpg,1,Yawn,
C:\Users\dell\OneDrive\Documents\sts\driver drowsiness detction hybrid\mouth\yawn\1280.jpg,1,Yawn,
C:\Users\dell\OneDrive\Documents\sts\driver drowsiness detction hybrid\mouth\yawn\1823.jpg,1,Yawn,
C:\Users\dell\OneDrive\Documents\sts\driver drowsiness detction hybrid\mouth\no yawn\2868.jpg,0,No Yawn,
C:\Users\dell\OneDrive\Documents\sts\driver drowsiness detction hybrid\mouth\yawn\1562.jpg,1,Yawn,
C:\Users\dell\OneDrive\Documents\sts\driver drowsiness detction hybrid\mouth\yawn\841.jpg,1,Yawn,
C:\Users\dell\OneDrive\Documents\sts\driver drowsiness detction hybrid\mouth\yawn\1765.jpg,1,Yawn,
C:\Users\dell\OneDrive\Documents\sts\driver drowsiness detction hybrid\mouth\yawn\1343.jpg,1,Yawn,
C:\Users\dell\OneDrive\Documents\sts\driver drowsiness detction hybrid\mouth\yawn\662.jpg,1,Yawn,
C:\Users\dell\OneDrive\Documents\sts\driver drowsiness detction hybrid\mouth\yawn\1907.jpg,1,Yawn,
C:\Users\dell\OneDrive\Documents\sts\driver drowsiness detction hybrid\mouth\no yawn\3338.jpg,0,No Yawn,
C:\Users\dell\OneDrive\Documents\sts\driver drowsiness detction hybrid\mouth\no yawn\4203.jpg,0,No Yawn,
C:\Users\dell\OneDrive\Documents\sts\driver drowsiness detction hybrid\mouth\no yawn\5494.jpg,0,No Yawn,
C:\Users\dell\OneDrive\Documents\sts\driver drowsiness detction hybrid\mouth\no yawn\3125.jpg,0,No Yawn,
C:\Users\dell\OneDrive\Documents\sts\driver drowsiness detction hybrid\mouth\no yawn\3706.jpg,0,No Yawn,
C:\Users\dell\OneDrive\Documents\sts\driver drowsiness detction hybrid\mouth\yawn\2464.jpg,1,Yawn,
C:\Users\dell\OneDrive\Documents\sts\driver drowsiness detction hybrid\mouth\yawn\1644.jpg,1,Yawn,
C:\Users\dell\OneDrive\Documents\sts\driver drowsiness detction hybrid\mouth\no yawn\2827.jpg,0,No Yawn,
C:\Users\dell\OneDrive\Documents\sts\driver drowsiness detction hybrid\mouth\no yawn\2999.jpg,0,No Yawn,
C:\Users\dell\OneDrive\Documents\sts\driver drowsiness detction hybrid\mouth\no yawn\3624.jpg,0,No Yawn,
C:\Users\dell\OneDrive\Documents\sts\driver drowsiness detction hybrid\mouth\no yawn\4243.jpg,0,No Yawn,
C:\Users\dell\OneDrive\Documents\sts\driver drowsiness detction hybrid\mouth\no yawn\3145.jpg,0,No Yawn,
C:\Users\dell\OneDrive\Documents\sts\driver drowsiness detction hybrid\mouth\no yawn\4487.jpg,0,No Yawn,
C:\Users\dell\OneDrive\Documents\sts\driver drowsiness detction hybrid\mouth\yawn\2153.jpg,1,Yawn,
C:\Users\dell\OneDrive\Documents\sts\driver drowsiness detction hybrid\mouth\no yawn\4025.jpg,0,No Yawn,
C:\Users\dell\OneDrive\Documents\sts\driver drowsiness detction hybrid\mouth\no yawn\4300.jpg,0,No Yawn,
C:\Users\dell\OneDrive\Documents\sts\driver drowsiness detction hybrid\mouth\no yawn\5230.jpg,0,No Yawn,
C:\Users\dell\OneDrive\Documents\sts\driver drowsiness detction hybrid\mouth\no yawn\4908.jpg,0,No Yawn,
C:\Users\dell\OneDrive\Documents\sts\driver drowsiness detction hybrid\mouth\yawn\1349.jpg,1,Yawn,
C:\Users\dell\OneDrive\Documents\sts\driver drowsiness detction hybrid\mouth\no yawn\5267.jpg,0,No Yawn,
C:\Users\dell\OneDrive\Documents\sts\driver drowsiness detction hybrid\mouth\yawn\2419.jpg,1,Yawn,
C:\Users\dell\OneDrive\Documents\sts\driver drowsiness detction hybrid\mouth\yawn\1419.jpg,1,Yawn,
C:\Users\dell\OneDrive\Documents\sts\driver drowsiness detction hybrid\mouth\yawn\1564.jpg,1,Yawn,
C:\Users\dell\OneDrive\Documents\sts\driver drowsiness detction hybrid\mouth\yawn\162.jpg,1,Yawn,
C:\Users\dell\OneDrive\Documents\sts\driver drowsiness detction hybrid\mouth\yawn\2276.jpg,1,Yawn,
C:\Users\dell\OneDrive\Documents\sts\driver drowsiness detction hybrid\mouth\yawn\2329.jpg,1,Yawn,
C:\Users\dell\OneDrive\Documents\sts\driver drowsiness detction hybrid\mouth\no yawn\4234.jpg,0,No Yawn,
C:\Users\dell\OneDrive\Documents\sts\driver drowsiness detction hybrid\mouth\yawn\531.jpg,1,Yawn,
C:\Users\dell\OneDrive\Documents\sts\driver drowsiness detction hybrid\mouth\no yawn\4290.jpg,0,No Yawn,
C:\Users\dell\OneDrive\Documents\sts\driver drowsiness detction hybrid\mouth\yawn\1724.jpg,1,Yawn,
C:\Users\dell\OneDrive\Documents\sts\driver drowsiness detction hybrid\mouth\yawn\1026.jpg,1,Yawn,
C:\Users\dell\OneDrive\Documents\sts\driver drowsiness detction hybrid\mouth\no yawn\3322.jpg,0,No Yawn,
C:\Users\dell\OneDrive\Documents\sts\driver drowsiness detction hybrid\mouth\yawn\607.jpg,1,Yawn,
C:\Users\dell\OneDrive\Documents\sts\driver drowsiness detction hybrid\mouth\yawn\1941.jpg,1,Yawn,
C:\Users\dell\OneDrive\Documents\sts\driver drowsiness detction hybrid\mouth\no yawn\3018.jpg,0,No Yawn,
C:\Users\dell\OneDrive\Documents\sts\driver drowsiness detction hybrid\mouth\yawn\214.jpg,1,Yawn,
C:\Users\dell\OneDrive\Documents\sts\driver drowsiness detction hybrid\mouth\yawn\2647.jpg,1,Yawn,
C:\Users\dell\OneDrive\Documents\sts\driver drowsiness detction hybrid\mouth\no yawn\3597.jpg,0,No Yawn,
C:\Users\dell\OneDrive\Documents\sts\driver drowsiness detction hybrid\mouth\yawn\2672.jpg,1,Yawn,
C:\Users\dell\OneDrive\Documents\sts\driver drowsiness detction hybrid\mouth\no yawn\3608.jpg,0,No Yawn,
C:\Users\dell\OneDrive\Documents\sts\driver drowsiness detction hybrid\mouth\yawn\402.jpg,1,Yawn,
C:\Users\dell\OneDrive\Documents\sts\driver drowsiness detction hybrid\mouth\yawn\1404.jpg,1,Yawn,
C:\Users\dell\OneDrive\Documents\sts\driver drowsiness detction hybrid\mouth\no yawn\4291.jpg,0,No Yawn,
C:\Users\dell\OneDrive\Documents\sts\driver drowsiness detction hybrid\mouth\no yawn\3504.jpg,0,No Yawn,
C:\Users\dell\OneDrive\Documents\sts\driver drowsiness detction hybrid\mouth\yawn\2490.jpg,1,Yawn,
C:\Users\dell\OneDrive\Documents\sts\driver drowsiness detction hybrid\mouth\no yawn\4331.jpg,0,No Yawn,
C:\Users\dell\OneDrive\Documents\sts\driver drowsiness detction hybrid\mouth\no yawn\5354.jpg,0,No Yawn,
C:\Users\dell\OneDrive\Documents\sts\driver drowsiness detction hybrid\mouth\yawn\1064.jpg,1,Yawn,
C:\Users\dell\OneDrive\Documents\sts\driver drowsiness detction hybrid\mouth\yawn\368.jpg,1,Yawn,
C:\Users\dell\OneDrive\Documents\sts\driver drowsiness detction hybrid\mouth\yawn\2231.jpg,1,Yawn,
C:\Users\dell\OneDrive\Documents\sts\driver drowsiness detction hybrid\mouth\no yawn\4797.jpg,0,No Yawn,
C:\Users\dell\OneDrive\Documents\sts\driver drowsiness detction hybrid\mouth\yawn\386.jpg,1,Yawn,
C:\Users\dell\OneDrive\Documents\sts\driver drowsiness detction hybrid\mouth\no yawn\3095.jpg,0,No Yawn,
C:\Users\dell\OneDrive\Documents\sts\driver drowsiness detction hybrid\mouth\no yawn\4831.jpg,0,No Yawn,
C:\Users\dell\OneDrive\Documents\sts\driver drowsiness detction hybrid\mouth\yawn\785.jpg,1,Yawn,
C:\Users\dell\OneDrive\Documents\sts\driver drowsiness detction hybrid\mouth\no yawn\3250.jpg,0,No Yawn,
C:\Users\dell\OneDrive\Documents\sts\driver drowsiness detction hybrid\mouth\yawn\131.jpg,1,Yawn,
C:\Users\dell\OneDrive\Documents\sts\driver drowsiness detction hybrid\mouth\yawn\260.jpg,1,Yawn,
C:\Users\dell\OneDrive\Documents\sts\driver drowsiness detction hybrid\mouth\yawn\2146.jpg,1,Yawn,
C:\Users\dell\OneDrive\Documents\sts\driver drowsiness detction hybrid\mouth\no yawn\5260.jpg,0,No Yawn,
C:\Users\dell\OneDrive\Documents\sts\driver drowsiness detction hybrid\mouth\no yawn\3359.jpg,0,No Yawn,
C:\Users\dell\OneDrive\Documents\sts\driver drowsiness detction hybrid\mouth\no yawn\4748.jpg,0,No Yawn,
C:\Users\dell\OneDrive\Documents\sts\driver drowsiness detction hybrid\mouth\no yawn\4382.jpg,0,No Yawn,
C:\Users\dell\OneDrive\Documents\sts\driver drowsiness detction hybrid\mouth\yawn\1085.jpg,1,Yawn,
C:\Users\dell\OneDrive\Documents\sts\driver drowsiness detction hybrid\mouth\no yawn\5503.jpg,0,No Yawn,
C:\Users\dell\OneDrive\Documents\sts\driver drowsiness detction hybrid\mouth\no yawn\2874.jpg,0,No Yawn,
C:\Users\dell\OneDrive\Documents\sts\driver drowsiness detction hybrid\mouth\yawn\1293.jpg,1,Yawn,
C:\Users\dell\OneDrive\Documents\sts\driver drowsiness detction hybrid\mouth\no yawn\3580.jpg,0,No Yawn,
C:\Users\dell\OneDrive\Documents\sts\driver drowsiness detction hybrid\mouth\yawn\862.jpg,1,Yawn,
C:\Users\dell\OneDrive\Documents\sts\driver drowsiness detction hybrid\mouth\no yawn\5207.jpg,0,No Yawn,
C:\Users\dell\OneDrive\Documents\sts\driver drowsiness detction hybrid\mouth\no yawn\3523.jpg,0,No Yawn,
C:\Users\dell\OneDrive\Documents\sts\driver drowsiness detction hybrid\mouth\no yawn\3551.jpg,0,No Yawn,
C:\Users\dell\OneDrive\Documents\sts\driver drowsiness detction hybrid\mouth\no yawn\5090.jpg,0,No Yawn,
C:\Users\dell\OneDrive\Documents\sts\driver drowsiness detction hybrid\mouth\yawn\316.jpg,1,Yawn,
C:\Users\dell\OneDrive\Documents\sts\driver drowsiness detction hybrid\mouth\no yawn\4941.jpg,0,No Yawn,
C:\Users\dell\OneDrive\Documents\sts\driver drowsiness detction hybrid\mouth\yawn\1770.jpg,1,Yawn,
C:\Users\dell\OneDrive\Documents\sts\driver drowsiness detction hybrid\mouth\no yawn\4845.jpg,0,No Yawn,
C:\Users\dell\OneDrive\Documents\sts\driver drowsiness detction hybrid\mouth\yawn\943.jpg,1,Yawn,
C:\Users\dell\OneDrive\Documents\sts\driver drowsiness detction hybrid\mouth\yawn\1333.jpg,1,Yawn,
C:\Users\dell\OneDrive\Documents\sts\driver drowsiness detction hybrid\mouth\no yawn\4003.jpg,0,No Yawn,
C:\Users\dell\OneDrive\Documents\sts\driver drowsiness detction hybrid\mouth\no yawn\4375.jpg,0,No Yawn,
C:\Users\dell\OneDrive\Documents\sts\driver drowsiness detction hybrid\mouth\yawn\1009.jpg,1,Yawn,
C:\Users\dell\OneDrive\Documents\sts\driver drowsiness detction hybrid\mouth\no yawn\3350.jpg,0,No Yawn,
C:\Users\dell\OneDrive\Documents\sts\driver drowsiness detction hybrid\mouth\yawn\2539.jpg,1,Yawn,
C:\Users\dell\OneDrive\Documents\sts\driver drowsiness detction hybrid\mouth\no yawn\5213.jpg,0,No Yawn,
C:\Users\dell\OneDrive\Documents\sts\driver drowsiness detction hybrid\mouth\no yawn\3965.jpg,0,No Yawn,
C:\Users\dell\OneDrive\Documents\sts\driver drowsiness detction hybrid\mouth\yawn\2379.jpg,1,Yawn,
C:\Users\dell\OneDrive\Documents\sts\driver drowsiness detction hybrid\mouth\yawn\857.jpg,1,Yawn,
C:\Users\dell\OneDrive\Documents\sts\driver drowsiness detction hybrid\mouth\no yawn\4289.jpg,0,No Yawn,
C:\Users\dell\OneDrive\Documents\sts\driver drowsiness detction hybrid\mouth\no yawn\5442.jpg,0,No Yawn,
C:\Users\dell\OneDrive\Documents\sts\driver drowsiness detction hybrid\mouth\no yawn\5221.jpg,0,No Yawn,
C:\Users\dell\OneDrive\Documents\sts\driver drowsiness detction hybrid\mouth\yawn\1222.jpg,1,Yawn,
C:\Users\dell\OneDrive\Documents\sts\driver drowsiness detction hybrid\mouth\no yawn\3333.jpg,0,No Yawn,
C:\Users\dell\OneDrive\Documents\sts\driver drowsiness detction hybrid\mouth\no yawn\2886.jpg,0,No Yawn,
C:\Users\dell\OneDrive\Documents\sts\driver drowsiness detction hybrid\mouth\yawn\598.jpg,1,Yawn,
C:\Users\dell\OneDrive\Documents\sts\driver drowsiness detction hybrid\mouth\yawn\616.jpg,1,Yawn,
C:\Users\dell\OneDrive\Documents\sts\driver drowsiness detction hybrid\mouth\no yawn\4914.jpg,0,No Yawn,
C:\Users\dell\OneDrive\Documents\sts\driver drowsiness detction hybrid\mouth\no yawn\4646.jpg,0,No Yawn,
C:\Users\dell\OneDrive\Documents\sts\driver drowsiness detction hybrid\mouth\yawn\2385.jpg,1,Yawn,
C:\Users\dell\OneDrive\Documents\sts\driver drowsiness detction hybrid\mouth\yawn\1219.jpg,1,Yawn,
C:\Users\dell\OneDrive\Documents\sts\driver drowsiness detction hybrid\mouth\yawn\729.jpg,1,Yawn,
C:\Users\dell\OneDrive\Documents\sts\driver drowsiness detction hybrid\mouth\no yawn\4198.jpg,0,No Yawn,
C:\Users\dell\OneDrive\Documents\sts\driver drowsiness detction hybrid\mouth\yawn\2248.jpg,1,Yawn,
C:\Users\dell\OneDrive\Documents\sts\driver drowsiness detction hybrid\mouth\yawn\1783.jpg,1,Yawn,
C:\Users\dell\OneDrive\Documents\sts\driver drowsiness detction hybrid\mouth\no yawn\5418.jpg,0,No Yawn,
C:\Users\dell\OneDrive\Documents\sts\driver drowsiness detction hybrid\mouth\no yawn\4008.jpg,0,No Yawn,
C:\Users\dell\OneDrive\Documents\sts\driver drowsiness detction hybrid\mouth\no yawn\3874.jpg,0,No Yawn,
C:\Users\dell\OneDrive\Documents\sts\driver drowsiness detction hybrid\mouth\no yawn\4713.jpg,0,No Yawn,
C:\Users\dell\OneDrive\Documents\sts\driver drowsiness detction hybrid\mouth\yawn\35.jpg,1,Yawn,
C:\Users\dell\OneDrive\Documents\sts\driver drowsiness detction hybrid\mouth\no yawn\3750.jpg,0,No Yawn,
C:\Users\dell\OneDrive\Documents\sts\driver drowsiness detction hybrid\mouth\no yawn\5116.jpg,0,No Yawn,
C:\Users\dell\OneDrive\Documents\sts\driver drowsiness detction hybrid\mouth\no yawn\2962.jpg,0,No Yawn,
C:\Users\dell\OneDrive\Documents\sts\driver drowsiness detction hybrid\mouth\no yawn\4638.jpg,0,No Yawn,
C:\Users\dell\OneDrive\Documents\sts\driver drowsiness detction hybrid\mouth\no yawn\3248.jpg,0,No Yawn,
C:\Users\dell\OneDrive\Documents\sts\driver drowsiness detction hybrid\mouth\no yawn\3192.jpg,0,No Yawn,
C:\Users\dell\OneDrive\Documents\sts\driver drowsiness detction hybrid\mouth\yawn\2126.jpg,1,Yawn,
C:\Users\dell\OneDrive\Documents\sts\driver drowsiness detction hybrid\mouth\yawn\1318.jpg,1,Yawn,
C:\Users\dell\OneDrive\Documents\sts\driver drowsiness detction hybrid\mouth\no yawn\4237.jpg,0,No Yawn,
C:\Users\dell\OneDrive\Documents\sts\driver drowsiness detction hybrid\mouth\no yawn\3590.jpg,0,No Yawn,
C:\Users\dell\OneDrive\Documents\sts\driver drowsiness detction hybrid\mouth\yawn\657.jpg,1,Yawn,
C:\Users\dell\OneDrive\Documents\sts\driver drowsiness detction hybrid\mouth\yawn\1973.jpg,1,Yawn,
C:\Users\dell\OneDrive\Documents\sts\driver drowsiness detction hybrid\mouth\no yawn\4839.jpg,0,No Yawn,
C:\Users\dell\OneDrive\Documents\sts\driver drowsiness detction hybrid\mouth\no yawn\4239.jpg,0,No Yawn,
C:\Users\dell\OneDrive\Documents\sts\driver drowsiness detction hybrid\mouth\yawn\1082.jpg,1,Yawn,
C:\Users\dell\OneDrive\Documents\sts\driver drowsiness detction hybrid\mouth\no yawn\3480.jpg,0,No Yawn,
C:\Users\dell\OneDrive\Documents\sts\driver drowsiness detction hybrid\mouth\yawn\850.jpg,1,Yawn,
C:\Users\dell\OneDrive\Documents\sts\driver drowsiness detction hybrid\mouth\yawn\1515.jpg,1,Yawn,
C:\Users\dell\OneDrive\Documents\sts\driver drowsiness detction hybrid\mouth\no yawn\4132.jpg,0,No Yawn,
C:\Users\dell\OneDrive\Documents\sts\driver drowsiness detction hybrid\mouth\yawn\149.jpg,1,Yawn,
C:\Users\dell\OneDrive\Documents\sts\driver drowsiness detction hybrid\mouth\yawn\1310.jpg,1,Yawn,
C:\Users\dell\OneDrive\Documents\sts\driver drowsiness detction hybrid\mouth\no yawn\3321.jpg,0,No Yawn,
C:\Users\dell\OneDrive\Documents\sts\driver drowsiness detction hybrid\mouth\no yawn\3422.jpg,0,No Yawn,
C:\Users\dell\OneDrive\Documents\sts\driver drowsiness detction hybrid\mouth\no yawn\4227.jpg,0,No Yawn,
C:\Users\dell\OneDrive\Documents\sts\driver drowsiness detction hybrid\mouth\no yawn\4287.jpg,0,No Yawn,
C:\Users\dell\OneDrive\Documents\sts\driver drowsiness detction hybrid\mouth\yawn\2493.jpg,1,Yawn,
C:\Users\dell\OneDrive\Documents\sts\driver drowsiness detction hybrid\mouth\no yawn\3025.jpg,0,No Yawn,
C:\Users\dell\OneDrive\Documents\sts\driver drowsiness detction hybrid\mouth\no yawn\3623.jpg,0,No Yawn,
C:\Users\dell\OneDrive\Documents\sts\driver drowsiness detction hybrid\mouth\no yawn\4998.jpg,0,No Yawn,
C:\Users\dell\OneDrive\Documents\sts\driver drowsiness detction hybrid\mouth\no yawn\4693.jpg,0,No Yawn,
C:\Users\dell\OneDrive\Documents\sts\driver drowsiness detction hybrid\mouth\yawn\583.jpg,1,Yawn,
C:\Users\dell\OneDrive\Documents\sts\driver drowsiness detction hybrid\mouth\yawn\1845.jpg,1,Yawn,
C:\Users\dell\OneDrive\Documents\sts\driver drowsiness detction hybrid\mouth\yawn\2375.jpg,1,Yawn,
C:\Users\dell\OneDrive\Documents\sts\driver drowsiness detction hybrid\mouth\yawn\1769.jpg,1,Yawn,
C:\Users\dell\OneDrive\Documents\sts\driver drowsiness detction hybrid\mouth\no yawn\4488.jpg,0,No Yawn,
C:\Users\dell\OneDrive\Documents\sts\driver drowsiness detction hybrid\mouth\no yawn\3404.jpg,0,No Yawn,
C:\Users\dell\OneDrive\Documents\sts\driver drowsiness detction hybrid\mouth\yawn\2336.jpg,1,Yawn,
C:\Users\dell\OneDrive\Documents\sts\driver drowsiness detction hybrid\mouth\yawn\2517.jpg,1,Yawn,
C:\Users\dell\OneDrive\Documents\sts\driver drowsiness detction hybrid\mouth\no yawn\4747.jpg,0,No Yawn,
C:\Users\dell\OneDrive\Documents\sts\driver drowsiness detction hybrid\mouth\yawn\2347.jpg,1,Yawn,
C:\Users\dell\OneDrive\Documents\sts\driver drowsiness detction hybrid\mouth\yawn\1668.jpg,1,Yawn,
C:\Users\dell\OneDrive\Documents\sts\driver drowsiness detction hybrid\mouth\no yawn\5489.jpg,0,No Yawn,
C:\Users\dell\OneDrive\Documents\sts\driver drowsiness detction hybrid\mouth\no yawn\4990.jpg,0,No Yawn,
C:\Users\dell\OneDrive\Documents\sts\driver drowsiness detction hybrid\mouth\no yawn\5505.jpg,0,No Yawn,
C:\Users\dell\OneDrive\Documents\sts\driver drowsiness detction hybrid\mouth\no yawn\4493.jpg,0,No Yawn,
C:\Users\dell\OneDrive\Documents\sts\driver drowsiness detction hybrid\mouth\yawn\648.jpg,1,Yawn,
C:\Users\dell\OneDrive\Documents\sts\driver drowsiness detction hybrid\mouth\yawn\296.jpg,1,Yawn,
C:\Users\dell\OneDrive\Documents\sts\driver drowsiness detction hybrid\mouth\yawn\1815.jpg,1,Yawn,
C:\Users\dell\OneDrive\Documents\sts\driver drowsiness detction hybrid\mouth\no yawn\5020.jpg,0,No Yawn,
C:\Users\dell\OneDrive\Documents\sts\driver drowsiness detction hybrid\mouth\no yawn\5147.jpg,0,No Yawn,
C:\Users\dell\OneDrive\Documents\sts\driver drowsiness detction hybrid\mouth\yawn\2071.jpg,1,Yawn,
C:\Users\dell\OneDrive\Documents\sts\driver drowsiness detction hybrid\mouth\no yawn\3201.jpg,0,No Yawn,
C:\Users\dell\OneDrive\Documents\sts\driver drowsiness detction hybrid\mouth\yawn\1962.jpg,1,Yawn,
C:\Users\dell\OneDrive\Documents\sts\driver drowsiness detction hybrid\mouth\no yawn\2894.jpg,0,No Yawn,
C:\Users\dell\OneDrive\Documents\sts\driver drowsiness detction hybrid\mouth\no yawn\3954.jpg,0,No Yawn,
C:\Users\dell\OneDrive\Documents\sts\driver drowsiness detction hybrid\mouth\yawn\1596.jpg,1,Yawn,
C:\Users\dell\OneDrive\Documents\sts\driver drowsiness detction hybrid\mouth\yawn\1408.jpg,1,Yawn,
C:\Users\dell\OneDrive\Documents\sts\driver drowsiness detction hybrid\mouth\no yawn\5355.jpg,0,No Yawn,
C:\Users\dell\OneDrive\Documents\sts\driver drowsiness detction hybrid\mouth\no yawn\4962.jpg,0,No Yawn,
C:\Users\dell\OneDrive\Documents\sts\driver drowsiness detction hybrid\mouth\yawn\2636.jpg,1,Yawn,
C:\Users\dell\OneDrive\Documents\sts\driver drowsiness detction hybrid\mouth\no yawn\4081.jpg,0,No Yawn,
C:\Users\dell\OneDrive\Documents\sts\driver drowsiness detction hybrid\mouth\no yawn\3203.jpg,0,No Yawn,
C:\Users\dell\OneDrive\Documents\sts\driver drowsiness detction hybrid\mouth\yawn\1805.jpg,1,Yawn,
C:\Users\dell\OneDrive\Documents\sts\driver drowsiness detction hybrid\mouth\yawn\1657.jpg,1,Yawn,
C:\Users\dell\OneDrive\Documents\sts\driver drowsiness detction hybrid\mouth\yawn\2141.jpg,1,Yawn,
C:\Users\dell\OneDrive\Documents\sts\driver drowsiness detction hybrid\mouth\yawn\1822.jpg,1,Yawn,
C:\Users\dell\OneDrive\Documents\sts\driver drowsiness detction hybrid\mouth\no yawn\2997.jpg,0,No Yawn,
C:\Users\dell\OneDrive\Documents\sts\driver drowsiness detction hybrid\mouth\no yawn\3966.jpg,0,No Yawn,
C:\Users\dell\OneDrive\Documents\sts\driver drowsiness detction hybrid\mouth\no yawn\4810.jpg,0,No Yawn,
C:\Users\dell\OneDrive\Documents\sts\driver drowsiness detction hybrid\mouth\yawn\2226.jpg,1,Yawn,
C:\Users\dell\OneDrive\Documents\sts\driver drowsiness detction hybrid\mouth\no yawn\4478.jpg,0,No Yawn,
C:\Users\dell\OneDrive\Documents\sts\driver drowsiness detction hybrid\mouth\yawn\957.jpg,1,Yawn,
C:\Users\dell\OneDrive\Documents\sts\driver drowsiness detction hybrid\mouth\yawn\1613.jpg,1,Yawn,
C:\Users\dell\OneDrive\Documents\sts\driver drowsiness detction hybrid\mouth\no yawn\4116.jpg,0,No Yawn,
C:\Users\dell\OneDrive\Documents\sts\driver drowsiness detction hybrid\mouth\yawn\625.jpg,1,Yawn,
C:\Users\dell\OneDrive\Documents\sts\driver drowsiness detction hybrid\mouth\no yawn\3797.jpg,0,No Yawn,
C:\Users\dell\OneDrive\Documents\sts\driver drowsiness detction hybrid\mouth\yawn\1507.jpg,1,Yawn,
C:\Users\dell\OneDrive\Documents\sts\driver drowsiness detction hybrid\mouth\no yawn\4248.jpg,0,No Yawn,
C:\Users\dell\OneDrive\Documents\sts\driver drowsiness detction hybrid\mouth\yawn\960.jpg,1,Yawn,
C:\Users\dell\OneDrive\Documents\sts\driver drowsiness detction hybrid\mouth\no yawn\3682.jpg,0,No Yawn,
C:\Users\dell\OneDrive\Documents\sts\driver drowsiness detction hybrid\mouth\no yawn\4702.jpg,0,No Yawn,
C:\Users\dell\OneDrive\Documents\sts\driver drowsiness detction hybrid\mouth\yawn\1819.jpg,1,Yawn,
C:\Users\dell\OneDrive\Documents\sts\driver drowsiness detction hybrid\mouth\no yawn\2932.jpg,0,No Yawn,
C:\Users\dell\OneDrive\Documents\sts\driver drowsiness detction hybrid\mouth\no yawn\4977.jpg,0,No Yawn,
C:\Users\dell\OneDrive\Documents\sts\driver drowsiness detction hybrid\mouth\yawn\656.jpg,1,Yawn,
C:\Users\dell\OneDrive\Documents\sts\driver drowsiness detction hybrid\mouth\no yawn\3627.jpg,0,No Yawn,
C:\Users\dell\OneDrive\Documents\sts\driver drowsiness detction hybrid\mouth\yawn\929.jpg,1,Yawn,
C:\Users\dell\OneDrive\Documents\sts\driver drowsiness detction hybrid\mouth\yawn\1923.jpg,1,Yawn,
C:\Users\dell\OneDrive\Documents\sts\driver drowsiness detction hybrid\mouth\yawn\845.jpg,1,Yawn,
C:\Users\dell\OneDrive\Documents\sts\driver drowsiness detction hybrid\mouth\yawn\455.jpg,1,Yawn,
C:\Users\dell\OneDrive\Documents\sts\driver drowsiness detction hybrid\mouth\no yawn\5428.jpg,0,No Yawn,
C:\Users\dell\OneDrive\Documents\sts\driver drowsiness detction hybrid\mouth\yawn\1010.jpg,1,Yawn,
C:\Users\dell\OneDrive\Documents\sts\driver drowsiness detction hybrid\mouth\no yawn\4046.jpg,0,No Yawn,
C:\Users\dell\OneDrive\Documents\sts\driver drowsiness detction hybrid\mouth\yawn\262.jpg,1,Yawn,
C:\Users\dell\OneDrive\Documents\sts\driver drowsiness detction hybrid\mouth\yawn\5.jpg,1,Yawn,
C:\Users\dell\OneDrive\Documents\sts\driver drowsiness detction hybrid\mouth\no yawn\3752.jpg,0,No Yawn,
C:\Users\dell\OneDrive\Documents\sts\driver drowsiness detction hybrid\mouth\yawn\523.jpg,1,Yawn,
C:\Users\dell\OneDrive\Documents\sts\driver drowsiness detction hybrid\mouth\yawn\7.jpg,1,Yawn,
C:\Users\dell\OneDrive\Documents\sts\driver drowsiness detction hybrid\mouth\yawn\637.jpg,1,Yawn,
C:\Users\dell\OneDrive\Documents\sts\driver drowsiness detction hybrid\mouth\no yawn\3008.jpg,0,No Yawn,
C:\Users\dell\OneDrive\Documents\sts\driver drowsiness detction hybrid\mouth\yawn\1321.jpg,1,Yawn,
C:\Users\dell\OneDrive\Documents\sts\driver drowsiness detction hybrid\mouth\no yawn\4335.jpg,0,No Yawn,
C:\Users\dell\OneDrive\Documents\sts\driver drowsiness detction hybrid\mouth\no yawn\3671.jpg,0,No Yawn,
C:\Users\dell\OneDrive\Documents\sts\driver drowsiness detction hybrid\mouth\yawn\553.jpg,1,Yawn,
C:\Users\dell\OneDrive\Documents\sts\driver drowsiness detction hybrid\mouth\yawn\623.jpg,1,Yawn,
C:\Users\dell\OneDrive\Documents\sts\driver drowsiness detction hybrid\mouth\yawn\1205.jpg,1,Yawn,
C:\Users\dell\OneDrive\Documents\sts\driver drowsiness detction hybrid\mouth\no yawn\4690.jpg,0,No Yawn,
C:\Users\dell\OneDrive\Documents\sts\driver drowsiness detction hybrid\mouth\no yawn\3463.jpg,0,No Yawn,
C:\Users\dell\OneDrive\Documents\sts\driver drowsiness detction hybrid\mouth\no yawn\5006.jpg,0,No Yawn,
C:\Users\dell\OneDrive\Documents\sts\driver drowsiness detction hybrid\mouth\no yawn\4660.jpg,0,No Yawn,
C:\Users\dell\OneDrive\Documents\sts\driver drowsiness detction hybrid\mouth\no yawn\3679.jpg,0,No Yawn,
C:\Users\dell\OneDrive\Documents\sts\driver drowsiness detction hybrid\mouth\yawn\461.jpg,1,Yawn,
C:\Users\dell\OneDrive\Documents\sts\driver drowsiness detction hybrid\mouth\no yawn\4056.jpg,0,No Yawn,
C:\Users\dell\OneDrive\Documents\sts\driver drowsiness detction hybrid\mouth\no yawn\4541.jpg,0,No Yawn,
C:\Users\dell\OneDrive\Documents\sts\driver drowsiness detction hybrid\mouth\no yawn\5152.jpg,0,No Yawn,
C:\Users\dell\OneDrive\Documents\sts\driver drowsiness detction hybrid\mouth\no yawn\3263.jpg,0,No Yawn,
C:\Users\dell\OneDrive\Documents\sts\driver drowsiness detction hybrid\mouth\yawn\2002.jpg,1,Yawn,
C:\Users\dell\OneDrive\Documents\sts\driver drowsiness detction hybrid\mouth\no yawn\4983.jpg,0,No Yawn,
C:\Users\dell\OneDrive\Documents\sts\driver drowsiness detction hybrid\mouth\no yawn\5475.jpg,0,No Yawn,
C:\Users\dell\OneDrive\Documents\sts\driver drowsiness detction hybrid\mouth\yawn\1012.jpg,1,Yawn,
C:\Users\dell\OneDrive\Documents\sts\driver drowsiness detction hybrid\mouth\yawn\525.jpg,1,Yawn,
C:\Users\dell\OneDrive\Documents\sts\driver drowsiness detction hybrid\mouth\no yawn\5317.jpg,0,No Yawn,
C:\Users\dell\OneDrive\Documents\sts\driver drowsiness detction hybrid\mouth\no yawn\3290.jpg,0,No Yawn,
C:\Users\dell\OneDrive\Documents\sts\driver drowsiness detction hybrid\mouth\yawn\1384.jpg,1,Yawn,
C:\Users\dell\OneDrive\Documents\sts\driver drowsiness detction hybrid\mouth\no yawn\3684.jpg,0,No Yawn,
C:\Users\dell\OneDrive\Documents\sts\driver drowsiness detction hybrid\mouth\yawn\1932.jpg,1,Yawn,
C:\Users\dell\OneDrive\Documents\sts\driver drowsiness detction hybrid\mouth\no yawn\3479.jpg,0,No Yawn,
C:\Users\dell\OneDrive\Documents\sts\driver drowsiness detction hybrid\mouth\yawn\2027.jpg,1,Yawn,
C:\Users\dell\OneDrive\Documents\sts\driver drowsiness detction hybrid\mouth\yawn\273.jpg,1,Yawn,
C:\Users\dell\OneDrive\Documents\sts\driver drowsiness detction hybrid\mouth\no yawn\5227.jpg,0,No Yawn,
C:\Users\dell\OneDrive\Documents\sts\driver drowsiness detction hybrid\mouth\yawn\2219.jpg,1,Yawn,
C:\Users\dell\OneDrive\Documents\sts\driver drowsiness detction hybrid\mouth\yawn\1858.jpg,1,Yawn,
C:\Users\dell\OneDrive\Documents\sts\driver drowsiness detction hybrid\mouth\no yawn\4310.jpg,0,No Yawn,
C:\Users\dell\OneDrive\Documents\sts\driver drowsiness detction hybrid\mouth\yawn\2343.jpg,1,Yawn,
C:\Users\dell\OneDrive\Documents\sts\driver drowsiness detction hybrid\mouth\yawn\1083.jpg,1,Yawn,
C:\Users\dell\OneDrive\Documents\sts\driver drowsiness detction hybrid\mouth\yawn\2573.jpg,1,Yawn,
C:\Users\dell\OneDrive\Documents\sts\driver drowsiness detction hybrid\mouth\no yawn\3212.jpg,0,No Yawn,
C:\Users\dell\OneDrive\Documents\sts\driver drowsiness detction hybrid\mouth\yawn\204.jpg,1,Yawn,
C:\Users\dell\OneDrive\Documents\sts\driver drowsiness detction hybrid\mouth\yawn\808.jpg,1,Yawn,
C:\Users\dell\OneDrive\Documents\sts\driver drowsiness detction hybrid\mouth\no yawn\5041.jpg,0,No Yawn,
C:\Users\dell\OneDrive\Documents\sts\driver drowsiness detction hybrid\mouth\yawn\2410.jpg,1,Yawn,
C:\Users\dell\OneDrive\Documents\sts\driver drowsiness detction hybrid\mouth\no yawn\4151.jpg,0,No Yawn,
C:\Users\dell\OneDrive\Documents\sts\driver drowsiness detction hybrid\mouth\no yawn\4166.jpg,0,No Yawn,
C:\Users\dell\OneDrive\Documents\sts\driver drowsiness detction hybrid\mouth\yawn\1105.jpg,1,Yawn,
C:\Users\dell\OneDrive\Documents\sts\driver drowsiness detction hybrid\mouth\yawn\911.jpg,1,Yawn,
C:\Users\dell\OneDrive\Documents\sts\driver drowsiness detction hybrid\mouth\no yawn\4294.jpg,0,No Yawn,
C:\Users\dell\OneDrive\Documents\sts\driver drowsiness detction hybrid\mouth\no yawn\4554.jpg,0,No Yawn,
C:\Users\dell\OneDrive\Documents\sts\driver drowsiness detction hybrid\mouth\no yawn\3430.jpg,0,No Yawn,
C:\Users\dell\OneDrive\Documents\sts\driver drowsiness detction hybrid\mouth\yawn\2648.jpg,1,Yawn,
C:\Users\dell\OneDrive\Documents\sts\driver drowsiness detction hybrid\mouth\yawn\2034.jpg,1,Yawn,
C:\Users\dell\OneDrive\Documents\sts\driver drowsiness detction hybrid\mouth\no yawn\3717.jpg,0,No Yawn,
C:\Users\dell\OneDrive\Documents\sts\driver drowsiness detction hybrid\mouth\yawn\1933.jpg,1,Yawn,
C:\Users\dell\OneDrive\Documents\sts\driver drowsiness detction hybrid\mouth\yawn\1922.jpg,1,Yawn,
C:\Users\dell\OneDrive\Documents\sts\driver drowsiness detction hybrid\mouth\no yawn\3872.jpg,0,No Yawn,
C:\Users\dell\OneDrive\Documents\sts\driver drowsiness detction hybrid\mouth\no yawn\3729.jpg,0,No Yawn,
C:\Users\dell\OneDrive\Documents\sts\driver drowsiness detction hybrid\mouth\yawn\1363.jpg,1,Yawn,
C:\Users\dell\OneDrive\Documents\sts\driver drowsiness detction hybrid\mouth\yawn\1658.jpg,1,Yawn,
C:\Users\dell\OneDrive\Documents\sts\driver drowsiness detction hybrid\mouth\no yawn\3877.jpg,0,No Yawn,
C:\Users\dell\OneDrive\Documents\sts\driver drowsiness detction hybrid\mouth\yawn\2044.jpg,1,Yawn,
C:\Users\dell\OneDrive\Documents\sts\driver drowsiness detction hybrid\mouth\no yawn\3113.jpg,0,No Yawn,
C:\Users\dell\OneDrive\Documents\sts\driver drowsiness detction hybrid\mouth\no yawn\3114.jpg,0,No Yawn,
C:\Users\dell\OneDrive\Documents\sts\driver drowsiness detction hybrid\mouth\no yawn\3275.jpg,0,No Yawn,
C:\Users\dell\OneDrive\Documents\sts\driver drowsiness detction hybrid\mouth\no yawn\3062.jpg,0,No Yawn,
C:\Users\dell\OneDrive\Documents\sts\driver drowsiness detction hybrid\mouth\yawn\2093.jpg,1,Yawn,
C:\Users\dell\OneDrive\Documents\sts\driver drowsiness detction hybrid\mouth\yawn\443.jpg,1,Yawn,
C:\Users\dell\OneDrive\Documents\sts\driver drowsiness detction hybrid\mouth\no yawn\4435.jpg,0,No Yawn,
C:\Users\dell\OneDrive\Documents\sts\driver drowsiness detction hybrid\mouth\no yawn\4377.jpg,0,No Yawn,
C:\Users\dell\OneDrive\Documents\sts\driver drowsiness detction hybrid\mouth\yawn\1728.jpg,1,Yawn,
C:\Users\dell\OneDrive\Documents\sts\driver drowsiness detction hybrid\mouth\yawn\2190.jpg,1,Yawn,
C:\Users\dell\OneDrive\Documents\sts\driver drowsiness detction hybrid\mouth\yawn\967.jpg,1,Yawn,
C:\Users\dell\OneDrive\Documents\sts\driver drowsiness detction hybrid\mouth\yawn\404.jpg,1,Yawn,
C:\Users\dell\OneDrive\Documents\sts\driver drowsiness detction hybrid\mouth\no yawn\4191.jpg,0,No Yawn,
C:\Users\dell\OneDrive\Documents\sts\driver drowsiness detction hybrid\mouth\no yawn\3317.jpg,0,No Yawn,
C:\Users\dell\OneDrive\Documents\sts\driver drowsiness detction hybrid\mouth\no yawn\3848.jpg,0,No Yawn,
C:\Users\dell\OneDrive\Documents\sts\driver drowsiness detction hybrid\mouth\no yawn\5210.jpg,0,No Yawn,
C:\Users\dell\OneDrive\Documents\sts\driver drowsiness detction hybrid\mouth\no yawn\4714.jpg,0,No Yawn,
C:\Users\dell\OneDrive\Documents\sts\driver drowsiness detction hybrid\mouth\no yawn\4285.jpg,0,No Yawn,
C:\Users\dell\OneDrive\Documents\sts\driver drowsiness detction hybrid\mouth\no yawn\4532.jpg,0,No Yawn,
C:\Users\dell\OneDrive\Documents\sts\driver drowsiness detction hybrid\mouth\yawn\920.jpg,1,Yawn,
C:\Users\dell\OneDrive\Documents\sts\driver drowsiness detction hybrid\mouth\no yawn\5466.jpg,0,No Yawn,
C:\Users\dell\OneDrive\Documents\sts\driver drowsiness detction hybrid\mouth\yawn\2462.jpg,1,Yawn,
C:\Users\dell\OneDrive\Documents\sts\driver drowsiness detction hybrid\mouth\yawn\284.jpg,1,Yawn,
C:\Users\dell\OneDrive\Documents\sts\driver drowsiness detction hybrid\mouth\no yawn\5119.jpg,0,No Yawn,
C:\Users\dell\OneDrive\Documents\sts\driver drowsiness detction hybrid\mouth\no yawn\3455.jpg,0,No Yawn,
C:\Users\dell\OneDrive\Documents\sts\driver drowsiness detction hybrid\mouth\no yawn\3667.jpg,0,No Yawn,
C:\Users\dell\OneDrive\Documents\sts\driver drowsiness detction hybrid\mouth\yawn\27.jpg,1,Yawn,
C:\Users\dell\OneDrive\Documents\sts\driver drowsiness detction hybrid\mouth\no yawn\4491.jpg,0,No Yawn,
C:\Users\dell\OneDrive\Documents\sts\driver drowsiness detction hybrid\mouth\yawn\603.jpg,1,Yawn,
C:\Users\dell\OneDrive\Documents\sts\driver drowsiness detction hybrid\mouth\no yawn\4512.jpg,0,No Yawn,
C:\Users\dell\OneDrive\Documents\sts\driver drowsiness detction hybrid\mouth\no yawn\4595.jpg,0,No Yawn,
C:\Users\dell\OneDrive\Documents\sts\driver drowsiness detction hybrid\mouth\yawn\1841.jpg,1,Yawn,
C:\Users\dell\OneDrive\Documents\sts\driver drowsiness detction hybrid\mouth\no yawn\2867.jpg,0,No Yawn,
C:\Users\dell\OneDrive\Documents\sts\driver drowsiness detction hybrid\mouth\yawn\1056.jpg,1,Yawn,
C:\Users\dell\OneDrive\Documents\sts\driver drowsiness detction hybrid\mouth\no yawn\3665.jpg,0,No Yawn,
C:\Users\dell\OneDrive\Documents\sts\driver drowsiness detction hybrid\mouth\yawn\770.jpg,1,Yawn,
C:\Users\dell\OneDrive\Documents\sts\driver drowsiness detction hybrid\mouth\no yawn\4098.jpg,0,No Yawn,
C:\Users\dell\OneDrive\Documents\sts\driver drowsiness detction hybrid\mouth\no yawn\3691.jpg,0,No Yawn,
C:\Users\dell\OneDrive\Documents\sts\driver drowsiness detction hybrid\mouth\yawn\1275.jpg,1,Yawn,
C:\Users\dell\OneDrive\Documents\sts\driver drowsiness detction hybrid\mouth\no yawn\4734.jpg,0,No Yawn,
C:\Users\dell\OneDrive\Documents\sts\driver drowsiness detction hybrid\mouth\no yawn\3320.jpg,0,No Yawn,
C:\Users\dell\OneDrive\Documents\sts\driver drowsiness detction hybrid\mouth\no yawn\3326.jpg,0,No Yawn,
C:\Users\dell\OneDrive\Documents\sts\driver drowsiness detction hybrid\mouth\yawn\816.jpg,1,Yawn,
C:\Users\dell\OneDrive\Documents\sts\driver drowsiness detction hybrid\mouth\no yawn\4733.jpg,0,No Yawn,
C:\Users\dell\OneDrive\Documents\sts\driver drowsiness detction hybrid\mouth\yawn\620.jpg,1,Yawn,
C:\Users\dell\OneDrive\Documents\sts\driver drowsiness detction hybrid\mouth\yawn\2531.jpg,1,Yawn,
C:\Users\dell\OneDrive\Documents\sts\driver drowsiness detction hybrid\mouth\yawn\503.jpg,1,Yawn,
C:\Users\dell\OneDrive\Documents\sts\driver drowsiness detction hybrid\mouth\no yawn\3918.jpg,0,No Yawn,
C:\Users\dell\OneDrive\Documents\sts\driver drowsiness detction hybrid\mouth\no yawn\4424.jpg,0,No Yawn,
C:\Users\dell\OneDrive\Documents\sts\driver drowsiness detction hybrid\mouth\no yawn\5434.jpg,0,No Yawn,
C:\Users\dell\OneDrive\Documents\sts\driver drowsiness detction hybrid\mouth\no yawn\5308.jpg,0,No Yawn,
C:\Users\dell\OneDrive\Documents\sts\driver drowsiness detction hybrid\mouth\no yawn\5349.jpg,0,No Yawn,
C:\Users\dell\OneDrive\Documents\sts\driver drowsiness detction hybrid\mouth\no yawn\2815.jpg,0,No Yawn,
C:\Users\dell\OneDrive\Documents\sts\driver drowsiness detction hybrid\mouth\yawn\360.jpg,1,Yawn,
C:\Users\dell\OneDrive\Documents\sts\driver drowsiness detction hybrid\mouth\no yawn\4971.jpg,0,No Yawn,
C:\Users\dell\OneDrive\Documents\sts\driver drowsiness detction hybrid\mouth\yawn\1522.jpg,1,Yawn,
C:\Users\dell\OneDrive\Documents\sts\driver drowsiness detction hybrid\mouth\yawn\1237.jpg,1,Yawn,
C:\Users\dell\OneDrive\Documents\sts\driver drowsiness detction hybrid\mouth\yawn\628.jpg,1,Yawn,
C:\Users\dell\OneDrive\Documents\sts\driver drowsiness detction hybrid\mouth\yawn\576.jpg,1,Yawn,
C:\Users\dell\OneDrive\Documents\sts\driver drowsiness detction hybrid\mouth\yawn\761.jpg,1,Yawn,
C:\Users\dell\OneDrive\Documents\sts\driver drowsiness detction hybrid\mouth\no yawn\3154.jpg,0,No Yawn,
C:\Users\dell\OneDrive\Documents\sts\driver drowsiness detction hybrid\mouth\yawn\2686.jpg,1,Yawn,
C:\Users\dell\OneDrive\Documents\sts\driver drowsiness detction hybrid\mouth\yawn\1062.jpg,1,Yawn,
C:\Users\dell\OneDrive\Documents\sts\driver drowsiness detction hybrid\mouth\no yawn\4283.jpg,0,No Yawn,
C:\Users\dell\OneDrive\Documents\sts\driver drowsiness detction hybrid\mouth\no yawn\3148.jpg,0,No Yawn,
C:\Users\dell\OneDrive\Documents\sts\driver drowsiness detction hybrid\mouth\no yawn\5155.jpg,0,No Yawn,
C:\Users\dell\OneDrive\Documents\sts\driver drowsiness detction hybrid\mouth\yawn\2051.jpg,1,Yawn,
C:\Users\dell\OneDrive\Documents\sts\driver drowsiness detction hybrid\mouth\no yawn\3375.jpg,0,No Yawn,
C:\Users\dell\OneDrive\Documents\sts\driver drowsiness detction hybrid\mouth\no yawn\3033.jpg,0,No Yawn,
C:\Users\dell\OneDrive\Documents\sts\driver drowsiness detction hybrid\mouth\yawn\1136.jpg,1,Yawn,
C:\Users\dell\OneDrive\Documents\sts\driver drowsiness detction hybrid\mouth\yawn\2249.jpg,1,Yawn,
C:\Users\dell\OneDrive\Documents\sts\driver drowsiness detction hybrid\mouth\no yawn\3371.jpg,0,No Yawn,
C:\Users\dell\OneDrive\Documents\sts\driver drowsiness detction hybrid\mouth\no yawn\4320.jpg,0,No Yawn,
C:\Users\dell\OneDrive\Documents\sts\driver drowsiness detction hybrid\mouth\yawn\2251.jpg,1,Yawn,
C:\Users\dell\OneDrive\Documents\sts\driver drowsiness detction hybrid\mouth\yawn\1704.jpg,1,Yawn,
C:\Users\dell\OneDrive\Documents\sts\driver drowsiness detction hybrid\mouth\no yawn\4386.jpg,0,No Yawn,
C:\Users\dell\OneDrive\Documents\sts\driver drowsiness detction hybrid\mouth\no yawn\4427.jpg,0,No Yawn,
C:\Users\dell\OneDrive\Documents\sts\driver drowsiness detction hybrid\mouth\no yawn\3995.jpg,0,No Yawn,
C:\Users\dell\OneDrive\Documents\sts\driver drowsiness detction hybrid\mouth\yawn\1898.jpg,1,Yawn,
C:\Users\dell\OneDrive\Documents\sts\driver drowsiness detction hybrid\mouth\no yawn\3406.jpg,0,No Yawn,
C:\Users\dell\OneDrive\Documents\sts\driver drowsiness detction hybrid\mouth\yawn\1154.jpg,1,Yawn,
C:\Users\dell\OneDrive\Documents\sts\driver drowsiness detction hybrid\mouth\yawn\562.jpg,1,Yawn,
C:\Users\dell\OneDrive\Documents\sts\driver drowsiness detction hybrid\mouth\yawn\2104.jpg,1,Yawn,
C:\Users\dell\OneDrive\Documents\sts\driver drowsiness detction hybrid\mouth\no yawn\2783.jpg,0,No Yawn,
C:\Users\dell\OneDrive\Documents\sts\driver drowsiness detction hybrid\mouth\yawn\1039.jpg,1,Yawn,
C:\Users\dell\OneDrive\Documents\sts\driver drowsiness detction hybrid\mouth\yawn\41.jpg,1,Yawn,
C:\Users\dell\OneDrive\Documents\sts\driver drowsiness detction hybrid\mouth\yawn\489.jpg,1,Yawn,
C:\Users\dell\OneDrive\Documents\sts\driver drowsiness detction hybrid\mouth\no yawn\4066.jpg,0,No Yawn,
C:\Users\dell\OneDrive\Documents\sts\driver drowsiness detction hybrid\mouth\no yawn\4103.jpg,0,No Yawn,
C:\Users\dell\OneDrive\Documents\sts\driver drowsiness detction hybrid\mouth\yawn\2289.jpg,1,Yawn,
C:\Users\dell\OneDrive\Documents\sts\driver drowsiness detction hybrid\mouth\no yawn\4275.jpg,0,No Yawn,
C:\Users\dell\OneDrive\Documents\sts\driver drowsiness detction hybrid\mouth\no yawn\3184.jpg,0,No Yawn,
C:\Users\dell\OneDrive\Documents\sts\driver drowsiness detction hybrid\mouth\yawn\1547.jpg,1,Yawn,
C:\Users\dell\OneDrive\Documents\sts\driver drowsiness detction hybrid\mouth\no yawn\4235.jpg,0,No Yawn,
C:\Users\dell\OneDrive\Documents\sts\driver drowsiness detction hybrid\mouth\yawn\2333.jpg,1,Yawn,
C:\Users\dell\OneDrive\Documents\sts\driver drowsiness detction hybrid\mouth\no yawn\4398.jpg,0,No Yawn,
C:\Users\dell\OneDrive\Documents\sts\driver drowsiness detction hybrid\mouth\yawn\856.jpg,1,Yawn,
C:\Users\dell\OneDrive\Documents\sts\driver drowsiness detction hybrid\mouth\yawn\1839.jpg,1,Yawn,
C:\Users\dell\OneDrive\Documents\sts\driver drowsiness detction hybrid\mouth\no yawn\4057.jpg,0,No Yawn,
C:\Users\dell\OneDrive\Documents\sts\driver drowsiness detction hybrid\mouth\no yawn\3997.jpg,0,No Yawn,
C:\Users\dell\OneDrive\Documents\sts\driver drowsiness detction hybrid\mouth\no yawn\3982.jpg,0,No Yawn,
C:\Users\dell\OneDrive\Documents\sts\driver drowsiness detction hybrid\mouth\no yawn\4244.jpg,0,No Yawn,
C:\Users\dell\OneDrive\Documents\sts\driver drowsiness detction hybrid\mouth\no yawn\2844.jpg,0,No Yawn,
C:\Users\dell\OneDrive\Documents\sts\driver drowsiness detction hybrid\mouth\yawn\1994.jpg,1,Yawn,
C:\Users\dell\OneDrive\Documents\sts\driver drowsiness detction hybrid\mouth\yawn\1256.jpg,1,Yawn,
C:\Users\dell\OneDrive\Documents\sts\driver drowsiness detction hybrid\mouth\no yawn\4113.jpg,0,No Yawn,
C:\Users\dell\OneDrive\Documents\sts\driver drowsiness detction hybrid\mouth\no yawn\3960.jpg,0,No Yawn,
C:\Users\dell\OneDrive\Documents\sts\driver drowsiness detction hybrid\mouth\no yawn\4250.jpg,0,No Yawn,
C:\Users\dell\OneDrive\Documents\sts\driver drowsiness detction hybrid\mouth\yawn\2191.jpg,1,Yawn,
C:\Users\dell\OneDrive\Documents\sts\driver drowsiness detction hybrid\mouth\yawn\29.jpg,1,Yawn,
C:\Users\dell\OneDrive\Documents\sts\driver drowsiness detction hybrid\mouth\yawn\2007.jpg,1,Yawn,
C:\Users\dell\OneDrive\Documents\sts\driver drowsiness detction hybrid\mouth\yawn\1648.jpg,1,Yawn,
C:\Users\dell\OneDrive\Documents\sts\driver drowsiness detction hybrid\mouth\no yawn\3402.jpg,0,No Yawn,
C:\Users\dell\OneDrive\Documents\sts\driver drowsiness detction hybrid\mouth\no yawn\2862.jpg,0,No Yawn,
C:\Users\dell\OneDrive\Documents\sts\driver drowsiness detction hybrid\mouth\yawn\465.jpg,1,Yawn,
C:\Users\dell\OneDrive\Documents\sts\driver drowsiness detction hybrid\mouth\yawn\2514.jpg,1,Yawn,
C:\Users\dell\OneDrive\Documents\sts\driver drowsiness detction hybrid\mouth\no yawn\3758.jpg,0,No Yawn,
C:\Users\dell\OneDrive\Documents\sts\driver drowsiness detction hybrid\mouth\no yawn\3055.jpg,0,No Yawn,
C:\Users\dell\OneDrive\Documents\sts\driver drowsiness detction hybrid\mouth\no yawn\5290.jpg,0,No Yawn,
C:\Users\dell\OneDrive\Documents\sts\driver drowsiness detction hybrid\mouth\yawn\1411.jpg,1,Yawn,
C:\Users\dell\OneDrive\Documents\sts\driver drowsiness detction hybrid\mouth\no yawn\3475.jpg,0,No Yawn,
C:\Users\dell\OneDrive\Documents\sts\driver drowsiness detction hybrid\mouth\yawn\302.jpg,1,Yawn,
C:\Users\dell\OneDrive\Documents\sts\driver drowsiness detction hybrid\mouth\no yawn\4079.jpg,0,No Yawn,
C:\Users\dell\OneDrive\Documents\sts\driver drowsiness detction hybrid\mouth\no yawn\3356.jpg,0,No Yawn,
C:\Users\dell\OneDrive\Documents\sts\driver drowsiness detction hybrid\mouth\yawn\1810.jpg,1,Yawn,
C:\Users\dell\OneDrive\Documents\sts\driver drowsiness detction hybrid\mouth\yawn\1006.jpg,1,Yawn,
C:\Users\dell\OneDrive\Documents\sts\driver drowsiness detction hybrid\mouth\no yawn\5352.jpg,0,No Yawn,
C:\Users\dell\OneDrive\Documents\sts\driver drowsiness detction hybrid\mouth\no yawn\5223.jpg,0,No Yawn,
C:\Users\dell\OneDrive\Documents\sts\driver drowsiness detction hybrid\mouth\no yawn\3709.jpg,0,No Yawn,
C:\Users\dell\OneDrive\Documents\sts\driver drowsiness detction hybrid\mouth\yawn\1992.jpg,1,Yawn,
C:\Users\dell\OneDrive\Documents\sts\driver drowsiness detction hybrid\mouth\yawn\2217.jpg,1,Yawn,
C:\Users\dell\OneDrive\Documents\sts\driver drowsiness detction hybrid\mouth\no yawn\3905.jpg,0,No Yawn,
C:\Users\dell\OneDrive\Documents\sts\driver drowsiness detction hybrid\mouth\no yawn\4521.jpg,0,No Yawn,
C:\Users\dell\OneDrive\Documents\sts\driver drowsiness detction hybrid\mouth\yawn\1646.jpg,1,Yawn,
C:\Users\dell\OneDrive\Documents\sts\driver drowsiness detction hybrid\mouth\no yawn\4534.jpg,0,No Yawn,
C:\Users\dell\OneDrive\Documents\sts\driver drowsiness detction hybrid\mouth\no yawn\3488.jpg,0,No Yawn,
C:\Users\dell\OneDrive\Documents\sts\driver drowsiness detction hybrid\mouth\yawn\126.jpg,1,Yawn,
C:\Users\dell\OneDrive\Documents\sts\driver drowsiness detction hybrid\mouth\no yawn\4160.jpg,0,No Yawn,
C:\Users\dell\OneDrive\Documents\sts\driver drowsiness detction hybrid\mouth\yawn\524.jpg,1,Yawn,
C:\Users\dell\OneDrive\Documents\sts\driver drowsiness detction hybrid\mouth\yawn\2581.jpg,1,Yawn,
C:\Users\dell\OneDrive\Documents\sts\driver drowsiness detction hybrid\mouth\yawn\114.jpg,1,Yawn,
C:\Users\dell\OneDrive\Documents\sts\driver drowsiness detction hybrid\mouth\yawn\780.jpg,1,Yawn,
C:\Users\dell\OneDrive\Documents\sts\driver drowsiness detction hybrid\mouth\no yawn\3428.jpg,0,No Yawn,
C:\Users\dell\OneDrive\Documents\sts\driver drowsiness detction hybrid\mouth\no yawn\5123.jpg,0,No Yawn,
C:\Users\dell\OneDrive\Documents\sts\driver drowsiness detction hybrid\mouth\yawn\1920.jpg,1,Yawn,
C:\Users\dell\OneDrive\Documents\sts\driver drowsiness detction hybrid\mouth\yawn\2482.jpg,1,Yawn,
C:\Users\dell\OneDrive\Documents\sts\driver drowsiness detction hybrid\mouth\no yawn\4115.jpg,0,No Yawn,
C:\Users\dell\OneDrive\Documents\sts\driver drowsiness detction hybrid\mouth\no yawn\3397.jpg,0,No Yawn,
C:\Users\dell\OneDrive\Documents\sts\driver drowsiness detction hybrid\mouth\no yawn\3579.jpg,0,No Yawn,
C:\Users\dell\OneDrive\Documents\sts\driver drowsiness detction hybrid\mouth\yawn\1492.jpg,1,Yawn,
C:\Users\dell\OneDrive\Documents\sts\driver drowsiness detction hybrid\mouth\no yawn\4127.jpg,0,No Yawn,
C:\Users\dell\OneDrive\Documents\sts\driver drowsiness detction hybrid\mouth\yawn\2397.jpg,1,Yawn,
C:\Users\dell\OneDrive\Documents\sts\driver drowsiness detction hybrid\mouth\yawn\528.jpg,1,Yawn,
C:\Users\dell\OneDrive\Documents\sts\driver drowsiness detction hybrid\mouth\yawn\2724.jpg,1,Yawn,
C:\Users\dell\OneDrive\Documents\sts\driver drowsiness detction hybrid\mouth\no yawn\4494.jpg,0,No Yawn,
C:\Users\dell\OneDrive\Documents\sts\driver drowsiness detction hybrid\mouth\yawn\1218.jpg,1,Yawn,
C:\Users\dell\OneDrive\Documents\sts\driver drowsiness detction hybrid\mouth\no yawn\5356.jpg,0,No Yawn,
C:\Users\dell\OneDrive\Documents\sts\driver drowsiness detction hybrid\mouth\yawn\1629.jpg,1,Yawn,
C:\Users\dell\OneDrive\Documents\sts\driver drowsiness detction hybrid\mouth\no yawn\4573.jpg,0,No Yawn,
C:\Users\dell\OneDrive\Documents\sts\driver drowsiness detction hybrid\mouth\yawn\1977.jpg,1,Yawn,
C:\Users\dell\OneDrive\Documents\sts\driver drowsiness detction hybrid\mouth\no yawn\5220.jpg,0,No Yawn,
C:\Users\dell\OneDrive\Documents\sts\driver drowsiness detction hybrid\mouth\yawn\589.jpg,1,Yawn,
C:\Users\dell\OneDrive\Documents\sts\driver drowsiness detction hybrid\mouth\no yawn\4978.jpg,0,No Yawn,
C:\Users\dell\OneDrive\Documents\sts\driver drowsiness detction hybrid\mouth\no yawn\3786.jpg,0,No Yawn,
C:\Users\dell\OneDrive\Documents\sts\driver drowsiness detction hybrid\mouth\no yawn\5145.jpg,0,No Yawn,
C:\Users\dell\OneDrive\Documents\sts\driver drowsiness detction hybrid\mouth\no yawn\4063.jpg,0,No Yawn,
C:\Users\dell\OneDrive\Documents\sts\driver drowsiness detction hybrid\mouth\no yawn\3913.jpg,0,No Yawn,
C:\Users\dell\OneDrive\Documents\sts\driver drowsiness detction hybrid\mouth\no yawn\4221.jpg,0,No Yawn,
C:\Users\dell\OneDrive\Documents\sts\driver drowsiness detction hybrid\mouth\yawn\1792.jpg,1,Yawn,
C:\Users\dell\OneDrive\Documents\sts\driver drowsiness detction hybrid\mouth\no yawn\4940.jpg,0,No Yawn,
C:\Users\dell\OneDrive\Documents\sts\driver drowsiness detction hybrid\mouth\yawn\1645.jpg,1,Yawn,
C:\Users\dell\OneDrive\Documents\sts\driver drowsiness detction hybrid\mouth\yawn\25.jpg,1,Yawn,
C:\Users\dell\OneDrive\Documents\sts\driver drowsiness detction hybrid\mouth\yawn\160.jpg,1,Yawn,
C:\Users\dell\OneDrive\Documents\sts\driver drowsiness detction hybrid\mouth\yawn\540.jpg,1,Yawn,
C:\Users\dell\OneDrive\Documents\sts\driver drowsiness detction hybrid\mouth\no yawn\3632.jpg,0,No Yawn,
C:\Users\dell\OneDrive\Documents\sts\driver drowsiness detction hybrid\mouth\no yawn\5264.jpg,0,No Yawn,
C:\Users\dell\OneDrive\Documents\sts\driver drowsiness detction hybrid\mouth\yawn\2535.jpg,1,Yawn,
C:\Users\dell\OneDrive\Documents\sts\driver drowsiness detction hybrid\mouth\yawn\1821.jpg,1,Yawn,
C:\Users\dell\OneDrive\Documents\sts\driver drowsiness detction hybrid\mouth\no yawn\3815.jpg,0,No Yawn,
C:\Users\dell\OneDrive\Documents\sts\driver drowsiness detction hybrid\mouth\yawn\2643.jpg,1,Yawn,
C:\Users\dell\OneDrive\Documents\sts\driver drowsiness detction hybrid\mouth\no yawn\4586.jpg,0,No Yawn,
C:\Users\dell\OneDrive\Documents\sts\driver drowsiness detction hybrid\mouth\no yawn\3207.jpg,0,No Yawn,
C:\Users\dell\OneDrive\Documents\sts\driver drowsiness detction hybrid\mouth\no yawn\4515.jpg,0,No Yawn,
C:\Users\dell\OneDrive\Documents\sts\driver drowsiness detction hybrid\mouth\yawn\1311.jpg,1,Yawn,
C:\Users\dell\OneDrive\Documents\sts\driver drowsiness detction hybrid\mouth\no yawn\4391.jpg,0,No Yawn,
C:\Users\dell\OneDrive\Documents\sts\driver drowsiness detction hybrid\mouth\no yawn\4531.jpg,0,No Yawn,
C:\Users\dell\OneDrive\Documents\sts\driver drowsiness detction hybrid\mouth\yawn\1592.jpg,1,Yawn,
C:\Users\dell\OneDrive\Documents\sts\driver drowsiness detction hybrid\mouth\no yawn\3029.jpg,0,No Yawn,
C:\Users\dell\OneDrive\Documents\sts\driver drowsiness detction hybrid\mouth\no yawn\3349.jpg,0,No Yawn,
C:\Users\dell\OneDrive\Documents\sts\driver drowsiness detction hybrid\mouth\yawn\2577.jpg,1,Yawn,
C:\Users\dell\OneDrive\Documents\sts\driver drowsiness detction hybrid\mouth\no yawn\3546.jpg,0,No Yawn,
C:\Users\dell\OneDrive\Documents\sts\driver drowsiness detction hybrid\mouth\no yawn\3380.jpg,0,No Yawn,
C:\Users\dell\OneDrive\Documents\sts\driver drowsiness detction hybrid\mouth\no yawn\2891.jpg,0,No Yawn,
C:\Users\dell\OneDrive\Documents\sts\driver drowsiness detction hybrid\mouth\no yawn\2925.jpg,0,No Yawn,
C:\Users\dell\OneDrive\Documents\sts\driver drowsiness detction hybrid\mouth\yawn\2706.jpg,1,Yawn,
C:\Users\dell\OneDrive\Documents\sts\driver drowsiness detction hybrid\mouth\yawn\1025.jpg,1,Yawn,
C:\Users\dell\OneDrive\Documents\sts\driver drowsiness detction hybrid\mouth\no yawn\3254.jpg,0,No Yawn,
C:\Users\dell\OneDrive\Documents\sts\driver drowsiness detction hybrid\mouth\yawn\123.jpg,1,Yawn,
C:\Users\dell\OneDrive\Documents\sts\driver drowsiness detction hybrid\mouth\no yawn\3138.jpg,0,No Yawn,
C:\Users\dell\OneDrive\Documents\sts\driver drowsiness detction hybrid\mouth\no yawn\5381.jpg,0,No Yawn,
C:\Users\dell\OneDrive\Documents\sts\driver drowsiness detction hybrid\mouth\no yawn\3215.jpg,0,No Yawn,
C:\Users\dell\OneDrive\Documents\sts\driver drowsiness detction hybrid\mouth\no yawn\3183.jpg,0,No Yawn,
C:\Users\dell\OneDrive\Documents\sts\driver drowsiness detction hybrid\mouth\yawn\1523.jpg,1,Yawn,
C:\Users\dell\OneDrive\Documents\sts\driver drowsiness detction hybrid\mouth\no yawn\3343.jpg,0,No Yawn,
C:\Users\dell\OneDrive\Documents\sts\driver drowsiness detction hybrid\mouth\no yawn\5486.jpg,0,No Yawn,
C:\Users\dell\OneDrive\Documents\sts\driver drowsiness detction hybrid\mouth\yawn\189.jpg,1,Yawn,
C:\Users\dell\OneDrive\Documents\sts\driver drowsiness detction hybrid\mouth\no yawn\3120.jpg,0,No Yawn,
C:\Users\dell\OneDrive\Documents\sts\driver drowsiness detction hybrid\mouth\no yawn\2854.jpg,0,No Yawn,
C:\Users\dell\OneDrive\Documents\sts\driver drowsiness detction hybrid\mouth\yawn\2154.jpg,1,Yawn,
C:\Users\dell\OneDrive\Documents\sts\driver drowsiness detction hybrid\mouth\no yawn\2782.jpg,0,No Yawn,
C:\Users\dell\OneDrive\Documents\sts\driver drowsiness detction hybrid\mouth\no yawn\5524.jpg,0,No Yawn,
C:\Users\dell\OneDrive\Documents\sts\driver drowsiness detction hybrid\mouth\no yawn\3157.jpg,0,No Yawn,
C:\Users\dell\OneDrive\Documents\sts\driver drowsiness detction hybrid\mouth\no yawn\3457.jpg,0,No Yawn,
C:\Users\dell\OneDrive\Documents\sts\driver drowsiness detction hybrid\mouth\no yawn\3737.jpg,0,No Yawn,
C:\Users\dell\OneDrive\Documents\sts\driver drowsiness detction hybrid\mouth\no yawn\5420.jpg,0,No Yawn,
C:\Users\dell\OneDrive\Documents\sts\driver drowsiness detction hybrid\mouth\yawn\2564.jpg,1,Yawn,
C:\Users\dell\OneDrive\Documents\sts\driver drowsiness detction hybrid\mouth\no yawn\3385.jpg,0,No Yawn,
C:\Users\dell\OneDrive\Documents\sts\driver drowsiness detction hybrid\mouth\yawn\346.jpg,1,Yawn,
C:\Users\dell\OneDrive\Documents\sts\driver drowsiness detction hybrid\mouth\no yawn\5286.jpg,0,No Yawn,
C:\Users\dell\OneDrive\Documents\sts\driver drowsiness detction hybrid\mouth\yawn\790.jpg,1,Yawn,
C:\Users\dell\OneDrive\Documents\sts\driver drowsiness detction hybrid\mouth\no yawn\3878.jpg,0,No Yawn,
C:\Users\dell\OneDrive\Documents\sts\driver drowsiness detction hybrid\mouth\no yawn\4727.jpg,0,No Yawn,
C:\Users\dell\OneDrive\Documents\sts\driver drowsiness detction hybrid\mouth\yawn\2750.jpg,1,Yawn,
C:\Users\dell\OneDrive\Documents\sts\driver drowsiness detction hybrid\mouth\no yawn\2946.jpg,0,No Yawn,
C:\Users\dell\OneDrive\Documents\sts\driver drowsiness detction hybrid\mouth\no yawn\5399.jpg,0,No Yawn,
C:\Users\dell\OneDrive\Documents\sts\driver drowsiness detction hybrid\mouth\no yawn\3581.jpg,0,No Yawn,
C:\Users\dell\OneDrive\Documents\sts\driver drowsiness detction hybrid\mouth\yawn\1925.jpg,1,Yawn,
C:\Users\dell\OneDrive\Documents\sts\driver drowsiness detction hybrid\mouth\yawn\2222.jpg,1,Yawn,
C:\Users\dell\OneDrive\Documents\sts\driver drowsiness detction hybrid\mouth\yawn\1468.jpg,1,Yawn,
C:\Users\dell\OneDrive\Documents\sts\driver drowsiness detction hybrid\mouth\no yawn\3123.jpg,0,No Yawn,
C:\Users\dell\OneDrive\Documents\sts\driver drowsiness detction hybrid\mouth\yawn\1610.jpg,1,Yawn,
C:\Users\dell\OneDrive\Documents\sts\driver drowsiness detction hybrid\mouth\no yawn\3656.jpg,0,No Yawn,
C:\Users\dell\OneDrive\Documents\sts\driver drowsiness detction hybrid\mouth\yawn\2555.jpg,1,Yawn,
C:\Users\dell\OneDrive\Documents\sts\driver drowsiness detction hybrid\mouth\no yawn\3429.jpg,0,No Yawn,
C:\Users\dell\OneDrive\Documents\sts\driver drowsiness detction hybrid\mouth\no yawn\4226.jpg,0,No Yawn,
C:\Users\dell\OneDrive\Documents\sts\driver drowsiness detction hybrid\mouth\yawn\2545.jpg,1,Yawn,
C:\Users\dell\OneDrive\Documents\sts\driver drowsiness detction hybrid\mouth\no yawn\5504.jpg,0,No Yawn,
C:\Users\dell\OneDrive\Documents\sts\driver drowsiness detction hybrid\mouth\no yawn\3963.jpg,0,No Yawn,
C:\Users\dell\OneDrive\Documents\sts\driver drowsiness detction hybrid\mouth\no yawn\5295.jpg,0,No Yawn,
C:\Users\dell\OneDrive\Documents\sts\driver drowsiness detction hybrid\mouth\no yawn\3014.jpg,0,No Yawn,
C:\Users\dell\OneDrive\Documents\sts\driver drowsiness detction hybrid\mouth\yawn\1534.jpg,1,Yawn,
C:\Users\dell\OneDrive\Documents\sts\driver drowsiness detction hybrid\mouth\yawn\632.jpg,1,Yawn,
C:\Users\dell\OneDrive\Documents\sts\driver drowsiness detction hybrid\mouth\no yawn\5478.jpg,0,No Yawn,
C:\Users\dell\OneDrive\Documents\sts\driver drowsiness detction hybrid\mouth\yawn\2338.jpg,1,Yawn,
C:\Users\dell\OneDrive\Documents\sts\driver drowsiness detction hybrid\mouth\yawn\976.jpg,1,Yawn,
C:\Users\dell\OneDrive\Documents\sts\driver drowsiness detction hybrid\mouth\no yawn\5191.jpg,0,No Yawn,
C:\Users\dell\OneDrive\Documents\sts\driver drowsiness detction hybrid\mouth\no yawn\3946.jpg,0,No Yawn,
C:\Users\dell\OneDrive\Documents\sts\driver drowsiness detction hybrid\mouth\yawn\677.jpg,1,Yawn,
C:\Users\dell\OneDrive\Documents\sts\driver drowsiness detction hybrid\mouth\no yawn\4931.jpg,0,No Yawn,
C:\Users\dell\OneDrive\Documents\sts\driver drowsiness detction hybrid\mouth\yawn\534.jpg,1,Yawn,
C:\Users\dell\OneDrive\Documents\sts\driver drowsiness detction hybrid\mouth\yawn\1501.jpg,1,Yawn,
C:\Users\dell\OneDrive\Documents\sts\driver drowsiness detction hybrid\mouth\no yawn\2928.jpg,0,No Yawn,
C:\Users\dell\OneDrive\Documents\sts\driver drowsiness detction hybrid\mouth\yawn\1568.jpg,1,Yawn,
C:\Users\dell\OneDrive\Documents\sts\driver drowsiness detction hybrid\mouth\no yawn\5008.jpg,0,No Yawn,
C:\Users\dell\OneDrive\Documents\sts\driver drowsiness detction hybrid\mouth\yawn\1406.jpg,1,Yawn,
C:\Users\dell\OneDrive\Documents\sts\driver drowsiness detction hybrid\mouth\yawn\2758.jpg,1,Yawn,
C:\Users\dell\OneDrive\Documents\sts\driver drowsiness detction hybrid\mouth\yawn\2442.jpg,1,Yawn,
C:\Users\dell\OneDrive\Documents\sts\driver drowsiness detction hybrid\mouth\yawn\2038.jpg,1,Yawn,
C:\Users\dell\OneDrive\Documents\sts\driver drowsiness detction hybrid\mouth\no yawn\3311.jpg,0,No Yawn,
C:\Users\dell\OneDrive\Documents\sts\driver drowsiness detction hybrid\mouth\no yawn\3291.jpg,0,No Yawn,
C:\Users\dell\OneDrive\Documents\sts\driver drowsiness detction hybrid\mouth\no yawn\4080.jpg,0,No Yawn,
C:\Users\dell\OneDrive\Documents\sts\driver drowsiness detction hybrid\mouth\no yawn\4343.jpg,0,No Yawn,
C:\Users\dell\OneDrive\Documents\sts\driver drowsiness detction hybrid\mouth\yawn\779.jpg,1,Yawn,
C:\Users\dell\OneDrive\Documents\sts\driver drowsiness detction hybrid\mouth\no yawn\3959.jpg,0,No Yawn,
C:\Users\dell\OneDrive\Documents\sts\driver drowsiness detction hybrid\mouth\no yawn\5369.jpg,0,No Yawn,
C:\Users\dell\OneDrive\Documents\sts\driver drowsiness detction hybrid\mouth\no yawn\3497.jpg,0,No Yawn,
C:\Users\dell\OneDrive\Documents\sts\driver drowsiness detction hybrid\mouth\yawn\1355.jpg,1,Yawn,
C:\Users\dell\OneDrive\Documents\sts\driver drowsiness detction hybrid\mouth\no yawn\4428.jpg,0,No Yawn,
C:\Users\dell\OneDrive\Documents\sts\driver drowsiness detction hybrid\mouth\yawn\1673.jpg,1,Yawn,
C:\Users\dell\OneDrive\Documents\sts\driver drowsiness detction hybrid\mouth\yawn\2489.jpg,1,Yawn,
C:\Users\dell\OneDrive\Documents\sts\driver drowsiness detction hybrid\mouth\no yawn\3932.jpg,0,No Yawn,
C:\Users\dell\OneDrive\Documents\sts\driver drowsiness detction hybrid\mouth\yawn\2528.jpg,1,Yawn,
C:\Users\dell\OneDrive\Documents\sts\driver drowsiness detction hybrid\mouth\yawn\2207.jpg,1,Yawn,
C:\Users\dell\OneDrive\Documents\sts\driver drowsiness detction hybrid\mouth\yawn\1388.jpg,1,Yawn,
C:\Users\dell\OneDrive\Documents\sts\driver drowsiness detction hybrid\mouth\no yawn\5527.jpg,0,No Yawn,
C:\Users\dell\OneDrive\Documents\sts\driver drowsiness detction hybrid\mouth\no yawn\3889.jpg,0,No Yawn,
C:\Users\dell\OneDrive\Documents\sts\driver drowsiness detction hybrid\mouth\no yawn\3213.jpg,0,No Yawn,
C:\Users\dell\OneDrive\Documents\sts\driver drowsiness detction hybrid\mouth\no yawn\2911.jpg,0,No Yawn,
C:\Users\dell\OneDrive\Documents\sts\driver drowsiness detction hybrid\mouth\no yawn\4451.jpg,0,No Yawn,
C:\Users\dell\OneDrive\Documents\sts\driver drowsiness detction hybrid\mouth\no yawn\5488.jpg,0,No Yawn,
C:\Users\dell\OneDrive\Documents\sts\driver drowsiness detction hybrid\mouth\no yawn\5387.jpg,0,No Yawn,
C:\Users\dell\OneDrive\Documents\sts\driver drowsiness detction hybrid\mouth\no yawn\4994.jpg,0,No Yawn,
C:\Users\dell\OneDrive\Documents\sts\driver drowsiness detction hybrid\mouth\yawn\1723.jpg,1,Yawn,
C:\Users\dell\OneDrive\Documents\sts\driver drowsiness detction hybrid\mouth\yawn\2754.jpg,1,Yawn,
C:\Users\dell\OneDrive\Documents\sts\driver drowsiness detction hybrid\mouth\no yawn\4830.jpg,0,No Yawn,
C:\Users\dell\OneDrive\Documents\sts\driver drowsiness detction hybrid\mouth\no yawn\5235.jpg,0,No Yawn,
C:\Users\dell\OneDrive\Documents\sts\driver drowsiness detction hybrid\mouth\no yawn\4811.jpg,0,No Yawn,
C:\Users\dell\OneDrive\Documents\sts\driver drowsiness detction hybrid\mouth\yawn\1143.jpg,1,Yawn,
C:\Users\dell\OneDrive\Documents\sts\driver drowsiness detction hybrid\mouth\no yawn\3060.jpg,0,No Yawn,
C:\Users\dell\OneDrive\Documents\sts\driver drowsiness detction hybrid\mouth\yawn\1108.jpg,1,Yawn,
C:\Users\dell\OneDrive\Documents\sts\driver drowsiness detction hybrid\mouth\yawn\165.jpg,1,Yawn,
C:\Users\dell\OneDrive\Documents\sts\driver drowsiness detction hybrid\mouth\no yawn\5143.jpg,0,No Yawn,
C:\Users\dell\OneDrive\Documents\sts\driver drowsiness detction hybrid\mouth\yawn\129.jpg,1,Yawn,
C:\Users\dell\OneDrive\Documents\sts\driver drowsiness detction hybrid\mouth\no yawn\5301.jpg,0,No Yawn,
C:\Users\dell\OneDrive\Documents\sts\driver drowsiness detction hybrid\mouth\no yawn\3400.jpg,0,No Yawn,
C:\Users\dell\OneDrive\Documents\sts\driver drowsiness detction hybrid\mouth\yawn\194.jpg,1,Yawn,
C:\Users\dell\OneDrive\Documents\sts\driver drowsiness detction hybrid\mouth\no yawn\4517.jpg,0,No Yawn,
C:\Users\dell\OneDrive\Documents\sts\driver drowsiness detction hybrid\mouth\no yawn\3755.jpg,0,No Yawn,
C:\Users\dell\OneDrive\Documents\sts\driver drowsiness detction hybrid\mouth\yawn\175.jpg,1,Yawn,
C:\Users\dell\OneDrive\Documents\sts\driver drowsiness detction hybrid\mouth\no yawn\3110.jpg,0,No Yawn,
C:\Users\dell\OneDrive\Documents\sts\driver drowsiness detction hybrid\mouth\yawn\1223.jpg,1,Yawn,
C:\Users\dell\OneDrive\Documents\sts\driver drowsiness detction hybrid\mouth\no yawn\4589.jpg,0,No Yawn,
C:\Users\dell\OneDrive\Documents\sts\driver drowsiness detction hybrid\mouth\no yawn\4474.jpg,0,No Yawn,
C:\Users\dell\OneDrive\Documents\sts\driver drowsiness detction hybrid\mouth\no yawn\5192.jpg,0,No Yawn,
C:\Users\dell\OneDrive\Documents\sts\driver drowsiness detction hybrid\mouth\yawn\2185.jpg,1,Yawn,
C:\Users\dell\OneDrive\Documents\sts\driver drowsiness detction hybrid\mouth\yawn\719.jpg,1,Yawn,
C:\Users\dell\OneDrive\Documents\sts\driver drowsiness detction hybrid\mouth\yawn\2525.jpg,1,Yawn,
C:\Users\dell\OneDrive\Documents\sts\driver drowsiness detction hybrid\mouth\no yawn\3818.jpg,0,No Yawn,
C:\Users\dell\OneDrive\Documents\sts\driver drowsiness detction hybrid\mouth\no yawn\5074.jpg,0,No Yawn,
C:\Users\dell\OneDrive\Documents\sts\driver drowsiness detction hybrid\mouth\no yawn\3594.jpg,0,No Yawn,
C:\Users\dell\OneDrive\Documents\sts\driver drowsiness detction hybrid\mouth\no yawn\4338.jpg,0,No Yawn,
C:\Users\dell\OneDrive\Documents\sts\driver drowsiness detction hybrid\mouth\yawn\1134.jpg,1,Yawn,
C:\Users\dell\OneDrive\Documents\sts\driver drowsiness detction hybrid\mouth\yawn\2463.jpg,1,Yawn,
C:\Users\dell\OneDrive\Documents\sts\driver drowsiness detction hybrid\mouth\no yawn\4672.jpg,0,No Yawn,
C:\Users\dell\OneDrive\Documents\sts\driver drowsiness detction hybrid\mouth\yawn\1503.jpg,1,Yawn,
C:\Users\dell\OneDrive\Documents\sts\driver drowsiness detction hybrid\mouth\yawn\513.jpg,1,Yawn,
C:\Users\dell\OneDrive\Documents\sts\driver drowsiness detction hybrid\mouth\no yawn\4947.jpg,0,No Yawn,
C:\Users\dell\OneDrive\Documents\sts\driver drowsiness detction hybrid\mouth\no yawn\4378.jpg,0,No Yawn,
C:\Users\dell\OneDrive\Documents\sts\driver drowsiness detction hybrid\mouth\yawn\1168.jpg,1,Yawn,
C:\Users\dell\OneDrive\Documents\sts\driver drowsiness detction hybrid\mouth\yawn\1027.jpg,1,Yawn,
C:\Users\dell\OneDrive\Documents\sts\driver drowsiness detction hybrid\mouth\no yawn\3346.jpg,0,No Yawn,
C:\Users\dell\OneDrive\Documents\sts\driver drowsiness detction hybrid\mouth\yawn\178.jpg,1,Yawn,
C:\Users\dell\OneDrive\Documents\sts\driver drowsiness detction hybrid\mouth\yawn\143.jpg,1,Yawn,
C:\Users\dell\OneDrive\Documents\sts\driver drowsiness detction hybrid\mouth\yawn\558.jpg,1,Yawn,
C:\Users\dell\OneDrive\Documents\sts\driver drowsiness detction hybrid\mouth\no yawn\3978.jpg,0,No Yawn,
C:\Users\dell\OneDrive\Documents\sts\driver drowsiness detction hybrid\mouth\yawn\2446.jpg,1,Yawn,
C:\Users\dell\OneDrive\Documents\sts\driver drowsiness detction hybrid\mouth\yawn\227.jpg,1,Yawn,
C:\Users\dell\OneDrive\Documents\sts\driver drowsiness detction hybrid\mouth\no yawn\3037.jpg,0,No Yawn,
C:\Users\dell\OneDrive\Documents\sts\driver drowsiness detction hybrid\mouth\yawn\642.jpg,1,Yawn,
C:\Users\dell\OneDrive\Documents\sts\driver drowsiness detction hybrid\mouth\yawn\1449.jpg,1,Yawn,
C:\Users\dell\OneDrive\Documents\sts\driver drowsiness detction hybrid\mouth\no yawn\2941.jpg,0,No Yawn,
C:\Users\dell\OneDrive\Documents\sts\driver drowsiness detction hybrid\mouth\yawn\2476.jpg,1,Yawn,
C:\Users\dell\OneDrive\Documents\sts\driver drowsiness detction hybrid\mouth\no yawn\3101.jpg,0,No Yawn,
C:\Users\dell\OneDrive\Documents\sts\driver drowsiness detction hybrid\mouth\no yawn\3441.jpg,0,No Yawn,
C:\Users\dell\OneDrive\Documents\sts\driver drowsiness detction hybrid\mouth\yawn\1019.jpg,1,Yawn,
C:\Users\dell\OneDrive\Documents\sts\driver drowsiness detction hybrid\mouth\yawn\2663.jpg,1,Yawn,
C:\Users\dell\OneDrive\Documents\sts\driver drowsiness detction hybrid\mouth\no yawn\3602.jpg,0,No Yawn,
C:\Users\dell\OneDrive\Documents\sts\driver drowsiness detction hybrid\mouth\yawn\357.jpg,1,Yawn,
C:\Users\dell\OneDrive\Documents\sts\driver drowsiness detction hybrid\mouth\yawn\1930.jpg,1,Yawn,
C:\Users\dell\OneDrive\Documents\sts\driver drowsiness detction hybrid\mouth\no yawn\3647.jpg,0,No Yawn,
C:\Users\dell\OneDrive\Documents\sts\driver drowsiness detction hybrid\mouth\yawn\701.jpg,1,Yawn,
C:\Users\dell\OneDrive\Documents\sts\driver drowsiness detction hybrid\mouth\no yawn\2939.jpg,0,No Yawn,
C:\Users\dell\OneDrive\Documents\sts\driver drowsiness detction hybrid\mouth\yawn\397.jpg,1,Yawn,
C:\Users\dell\OneDrive\Documents\sts\driver drowsiness detction hybrid\mouth\no yawn\4430.jpg,0,No Yawn,
C:\Users\dell\OneDrive\Documents\sts\driver drowsiness detction hybrid\mouth\yawn\571.jpg,1,Yawn,
C:\Users\dell\OneDrive\Documents\sts\driver drowsiness detction hybrid\mouth\no yawn\5181.jpg,0,No Yawn,
C:\Users\dell\OneDrive\Documents\sts\driver drowsiness detction hybrid\mouth\yawn\2699.jpg,1,Yawn,
C:\Users\dell\OneDrive\Documents\sts\driver drowsiness detction hybrid\mouth\yawn\1489.jpg,1,Yawn,
C:\Users\dell\OneDrive\Documents\sts\driver drowsiness detction hybrid\mouth\yawn\2406.jpg,1,Yawn,
C:\Users\dell\OneDrive\Documents\sts\driver drowsiness detction hybrid\mouth\no yawn\4164.jpg,0,No Yawn,
C:\Users\dell\OneDrive\Documents\sts\driver drowsiness detction hybrid\mouth\no yawn\5482.jpg,0,No Yawn,
C:\Users\dell\OneDrive\Documents\sts\driver drowsiness detction hybrid\mouth\yawn\159.jpg,1,Yawn,
C:\Users\dell\OneDrive\Documents\sts\driver drowsiness detction hybrid\mouth\no yawn\4111.jpg,0,No Yawn,
C:\Users\dell\OneDrive\Documents\sts\driver drowsiness detction hybrid\mouth\yawn\2454.jpg,1,Yawn,
C:\Users\dell\OneDrive\Documents\sts\driver drowsiness detction hybrid\mouth\yawn\526.jpg,1,Yawn,
C:\Users\dell\OneDrive\Documents\sts\driver drowsiness detction hybrid\mouth\yawn\1469.jpg,1,Yawn,
C:\Users\dell\OneDrive\Documents\sts\driver drowsiness detction hybrid\mouth\yawn\2319.jpg,1,Yawn,
C:\Users\dell\OneDrive\Documents\sts\driver drowsiness detction hybrid\mouth\no yawn\2956.jpg,0,No Yawn,
C:\Users\dell\OneDrive\Documents\sts\driver drowsiness detction hybrid\mouth\yawn\2591.jpg,1,Yawn,
C:\Users\dell\OneDrive\Documents\sts\driver drowsiness detction hybrid\mouth\no yawn\4094.jpg,0,No Yawn,
C:\Users\dell\OneDrive\Documents\sts\driver drowsiness detction hybrid\mouth\yawn\96.jpg,1,Yawn,
C:\Users\dell\OneDrive\Documents\sts\driver drowsiness detction hybrid\mouth\no yawn\4704.jpg,0,No Yawn,
C:\Users\dell\OneDrive\Documents\sts\driver drowsiness detction hybrid\mouth\yawn\1538.jpg,1,Yawn,
C:\Users\dell\OneDrive\Documents\sts\driver drowsiness detction hybrid\mouth\no yawn\2773.jpg,0,No Yawn,
C:\Users\dell\OneDrive\Documents\sts\driver drowsiness detction hybrid\mouth\no yawn\3218.jpg,0,No Yawn,
C:\Users\dell\OneDrive\Documents\sts\driver drowsiness detction hybrid\mouth\yawn\79.jpg,1,Yawn,
C:\Users\dell\OneDrive\Documents\sts\driver drowsiness detction hybrid\mouth\yawn\1001.jpg,1,Yawn,
C:\Users\dell\OneDrive\Documents\sts\driver drowsiness detction hybrid\mouth\yawn\1069.jpg,1,Yawn,
C:\Users\dell\OneDrive\Documents\sts\driver drowsiness detction hybrid\mouth\yawn\2590.jpg,1,Yawn,
C:\Users\dell\OneDrive\Documents\sts\driver drowsiness detction hybrid\mouth\no yawn\5419.jpg,0,No Yawn,
C:\Users\dell\OneDrive\Documents\sts\driver drowsiness detction hybrid\mouth\yawn\2268.jpg,1,Yawn,
C:\Users\dell\OneDrive\Documents\sts\driver drowsiness detction hybrid\mouth\yawn\1484.jpg,1,Yawn,
C:\Users\dell\OneDrive\Documents\sts\driver drowsiness detction hybrid\mouth\no yawn\4966.jpg,0,No Yawn,
C:\Users\dell\OneDrive\Documents\sts\driver drowsiness detction hybrid\mouth\no yawn\4513.jpg,0,No Yawn,
C:\Users\dell\OneDrive\Documents\sts\driver drowsiness detction hybrid\mouth\no yawn\4849.jpg,0,No Yawn,
C:\Users\dell\OneDrive\Documents\sts\driver drowsiness detction hybrid\mouth\yawn\6.jpg,1,Yawn,
C:\Users\dell\OneDrive\Documents\sts\driver drowsiness detction hybrid\mouth\no yawn\2991.jpg,0,No Yawn,
C:\Users\dell\OneDrive\Documents\sts\driver drowsiness detction hybrid\mouth\no yawn\4755.jpg,0,No Yawn,
C:\Users\dell\OneDrive\Documents\sts\driver drowsiness detction hybrid\mouth\yawn\2701.jpg,1,Yawn,
C:\Users\dell\OneDrive\Documents\sts\driver drowsiness detction hybrid\mouth\yawn\2215.jpg,1,Yawn,
C:\Users\dell\OneDrive\Documents\sts\driver drowsiness detction hybrid\mouth\no yawn\4135.jpg,0,No Yawn,
C:\Users\dell\OneDrive\Documents\sts\driver drowsiness detction hybrid\mouth\yawn\2465.jpg,1,Yawn,
C:\Users\dell\OneDrive\Documents\sts\driver drowsiness detction hybrid\mouth\yawn\2050.jpg,1,Yawn,
C:\Users\dell\OneDrive\Documents\sts\driver drowsiness detction hybrid\mouth\yawn\2158.jpg,1,Yawn,
C:\Users\dell\OneDrive\Documents\sts\driver drowsiness detction hybrid\mouth\yawn\2732.jpg,1,Yawn,
C:\Users\dell\OneDrive\Documents\sts\driver drowsiness detction hybrid\mouth\no yawn\3383.jpg,0,No Yawn,
C:\Users\dell\OneDrive\Documents\sts\driver drowsiness detction hybrid\mouth\no yawn\3009.jpg,0,No Yawn,
C:\Users\dell\OneDrive\Documents\sts\driver drowsiness detction hybrid\mouth\no yawn\2992.jpg,0,No Yawn,
C:\Users\dell\OneDrive\Documents\sts\driver drowsiness detction hybrid\mouth\yawn\2138.jpg,1,Yawn,
C:\Users\dell\OneDrive\Documents\sts\driver drowsiness detction hybrid\mouth\yawn\210.jpg,1,Yawn,
C:\Users\dell\OneDrive\Documents\sts\driver drowsiness detction hybrid\mouth\no yawn\2770.jpg,0,No Yawn,
C:\Users\dell\OneDrive\Documents\sts\driver drowsiness detction hybrid\mouth\yawn\1258.jpg,1,Yawn,
C:\Users\dell\OneDrive\Documents\sts\driver drowsiness detction hybrid\mouth\no yawn\4916.jpg,0,No Yawn,
C:\Users\dell\OneDrive\Documents\sts\driver drowsiness detction hybrid\mouth\no yawn\3503.jpg,0,No Yawn,
C:\Users\dell\OneDrive\Documents\sts\driver drowsiness detction hybrid\mouth\no yawn\3592.jpg,0,No Yawn,
C:\Users\dell\OneDrive\Documents\sts\driver drowsiness detction hybrid\mouth\no yawn\2768.jpg,0,No Yawn,
C:\Users\dell\OneDrive\Documents\sts\driver drowsiness detction hybrid\mouth\no yawn\3047.jpg,0,No Yawn,
C:\Users\dell\OneDrive\Documents\sts\driver drowsiness detction hybrid\mouth\no yawn\5217.jpg,0,No Yawn,
C:\Users\dell\OneDrive\Documents\sts\driver drowsiness detction hybrid\mouth\no yawn\3704.jpg,0,No Yawn,
C:\Users\dell\OneDrive\Documents\sts\driver drowsiness detction hybrid\mouth\yawn\2479.jpg,1,Yawn,
C:\Users\dell\OneDrive\Documents\sts\driver drowsiness detction hybrid\mouth\yawn\2421.jpg,1,Yawn,
C:\Users\dell\OneDrive\Documents\sts\driver drowsiness detction hybrid\mouth\yawn\409.jpg,1,Yawn,
C:\Users\dell\OneDrive\Documents\sts\driver drowsiness detction hybrid\mouth\no yawn\4039.jpg,0,No Yawn,
C:\Users\dell\OneDrive\Documents\sts\driver drowsiness detction hybrid\mouth\yawn\2669.jpg,1,Yawn,
C:\Users\dell\OneDrive\Documents\sts\driver drowsiness detction hybrid\mouth\no yawn\3711.jpg,0,No Yawn,
C:\Users\dell\OneDrive\Documents\sts\driver drowsiness detction hybrid\mouth\no yawn\4021.jpg,0,No Yawn,
C:\Users\dell\OneDrive\Documents\sts\driver drowsiness detction hybrid\mouth\no yawn\3156.jpg,0,No Yawn,
C:\Users\dell\OneDrive\Documents\sts\driver drowsiness detction hybrid\mouth\yawn\16.jpg,1,Yawn,
C:\Users\dell\OneDrive\Documents\sts\driver drowsiness detction hybrid\mouth\yawn\1720.jpg,1,Yawn,
C:\Users\dell\OneDrive\Documents\sts\driver drowsiness detction hybrid\mouth\yawn\2057.jpg,1,Yawn,
C:\Users\dell\OneDrive\Documents\sts\driver drowsiness detction hybrid\mouth\no yawn\4686.jpg,0,No Yawn,
C:\Users\dell\OneDrive\Documents\sts\driver drowsiness detction hybrid\mouth\yawn\706.jpg,1,Yawn,
C:\Users\dell\OneDrive\Documents\sts\driver drowsiness detction hybrid\mouth\no yawn\4739.jpg,0,No Yawn,
C:\Users\dell\OneDrive\Documents\sts\driver drowsiness detction hybrid\mouth\no yawn\3657.jpg,0,No Yawn,
C:\Users\dell\OneDrive\Documents\sts\driver drowsiness detction hybrid\mouth\yawn\507.jpg,1,Yawn,
C:\Users\dell\OneDrive\Documents\sts\driver drowsiness detction hybrid\mouth\yawn\258.jpg,1,Yawn,
C:\Users\dell\OneDrive\Documents\sts\driver drowsiness detction hybrid\mouth\yawn\2497.jpg,1,Yawn,
C:\Users\dell\OneDrive\Documents\sts\driver drowsiness detction hybrid\mouth\no yawn\3595.jpg,0,No Yawn,
C:\Users\dell\OneDrive\Documents\sts\driver drowsiness detction hybrid\mouth\no yawn\5332.jpg,0,No Yawn,
C:\Users\dell\OneDrive\Documents\sts\driver drowsiness detction hybrid\mouth\no yawn\4614.jpg,0,No Yawn,
C:\Users\dell\OneDrive\Documents\sts\driver drowsiness detction hybrid\mouth\no yawn\3435.jpg,0,No Yawn,
C:\Users\dell\OneDrive\Documents\sts\driver drowsiness detction hybrid\mouth\yawn\2423.jpg,1,Yawn,
C:\Users\dell\OneDrive\Documents\sts\driver drowsiness detction hybrid\mouth\yawn\61.jpg,1,Yawn,
C:\Users\dell\OneDrive\Documents\sts\driver drowsiness detction hybrid\mouth\no yawn\4784.jpg,0,No Yawn,
C:\Users\dell\OneDrive\Documents\sts\driver drowsiness detction hybrid\mouth\yawn\2033.jpg,1,Yawn,
C:\Users\dell\OneDrive\Documents\sts\driver drowsiness detction hybrid\mouth\no yawn\4252.jpg,0,No Yawn,
C:\Users\dell\OneDrive\Documents\sts\driver drowsiness detction hybrid\mouth\yawn\951.jpg,1,Yawn,
C:\Users\dell\OneDrive\Documents\sts\driver drowsiness detction hybrid\mouth\no yawn\3076.jpg,0,No Yawn,
C:\Users\dell\OneDrive\Documents\sts\driver drowsiness detction hybrid\mouth\no yawn\2957.jpg,0,No Yawn,
C:\Users\dell\OneDrive\Documents\sts\driver drowsiness detction hybrid\mouth\yawn\211.jpg,1,Yawn,
C:\Users\dell\OneDrive\Documents\sts\driver drowsiness detction hybrid\mouth\no yawn\2785.jpg,0,No Yawn,
C:\Users\dell\OneDrive\Documents\sts\driver drowsiness detction hybrid\mouth\no yawn\3259.jpg,0,No Yawn,
C:\Users\dell\OneDrive\Documents\sts\driver drowsiness detction hybrid\mouth\no yawn\4737.jpg,0,No Yawn,
C:\Users\dell\OneDrive\Documents\sts\driver drowsiness detction hybrid\mouth\no yawn\3065.jpg,0,No Yawn,
C:\Users\dell\OneDrive\Documents\sts\driver drowsiness detction hybrid\mouth\yawn\1945.jpg,1,Yawn,
C:\Users\dell\OneDrive\Documents\sts\driver drowsiness detction hybrid\mouth\no yawn\3776.jpg,0,No Yawn,
C:\Users\dell\OneDrive\Documents\sts\driver drowsiness detction hybrid\mouth\yawn\1075.jpg,1,Yawn,
C:\Users\dell\OneDrive\Documents\sts\driver drowsiness detction hybrid\mouth\no yawn\3873.jpg,0,No Yawn,
C:\Users\dell\OneDrive\Documents\sts\driver drowsiness detction hybrid\mouth\yawn\847.jpg,1,Yawn,
C:\Users\dell\OneDrive\Documents\sts\driver drowsiness detction hybrid\mouth\yawn\266.jpg,1,Yawn,
C:\Users\dell\OneDrive\Documents\sts\driver drowsiness detction hybrid\mouth\yawn\1393.jpg,1,Yawn,
C:\Users\dell\OneDrive\Documents\sts\driver drowsiness detction hybrid\mouth\no yawn\2873.jpg,0,No Yawn,
C:\Users\dell\OneDrive\Documents\sts\driver drowsiness detction hybrid\mouth\yawn\1094.jpg,1,Yawn,
C:\Users\dell\OneDrive\Documents\sts\driver drowsiness detction hybrid\mouth\no yawn\4392.jpg,0,No Yawn,
C:\Users\dell\OneDrive\Documents\sts\driver drowsiness detction hybrid\mouth\no yawn\3841.jpg,0,No Yawn,
C:\Users\dell\OneDrive\Documents\sts\driver drowsiness detction hybrid\mouth\no yawn\3999.jpg,0,No Yawn,
C:\Users\dell\OneDrive\Documents\sts\driver drowsiness detction hybrid\mouth\yawn\14.jpg,1,Yawn,
C:\Users\dell\OneDrive\Documents\sts\driver drowsiness detction hybrid\mouth\yawn\2262.jpg,1,Yawn,
C:\Users\dell\OneDrive\Documents\sts\driver drowsiness detction hybrid\mouth\yawn\1288.jpg,1,Yawn,
C:\Users\dell\OneDrive\Documents\sts\driver drowsiness detction hybrid\mouth\no yawn\3282.jpg,0,No Yawn,
C:\Users\dell\OneDrive\Documents\sts\driver drowsiness detction hybrid\mouth\no yawn\4169.jpg,0,No Yawn,
C:\Users\dell\OneDrive\Documents\sts\driver drowsiness detction hybrid\mouth\yawn\1854.jpg,1,Yawn,
C:\Users\dell\OneDrive\Documents\sts\driver drowsiness detction hybrid\mouth\yawn\2067.jpg,1,Yawn,
C:\Users\dell\OneDrive\Documents\sts\driver drowsiness detction hybrid\mouth\yawn\1856.jpg,1,Yawn,
C:\Users\dell\OneDrive\Documents\sts\driver drowsiness detction hybrid\mouth\no yawn\2883.jpg,0,No Yawn,
C:\Users\dell\OneDrive\Documents\sts\driver drowsiness detction hybrid\mouth\no yawn\2818.jpg,0,No Yawn,
C:\Users\dell\OneDrive\Documents\sts\driver drowsiness detction hybrid\mouth\no yawn\4651.jpg,0,No Yawn,
C:\Users\dell\OneDrive\Documents\sts\driver drowsiness detction hybrid\mouth\no yawn\3472.jpg,0,No Yawn,
C:\Users\dell\OneDrive\Documents\sts\driver drowsiness detction hybrid\mouth\no yawn\3642.jpg,0,No Yawn,
C:\Users\dell\OneDrive\Documents\sts\driver drowsiness detction hybrid\mouth\yawn\1150.jpg,1,Yawn,
C:\Users\dell\OneDrive\Documents\sts\driver drowsiness detction hybrid\mouth\yawn\1630.jpg,1,Yawn,
C:\Users\dell\OneDrive\Documents\sts\driver drowsiness detction hybrid\mouth\yawn\1390.jpg,1,Yawn,
C:\Users\dell\OneDrive\Documents\sts\driver drowsiness detction hybrid\mouth\yawn\1145.jpg,1,Yawn,
C:\Users\dell\OneDrive\Documents\sts\driver drowsiness detction hybrid\mouth\no yawn\3610.jpg,0,No Yawn,
C:\Users\dell\OneDrive\Documents\sts\driver drowsiness detction hybrid\mouth\yawn\509.jpg,1,Yawn,
C:\Users\dell\OneDrive\Documents\sts\driver drowsiness detction hybrid\mouth\yawn\842.jpg,1,Yawn,
C:\Users\dell\OneDrive\Documents\sts\driver drowsiness detction hybrid\mouth\yawn\2695.jpg,1,Yawn,
C:\Users\dell\OneDrive\Documents\sts\driver drowsiness detction hybrid\mouth\yawn\1415.jpg,1,Yawn,
C:\Users\dell\OneDrive\Documents\sts\driver drowsiness detction hybrid\mouth\yawn\1303.jpg,1,Yawn,
C:\Users\dell\OneDrive\Documents\sts\driver drowsiness detction hybrid\mouth\yawn\1561.jpg,1,Yawn,
C:\Users\dell\OneDrive\Documents\sts\driver drowsiness detction hybrid\mouth\yawn\2623.jpg,1,Yawn,
C:\Users\dell\OneDrive\Documents\sts\driver drowsiness detction hybrid\mouth\yawn\2402.jpg,1,Yawn,
C:\Users\dell\OneDrive\Documents\sts\driver drowsiness detction hybrid\mouth\no yawn\3199.jpg,0,No Yawn,
C:\Users\dell\OneDrive\Documents\sts\driver drowsiness detction hybrid\mouth\no yawn\3038.jpg,0,No Yawn,
C:\Users\dell\OneDrive\Documents\sts\driver drowsiness detction hybrid\mouth\no yawn\4569.jpg,0,No Yawn,
C:\Users\dell\OneDrive\Documents\sts\driver drowsiness detction hybrid\mouth\no yawn\5276.jpg,0,No Yawn,
C:\Users\dell\OneDrive\Documents\sts\driver drowsiness detction hybrid\mouth\yawn\2330.jpg,1,Yawn,
C:\Users\dell\OneDrive\Documents\sts\driver drowsiness detction hybrid\mouth\yawn\510.jpg,1,Yawn,
C:\Users\dell\OneDrive\Documents\sts\driver drowsiness detction hybrid\mouth\yawn\330.jpg,1,Yawn,
C:\Users\dell\OneDrive\Documents\sts\driver drowsiness detction hybrid\mouth\yawn\1731.jpg,1,Yawn,
C:\Users\dell\OneDrive\Documents\sts\driver drowsiness detction hybrid\mouth\yawn\1358.jpg,1,Yawn,
C:\Users\dell\OneDrive\Documents\sts\driver drowsiness detction hybrid\mouth\yawn\1718.jpg,1,Yawn,
C:\Users\dell\OneDrive\Documents\sts\driver drowsiness detction hybrid\mouth\no yawn\3175.jpg,0,No Yawn,
C:\Users\dell\OneDrive\Documents\sts\driver drowsiness detction hybrid\mouth\yawn\644.jpg,1,Yawn,
C:\Users\dell\OneDrive\Documents\sts\driver drowsiness detction hybrid\mouth\no yawn\4528.jpg,0,No Yawn,
C:\Users\dell\OneDrive\Documents\sts\driver drowsiness detction hybrid\mouth\no yawn\3882.jpg,0,No Yawn,
C:\Users\dell\OneDrive\Documents\sts\driver drowsiness detction hybrid\mouth\no yawn\4205.jpg,0,No Yawn,
C:\Users\dell\OneDrive\Documents\sts\driver drowsiness detction hybrid\mouth\no yawn\4171.jpg,0,No Yawn,
C:\Users\dell\OneDrive\Documents\sts\driver drowsiness detction hybrid\mouth\no yawn\5337.jpg,0,No Yawn,
C:\Users\dell\OneDrive\Documents\sts\driver drowsiness detction hybrid\mouth\no yawn\4404.jpg,0,No Yawn,
C:\Users\dell\OneDrive\Documents\sts\driver drowsiness detction hybrid\mouth\no yawn\2792.jpg,0,No Yawn,
C:\Users\dell\OneDrive\Documents\sts\driver drowsiness detction hybrid\mouth\no yawn\5439.jpg,0,No Yawn,
C:\Users\dell\OneDrive\Documents\sts\driver drowsiness detction hybrid\mouth\no yawn\4875.jpg,0,No Yawn,
C:\Users\dell\OneDrive\Documents\sts\driver drowsiness detction hybrid\mouth\yawn\1980.jpg,1,Yawn,
C:\Users\dell\OneDrive\Documents\sts\driver drowsiness detction hybrid\mouth\no yawn\5353.jpg,0,No Yawn,
C:\Users\dell\OneDrive\Documents\sts\driver drowsiness detction hybrid\mouth\no yawn\3962.jpg,0,No Yawn,
C:\Users\dell\OneDrive\Documents\sts\driver drowsiness detction hybrid\mouth\no yawn\3893.jpg,0,No Yawn,
C:\Users\dell\OneDrive\Documents\sts\driver drowsiness detction hybrid\mouth\no yawn\5236.jpg,0,No Yawn,
C:\Users\dell\OneDrive\Documents\sts\driver drowsiness detction hybrid\mouth\yawn\2572.jpg,1,Yawn,
C:\Users\dell\OneDrive\Documents\sts\driver drowsiness detction hybrid\mouth\no yawn\4566.jpg,0,No Yawn,
C:\Users\dell\OneDrive\Documents\sts\driver drowsiness detction hybrid\mouth\yawn\2621.jpg,1,Yawn,
C:\Users\dell\OneDrive\Documents\sts\driver drowsiness detction hybrid\mouth\no yawn\3379.jpg,0,No Yawn,
C:\Users\dell\OneDrive\Documents\sts\driver drowsiness detction hybrid\mouth\no yawn\3814.jpg,0,No Yawn,
C:\Users\dell\OneDrive\Documents\sts\driver drowsiness detction hybrid\mouth\yawn\601.jpg,1,Yawn,
C:\Users\dell\OneDrive\Documents\sts\driver drowsiness detction hybrid\mouth\no yawn\4394.jpg,0,No Yawn,
C:\Users\dell\OneDrive\Documents\sts\driver drowsiness detction hybrid\mouth\yawn\986.jpg,1,Yawn,
C:\Users\dell\OneDrive\Documents\sts\driver drowsiness detction hybrid\mouth\yawn\2159.jpg,1,Yawn,
C:\Users\dell\OneDrive\Documents\sts\driver drowsiness detction hybrid\mouth\no yawn\3900.jpg,0,No Yawn,
C:\Users\dell\OneDrive\Documents\sts\driver drowsiness detction hybrid\mouth\no yawn\4628.jpg,0,No Yawn,
C:\Users\dell\OneDrive\Documents\sts\driver drowsiness detction hybrid\mouth\yawn\408.jpg,1,Yawn,
C:\Users\dell\OneDrive\Documents\sts\driver drowsiness detction hybrid\mouth\yawn\1529.jpg,1,Yawn,
C:\Users\dell\OneDrive\Documents\sts\driver drowsiness detction hybrid\mouth\yawn\1830.jpg,1,Yawn,
C:\Users\dell\OneDrive\Documents\sts\driver drowsiness detction hybrid\mouth\no yawn\3332.jpg,0,No Yawn,
C:\Users\dell\OneDrive\Documents\sts\driver drowsiness detction hybrid\mouth\no yawn\3172.jpg,0,No Yawn,
C:\Users\dell\OneDrive\Documents\sts\driver drowsiness detction hybrid\mouth\no yawn\3396.jpg,0,No Yawn,
C:\Users\dell\OneDrive\Documents\sts\driver drowsiness detction hybrid\mouth\yawn\2243.jpg,1,Yawn,
C:\Users\dell\OneDrive\Documents\sts\driver drowsiness detction hybrid\mouth\no yawn\4682.jpg,0,No Yawn,
C:\Users\dell\OneDrive\Documents\sts\driver drowsiness detction hybrid\mouth\no yawn\3675.jpg,0,No Yawn,
C:\Users\dell\OneDrive\Documents\sts\driver drowsiness detction hybrid\mouth\yawn\2679.jpg,1,Yawn,
C:\Users\dell\OneDrive\Documents\sts\driver drowsiness detction hybrid\mouth\yawn\1068.jpg,1,Yawn,
C:\Users\dell\OneDrive\Documents\sts\driver drowsiness detction hybrid\mouth\yawn\2058.jpg,1,Yawn,
C:\Users\dell\OneDrive\Documents\sts\driver drowsiness detction hybrid\mouth\yawn\820.jpg,1,Yawn,
C:\Users\dell\OneDrive\Documents\sts\driver drowsiness detction hybrid\mouth\no yawn\3948.jpg,0,No Yawn,
C:\Users\dell\OneDrive\Documents\sts\driver drowsiness detction hybrid\mouth\yawn\119.jpg,1,Yawn,
C:\Users\dell\OneDrive\Documents\sts\driver drowsiness detction hybrid\mouth\no yawn\4504.jpg,0,No Yawn,
C:\Users\dell\OneDrive\Documents\sts\driver drowsiness detction hybrid\mouth\yawn\585.jpg,1,Yawn,
C:\Users\dell\OneDrive\Documents\sts\driver drowsiness detction hybrid\mouth\yawn\1631.jpg,1,Yawn,
C:\Users\dell\OneDrive\Documents\sts\driver drowsiness detction hybrid\mouth\yawn\91.jpg,1,Yawn,
C:\Users\dell\OneDrive\Documents\sts\driver drowsiness detction hybrid\mouth\no yawn\5050.jpg,0,No Yawn,
C:\Users\dell\OneDrive\Documents\sts\driver drowsiness detction hybrid\mouth\no yawn\4540.jpg,0,No Yawn,
C:\Users\dell\OneDrive\Documents\sts\driver drowsiness detction hybrid\mouth\yawn\2644.jpg,1,Yawn,
C:\Users\dell\OneDrive\Documents\sts\driver drowsiness detction hybrid\mouth\no yawn\5016.jpg,0,No Yawn,
C:\Users\dell\OneDrive\Documents\sts\driver drowsiness detction hybrid\mouth\no yawn\4208.jpg,0,No Yawn,
C:\Users\dell\OneDrive\Documents\sts\driver drowsiness detction hybrid\mouth\yawn\2111.jpg,1,Yawn,
C:\Users\dell\OneDrive\Documents\sts\driver drowsiness detction hybrid\mouth\yawn\2053.jpg,1,Yawn,
C:\Users\dell\OneDrive\Documents\sts\driver drowsiness detction hybrid\mouth\yawn\2271.jpg,1,Yawn,
C:\Users\dell\OneDrive\Documents\sts\driver drowsiness detction hybrid\mouth\yawn\718.jpg,1,Yawn,
C:\Users\dell\OneDrive\Documents\sts\driver drowsiness detction hybrid\mouth\no yawn\3288.jpg,0,No Yawn,
C:\Users\dell\OneDrive\Documents\sts\driver drowsiness detction hybrid\mouth\no yawn\3949.jpg,0,No Yawn,
C:\Users\dell\OneDrive\Documents\sts\driver drowsiness detction hybrid\mouth\no yawn\3714.jpg,0,No Yawn,
C:\Users\dell\OneDrive\Documents\sts\driver drowsiness detction hybrid\mouth\yawn\97.jpg,1,Yawn,
C:\Users\dell\OneDrive\Documents\sts\driver drowsiness detction hybrid\mouth\yawn\1319.jpg,1,Yawn,
C:\Users\dell\OneDrive\Documents\sts\driver drowsiness detction hybrid\mouth\yawn\1046.jpg,1,Yawn,
C:\Users\dell\OneDrive\Documents\sts\driver drowsiness detction hybrid\mouth\yawn\1306.jpg,1,Yawn,
C:\Users\dell\OneDrive\Documents\sts\driver drowsiness detction hybrid\mouth\yawn\395.jpg,1,Yawn,
C:\Users\dell\OneDrive\Documents\sts\driver drowsiness detction hybrid\mouth\yawn\1897.jpg,1,Yawn,
C:\Users\dell\OneDrive\Documents\sts\driver drowsiness detction hybrid\mouth\no yawn\3674.jpg,0,No Yawn,
C:\Users\dell\OneDrive\Documents\sts\driver drowsiness detction hybrid\mouth\no yawn\3540.jpg,0,No Yawn,
C:\Users\dell\OneDrive\Documents\sts\driver drowsiness detction hybrid\mouth\no yawn\3558.jpg,0,No Yawn,
C:\Users\dell\OneDrive\Documents\sts\driver drowsiness detction hybrid\mouth\no yawn\3388.jpg,0,No Yawn,
C:\Users\dell\OneDrive\Documents\sts\driver drowsiness detction hybrid\mouth\no yawn\4286.jpg,0,No Yawn,
C:\Users\dell\OneDrive\Documents\sts\driver drowsiness detction hybrid\mouth\yawn\518.jpg,1,Yawn,
C:\Users\dell\OneDrive\Documents\sts\driver drowsiness detction hybrid\mouth\yawn\1969.jpg,1,Yawn,
C:\Users\dell\OneDrive\Documents\sts\driver drowsiness detction hybrid\mouth\no yawn\3550.jpg,0,No Yawn,
C:\Users\dell\OneDrive\Documents\sts\driver drowsiness detction hybrid\mouth\yawn\1261.jpg,1,Yawn,
C:\Users\dell\OneDrive\Documents\sts\driver drowsiness detction hybrid\mouth\yawn\1071.jpg,1,Yawn,
C:\Users\dell\OneDrive\Documents\sts\driver drowsiness detction hybrid\mouth\no yawn\2995.jpg,0,No Yawn,
C:\Users\dell\OneDrive\Documents\sts\driver drowsiness detction hybrid\mouth\yawn\2459.jpg,1,Yawn,
C:\Users\dell\OneDrive\Documents\sts\driver drowsiness detction hybrid\mouth\no yawn\3813.jpg,0,No Yawn,
C:\Users\dell\OneDrive\Documents\sts\driver drowsiness detction hybrid\mouth\yawn\1771.jpg,1,Yawn,
C:\Users\dell\OneDrive\Documents\sts\driver drowsiness detction hybrid\mouth\no yawn\3304.jpg,0,No Yawn,
C:\Users\dell\OneDrive\Documents\sts\driver drowsiness detction hybrid\mouth\no yawn\3257.jpg,0,No Yawn,
C:\Users\dell\OneDrive\Documents\sts\driver drowsiness detction hybrid\mouth\yawn\2265.jpg,1,Yawn,
C:\Users\dell\OneDrive\Documents\sts\driver drowsiness detction hybrid\mouth\yawn\882.jpg,1,Yawn,
C:\Users\dell\OneDrive\Documents\sts\driver drowsiness detction hybrid\mouth\no yawn\3529.jpg,0,No Yawn,
C:\Users\dell\OneDrive\Documents\sts\driver drowsiness detction hybrid\mouth\no yawn\5498.jpg,0,No Yawn,
C:\Users\dell\OneDrive\Documents\sts\driver drowsiness detction hybrid\mouth\no yawn\3286.jpg,0,No Yawn,
C:\Users\dell\OneDrive\Documents\sts\driver drowsiness detction hybrid\mouth\yawn\1146.jpg,1,Yawn,
C:\Users\dell\OneDrive\Documents\sts\driver drowsiness detction hybrid\mouth\no yawn\4792.jpg,0,No Yawn,
C:\Users\dell\OneDrive\Documents\sts\driver drowsiness detction hybrid\mouth\no yawn\2985.jpg,0,No Yawn,
C:\Users\dell\OneDrive\Documents\sts\driver drowsiness detction hybrid\mouth\yawn\2576.jpg,1,Yawn,
C:\Users\dell\OneDrive\Documents\sts\driver drowsiness detction hybrid\mouth\no yawn\4466.jpg,0,No Yawn,
C:\Users\dell\OneDrive\Documents\sts\driver drowsiness detction hybrid\mouth\yawn\2691.jpg,1,Yawn,
C:\Users\dell\OneDrive\Documents\sts\driver drowsiness detction hybrid\mouth\yawn\1865.jpg,1,Yawn,
C:\Users\dell\OneDrive\Documents\sts\driver drowsiness detction hybrid\mouth\no yawn\5376.jpg,0,No Yawn,
C:\Users\dell\OneDrive\Documents\sts\driver drowsiness detction hybrid\mouth\yawn\382.jpg,1,Yawn,
C:\Users\dell\OneDrive\Documents\sts\driver drowsiness detction hybrid\mouth\yawn\1302.jpg,1,Yawn,
C:\Users\dell\OneDrive\Documents\sts\driver drowsiness detction hybrid\mouth\no yawn\4309.jpg,0,No Yawn,
C:\Users\dell\OneDrive\Documents\sts\driver drowsiness detction hybrid\mouth\yawn\2646.jpg,1,Yawn,
C:\Users\dell\OneDrive\Documents\sts\driver drowsiness detction hybrid\mouth\yawn\2617.jpg,1,Yawn,
C:\Users\dell\OneDrive\Documents\sts\driver drowsiness detction hybrid\mouth\yawn\2189.jpg,1,Yawn,
C:\Users\dell\OneDrive\Documents\sts\driver drowsiness detction hybrid\mouth\no yawn\4124.jpg,0,No Yawn,
C:\Users\dell\OneDrive\Documents\sts\driver drowsiness detction hybrid\mouth\yawn\542.jpg,1,Yawn,
C:\Users\dell\OneDrive\Documents\sts\driver drowsiness detction hybrid\mouth\yawn\2195.jpg,1,Yawn,
C:\Users\dell\OneDrive\Documents\sts\driver drowsiness detction hybrid\mouth\no yawn\5121.jpg,0,No Yawn,
C:\Users\dell\OneDrive\Documents\sts\driver drowsiness detction hybrid\mouth\no yawn\5483.jpg,0,No Yawn,
C:\Users\dell\OneDrive\Documents\sts\driver drowsiness detction hybrid\mouth\no yawn\4485.jpg,0,No Yawn,
C:\Users\dell\OneDrive\Documents\sts\driver drowsiness detction hybrid\mouth\no yawn\4224.jpg,0,No Yawn,
C:\Users\dell\OneDrive\Documents\sts\driver drowsiness detction hybrid\mouth\yawn\1758.jpg,1,Yawn,
C:\Users\dell\OneDrive\Documents\sts\driver drowsiness detction hybrid\mouth\no yawn\3677.jpg,0,No Yawn,
C:\Users\dell\OneDrive\Documents\sts\driver drowsiness detction hybrid\mouth\yawn\678.jpg,1,Yawn,
C:\Users\dell\OneDrive\Documents\sts\driver drowsiness detction hybrid\mouth\no yawn\4228.jpg,0,No Yawn,
C:\Users\dell\OneDrive\Documents\sts\driver drowsiness detction hybrid\mouth\no yawn\4587.jpg,0,No Yawn,
C:\Users\dell\OneDrive\Documents\sts\driver drowsiness detction hybrid\mouth\yawn\1392.jpg,1,Yawn,
C:\Users\dell\OneDrive\Documents\sts\driver drowsiness detction hybrid\mouth\no yawn\4231.jpg,0,No Yawn,
C:\Users\dell\OneDrive\Documents\sts\driver drowsiness detction hybrid\mouth\no yawn\3617.jpg,0,No Yawn,
C:\Users\dell\OneDrive\Documents\sts\driver drowsiness detction hybrid\mouth\no yawn\5336.jpg,0,No Yawn,
C:\Users\dell\OneDrive\Documents\sts\driver drowsiness detction hybrid\mouth\no yawn\3705.jpg,0,No Yawn,
C:\Users\dell\OneDrive\Documents\sts\driver drowsiness detction hybrid\mouth\no yawn\5092.jpg,0,No Yawn,
C:\Users\dell\OneDrive\Documents\sts\driver drowsiness detction hybrid\mouth\yawn\2025.jpg,1,Yawn,
C:\Users\dell\OneDrive\Documents\sts\driver drowsiness detction hybrid\mouth\no yawn\4197.jpg,0,No Yawn,
C:\Users\dell\OneDrive\Documents\sts\driver drowsiness detction hybrid\mouth\no yawn\3068.jpg,0,No Yawn,
C:\Users\dell\OneDrive\Documents\sts\driver drowsiness detction hybrid\mouth\yawn\997.jpg,1,Yawn,
C:\Users\dell\OneDrive\Documents\sts\driver drowsiness detction hybrid\mouth\yawn\418.jpg,1,Yawn,
C:\Users\dell\OneDrive\Documents\sts\driver drowsiness detction hybrid\mouth\yawn\2457.jpg,1,Yawn,
C:\Users\dell\OneDrive\Documents\sts\driver drowsiness detction hybrid\mouth\yawn\2558.jpg,1,Yawn,
C:\Users\dell\OneDrive\Documents\sts\driver drowsiness detction hybrid\mouth\yawn\1382.jpg,1,Yawn,
C:\Users\dell\OneDrive\Documents\sts\driver drowsiness detction hybrid\mouth\no yawn\3955.jpg,0,No Yawn,
C:\Users\dell\OneDrive\Documents\sts\driver drowsiness detction hybrid\mouth\yawn\1917.jpg,1,Yawn,
C:\Users\dell\OneDrive\Documents\sts\driver drowsiness detction hybrid\mouth\yawn\692.jpg,1,Yawn,
C:\Users\dell\OneDrive\Documents\sts\driver drowsiness detction hybrid\mouth\yawn\448.jpg,1,Yawn,
C:\Users\dell\OneDrive\Documents\sts\driver drowsiness detction hybrid\mouth\yawn\608.jpg,1,Yawn,
C:\Users\dell\OneDrive\Documents\sts\driver drowsiness detction hybrid\mouth\no yawn\5509.jpg,0,No Yawn,
C:\Users\dell\OneDrive\Documents\sts\driver drowsiness detction hybrid\mouth\no yawn\3277.jpg,0,No Yawn,
C:\Users\dell\OneDrive\Documents\sts\driver drowsiness detction hybrid\mouth\yawn\533.jpg,1,Yawn,
C:\Users\dell\OneDrive\Documents\sts\driver drowsiness detction hybrid\mouth\yawn\1780.jpg,1,Yawn,
C:\Users\dell\OneDrive\Documents\sts\driver drowsiness detction hybrid\mouth\no yawn\3353.jpg,0,No Yawn,
C:\Users\dell\OneDrive\Documents\sts\driver drowsiness detction hybrid\mouth\yawn\1870.jpg,1,Yawn,
C:\Users\dell\OneDrive\Documents\sts\driver drowsiness detction hybrid\mouth\no yawn\4851.jpg,0,No Yawn,
C:\Users\dell\OneDrive\Documents\sts\driver drowsiness detction hybrid\mouth\no yawn\5437.jpg,0,No Yawn,
C:\Users\dell\OneDrive\Documents\sts\driver drowsiness detction hybrid\mouth\yawn\168.jpg,1,Yawn,
C:\Users\dell\OneDrive\Documents\sts\driver drowsiness detction hybrid\mouth\no yawn\3771.jpg,0,No Yawn,
C:\Users\dell\OneDrive\Documents\sts\driver drowsiness detction hybrid\mouth\no yawn\4802.jpg,0,No Yawn,
C:\Users\dell\OneDrive\Documents\sts\driver drowsiness detction hybrid\mouth\yawn\259.jpg,1,Yawn,
C:\Users\dell\OneDrive\Documents\sts\driver drowsiness detction hybrid\mouth\yawn\105.jpg,1,Yawn,
C:\Users\dell\OneDrive\Documents\sts\driver drowsiness detction hybrid\mouth\no yawn\4271.jpg,0,No Yawn,
C:\Users\dell\OneDrive\Documents\sts\driver drowsiness detction hybrid\mouth\no yawn\4437.jpg,0,No Yawn,
C:\Users\dell\OneDrive\Documents\sts\driver drowsiness detction hybrid\mouth\yawn\2675.jpg,1,Yawn,
C:\Users\dell\OneDrive\Documents\sts\driver drowsiness detction hybrid\mouth\no yawn\3846.jpg,0,No Yawn,
C:\Users\dell\OneDrive\Documents\sts\driver drowsiness detction hybrid\mouth\no yawn\3697.jpg,0,No Yawn,
C:\Users\dell\OneDrive\Documents\sts\driver drowsiness detction hybrid\mouth\yawn\286.jpg,1,Yawn,
C:\Users\dell\OneDrive\Documents\sts\driver drowsiness detction hybrid\mouth\yawn\1876.jpg,1,Yawn,
C:\Users\dell\OneDrive\Documents\sts\driver drowsiness detction hybrid\mouth\no yawn\3239.jpg,0,No Yawn,
C:\Users\dell\OneDrive\Documents\sts\driver drowsiness detction hybrid\mouth\no yawn\3252.jpg,0,No Yawn,
C:\Users\dell\OneDrive\Documents\sts\driver drowsiness detction hybrid\mouth\no yawn\5401.jpg,0,No Yawn,
C:\Users\dell\OneDrive\Documents\sts\driver drowsiness detction hybrid\mouth\yawn\2500.jpg,1,Yawn,
C:\Users\dell\OneDrive\Documents\sts\driver drowsiness detction hybrid\mouth\yawn\2707.jpg,1,Yawn,
C:\Users\dell\OneDrive\Documents\sts\driver drowsiness detction hybrid\mouth\no yawn\3528.jpg,0,No Yawn,
C:\Users\dell\OneDrive\Documents\sts\driver drowsiness detction hybrid\mouth\no yawn\3262.jpg,0,No Yawn,
C:\Users\dell\OneDrive\Documents\sts\driver drowsiness detction hybrid\mouth\yawn\1221.jpg,1,Yawn,
C:\Users\dell\OneDrive\Documents\sts\driver drowsiness detction hybrid\mouth\no yawn\4631.jpg,0,No Yawn,
C:\Users\dell\OneDrive\Documents\sts\driver drowsiness detction hybrid\mouth\no yawn\3742.jpg,0,No Yawn,
C:\Users\dell\OneDrive\Documents\sts\driver drowsiness detction hybrid\mouth\yawn\2113.jpg,1,Yawn,
C:\Users\dell\OneDrive\Documents\sts\driver drowsiness detction hybrid\mouth\yawn\1495.jpg,1,Yawn,
C:\Users\dell\OneDrive\Documents\sts\driver drowsiness detction hybrid\mouth\yawn\2199.jpg,1,Yawn,
C:\Users\dell\OneDrive\Documents\sts\driver drowsiness detction hybrid\mouth\no yawn\5289.jpg,0,No Yawn,
C:\Users\dell\OneDrive\Documents\sts\driver drowsiness detction hybrid\mouth\yawn\1738.jpg,1,Yawn,
C:\Users\dell\OneDrive\Documents\sts\driver drowsiness detction hybrid\mouth\no yawn\3245.jpg,0,No Yawn,
C:\Users\dell\OneDrive\Documents\sts\driver drowsiness detction hybrid\mouth\no yawn\4258.jpg,0,No Yawn,
C:\Users\dell\OneDrive\Documents\sts\driver drowsiness detction hybrid\mouth\yawn\59.jpg,1,Yawn,
C:\Users\dell\OneDrive\Documents\sts\driver drowsiness detction hybrid\mouth\no yawn\3437.jpg,0,No Yawn,
C:\Users\dell\OneDrive\Documents\sts\driver drowsiness detction hybrid\mouth\no yawn\3253.jpg,0,No Yawn,
C:\Users\dell\OneDrive\Documents\sts\driver drowsiness detction hybrid\mouth\no yawn\5197.jpg,0,No Yawn,
C:\Users\dell\OneDrive\Documents\sts\driver drowsiness detction hybrid\mouth\no yawn\3974.jpg,0,No Yawn,
C:\Users\dell\OneDrive\Documents\sts\driver drowsiness detction hybrid\mouth\yawn\2172.jpg,1,Yawn,
C:\Users\dell\OneDrive\Documents\sts\driver drowsiness detction hybrid\mouth\no yawn\2948.jpg,0,No Yawn,
C:\Users\dell\OneDrive\Documents\sts\driver drowsiness detction hybrid\mouth\no yawn\3801.jpg,0,No Yawn,
C:\Users\dell\OneDrive\Documents\sts\driver drowsiness detction hybrid\mouth\yawn\1749.jpg,1,Yawn,
C:\Users\dell\OneDrive\Documents\sts\driver drowsiness detction hybrid\mouth\yawn\2380.jpg,1,Yawn,
C:\Users\dell\OneDrive\Documents\sts\driver drowsiness detction hybrid\mouth\no yawn\4584.jpg,0,No Yawn,
C:\Users\dell\OneDrive\Documents\sts\driver drowsiness detction hybrid\mouth\no yawn\2861.jpg,0,No Yawn,
C:\Users\dell\OneDrive\Documents\sts\driver drowsiness detction hybrid\mouth\no yawn\4627.jpg,0,No Yawn,
C:\Users\dell\OneDrive\Documents\sts\driver drowsiness detction hybrid\mouth\yawn\2544.jpg,1,Yawn,
C:\Users\dell\OneDrive\Documents\sts\driver drowsiness detction hybrid\mouth\yawn\2578.jpg,1,Yawn,
C:\Users\dell\OneDrive\Documents\sts\driver drowsiness detction hybrid\mouth\no yawn\2789.jpg,0,No Yawn,
C:\Users\dell\OneDrive\Documents\sts\driver drowsiness detction hybrid\mouth\yawn\1044.jpg,1,Yawn,
C:\Users\dell\OneDrive\Documents\sts\driver drowsiness detction hybrid\mouth\yawn\979.jpg,1,Yawn,
C:\Users\dell\OneDrive\Documents\sts\driver drowsiness detction hybrid\mouth\no yawn\3080.jpg,0,No Yawn,
C:\Users\dell\OneDrive\Documents\sts\driver drowsiness detction hybrid\mouth\yawn\501.jpg,1,Yawn,
C:\Users\dell\OneDrive\Documents\sts\driver drowsiness detction hybrid\mouth\no yawn\4010.jpg,0,No Yawn,
C:\Users\dell\OneDrive\Documents\sts\driver drowsiness detction hybrid\mouth\yawn\2026.jpg,1,Yawn,
C:\Users\dell\OneDrive\Documents\sts\driver drowsiness detction hybrid\mouth\no yawn\4112.jpg,0,No Yawn,
C:\Users\dell\OneDrive\Documents\sts\driver drowsiness detction hybrid\mouth\no yawn\3510.jpg,0,No Yawn,
C:\Users\dell\OneDrive\Documents\sts\driver drowsiness detction hybrid\mouth\yawn\103.jpg,1,Yawn,
C:\Users\dell\OneDrive\Documents\sts\driver drowsiness detction hybrid\mouth\yawn\1230.jpg,1,Yawn,
C:\Users\dell\OneDrive\Documents\sts\driver drowsiness detction hybrid\mouth\yawn\1166.jpg,1,Yawn,
C:\Users\dell\OneDrive\Documents\sts\driver drowsiness detction hybrid\mouth\yawn\1133.jpg,1,Yawn,
C:\Users\dell\OneDrive\Documents\sts\driver drowsiness detction hybrid\mouth\no yawn\4503.jpg,0,No Yawn,
C:\Users\dell\OneDrive\Documents\sts\driver drowsiness detction hybrid\mouth\yawn\254.jpg,1,Yawn,
C:\Users\dell\OneDrive\Documents\sts\driver drowsiness detction hybrid\mouth\no yawn\3019.jpg,0,No Yawn,
C:\Users\dell\OneDrive\Documents\sts\driver drowsiness detction hybrid\mouth\yawn\469.jpg,1,Yawn,
C:\Users\dell\OneDrive\Documents\sts\driver drowsiness detction hybrid\mouth\yawn\622.jpg,1,Yawn,
C:\Users\dell\OneDrive\Documents\sts\driver drowsiness detction hybrid\mouth\yawn\444.jpg,1,Yawn,
C:\Users\dell\OneDrive\Documents\sts\driver drowsiness detction hybrid\mouth\yawn\261.jpg,1,Yawn,
C:\Users\dell\OneDrive\Documents\sts\driver drowsiness detction hybrid\mouth\yawn\2665.jpg,1,Yawn,
C:\Users\dell\OneDrive\Documents\sts\driver drowsiness detction hybrid\mouth\yawn\373.jpg,1,Yawn,
C:\Users\dell\OneDrive\Documents\sts\driver drowsiness detction hybrid\mouth\yawn\595.jpg,1,Yawn,
C:\Users\dell\OneDrive\Documents\sts\driver drowsiness detction hybrid\mouth\yawn\715.jpg,1,Yawn,
C:\Users\dell\OneDrive\Documents\sts\driver drowsiness detction hybrid\mouth\no yawn\4480.jpg,0,No Yawn,
C:\Users\dell\OneDrive\Documents\sts\driver drowsiness detction hybrid\mouth\yawn\1164.jpg,1,Yawn,
C:\Users\dell\OneDrive\Documents\sts\driver drowsiness detction hybrid\mouth\no yawn\4267.jpg,0,No Yawn,
C:\Users\dell\OneDrive\Documents\sts\driver drowsiness detction hybrid\mouth\yawn\688.jpg,1,Yawn,
C:\Users\dell\OneDrive\Documents\sts\driver drowsiness detction hybrid\mouth\yawn\2047.jpg,1,Yawn,
C:\Users\dell\OneDrive\Documents\sts\driver drowsiness detction hybrid\mouth\no yawn\3890.jpg,0,No Yawn,
C:\Users\dell\OneDrive\Documents\sts\driver drowsiness detction hybrid\mouth\no yawn\3823.jpg,0,No Yawn,
C:\Users\dell\OneDrive\Documents\sts\driver drowsiness detction hybrid\mouth\no yawn\3152.jpg,0,No Yawn,
C:\Users\dell\OneDrive\Documents\sts\driver drowsiness detction hybrid\mouth\yawn\1693.jpg,1,Yawn,
C:\Users\dell\OneDrive\Documents\sts\driver drowsiness detction hybrid\mouth\yawn\1124.jpg,1,Yawn,
C:\Users\dell\OneDrive\Documents\sts\driver drowsiness detction hybrid\mouth\yawn\1228.jpg,1,Yawn,
C:\Users\dell\OneDrive\Documents\sts\driver drowsiness detction hybrid\mouth\yawn\1262.jpg,1,Yawn,
C:\Users\dell\OneDrive\Documents\sts\driver drowsiness detction hybrid\mouth\no yawn\4622.jpg,0,No Yawn,
C:\Users\dell\OneDrive\Documents\sts\driver drowsiness detction hybrid\mouth\no yawn\4678.jpg,0,No Yawn,
C:\Users\dell\OneDrive\Documents\sts\driver drowsiness detction hybrid\mouth\no yawn\3825.jpg,0,No Yawn,
C:\Users\dell\OneDrive\Documents\sts\driver drowsiness detction hybrid\mouth\no yawn\4681.jpg,0,No Yawn,
C:\Users\dell\OneDrive\Documents\sts\driver drowsiness detction hybrid\mouth\no yawn\3827.jpg,0,No Yawn,
C:\Users\dell\OneDrive\Documents\sts\driver drowsiness detction hybrid\mouth\yawn\1608.jpg,1,Yawn,
C:\Users\dell\OneDrive\Documents\sts\driver drowsiness detction hybrid\mouth\no yawn\4233.jpg,0,No Yawn,
C:\Users\dell\OneDrive\Documents\sts\driver drowsiness detction hybrid\mouth\yawn\2649.jpg,1,Yawn,
C:\Users\dell\OneDrive\Documents\sts\driver drowsiness detction hybrid\mouth\yawn\1379.jpg,1,Yawn,
C:\Users\dell\OneDrive\Documents\sts\driver drowsiness detction hybrid\mouth\yawn\647.jpg,1,Yawn,
C:\Users\dell\OneDrive\Documents\sts\driver drowsiness detction hybrid\mouth\no yawn\4795.jpg,0,No Yawn,
C:\Users\dell\OneDrive\Documents\sts\driver drowsiness detction hybrid\mouth\no yawn\4907.jpg,0,No Yawn,
C:\Users\dell\OneDrive\Documents\sts\driver drowsiness detction hybrid\mouth\yawn\2738.jpg,1,Yawn,
C:\Users\dell\OneDrive\Documents\sts\driver drowsiness detction hybrid\mouth\no yawn\5000.jpg,0,No Yawn,
C:\Users\dell\OneDrive\Documents\sts\driver drowsiness detction hybrid\mouth\no yawn\4264.jpg,0,No Yawn,
C:\Users\dell\OneDrive\Documents\sts\driver drowsiness detction hybrid\mouth\no yawn\4397.jpg,0,No Yawn,
C:\Users\dell\OneDrive\Documents\sts\driver drowsiness detction hybrid\mouth\no yawn\3453.jpg,0,No Yawn,
C:\Users\dell\OneDrive\Documents\sts\driver drowsiness detction hybrid\mouth\yawn\1029.jpg,1,Yawn,
C:\Users\dell\OneDrive\Documents\sts\driver drowsiness detction hybrid\mouth\yawn\1530.jpg,1,Yawn,
C:\Users\dell\OneDrive\Documents\sts\driver drowsiness detction hybrid\mouth\yawn\2722.jpg,1,Yawn,
C:\Users\dell\OneDrive\Documents\sts\driver drowsiness detction hybrid\mouth\no yawn\3054.jpg,0,No Yawn,
C:\Users\dell\OneDrive\Documents\sts\driver drowsiness detction hybrid\mouth\no yawn\3981.jpg,0,No Yawn,
C:\Users\dell\OneDrive\Documents\sts\driver drowsiness detction hybrid\mouth\yawn\425.jpg,1,Yawn,
C:\Users\dell\OneDrive\Documents\sts\driver drowsiness detction hybrid\mouth\no yawn\3757.jpg,0,No Yawn,
C:\Users\dell\OneDrive\Documents\sts\driver drowsiness detction hybrid\mouth\yawn\763.jpg,1,Yawn,
C:\Users\dell\OneDrive\Documents\sts\driver drowsiness detction hybrid\mouth\no yawn\4929.jpg,0,No Yawn,
C:\Users\dell\OneDrive\Documents\sts\driver drowsiness detction hybrid\mouth\no yawn\3319.jpg,0,No Yawn,
C:\Users\dell\OneDrive\Documents\sts\driver drowsiness detction hybrid\mouth\no yawn\4150.jpg,0,No Yawn,
C:\Users\dell\OneDrive\Documents\sts\driver drowsiness detction hybrid\mouth\yawn\1462.jpg,1,Yawn,
C:\Users\dell\OneDrive\Documents\sts\driver drowsiness detction hybrid\mouth\yawn\64.jpg,1,Yawn,
C:\Users\dell\OneDrive\Documents\sts\driver drowsiness detction hybrid\mouth\no yawn\3309.jpg,0,No Yawn,
C:\Users\dell\OneDrive\Documents\sts\driver drowsiness detction hybrid\mouth\yawn\52.jpg,1,Yawn,
C:\Users\dell\OneDrive\Documents\sts\driver drowsiness detction hybrid\mouth\no yawn\4093.jpg,0,No Yawn,
C:\Users\dell\OneDrive\Documents\sts\driver drowsiness detction hybrid\mouth\yawn\2478.jpg,1,Yawn,
C:\Users\dell\OneDrive\Documents\sts\driver drowsiness detction hybrid\mouth\no yawn\4796.jpg,0,No Yawn,
C:\Users\dell\OneDrive\Documents\sts\driver drowsiness detction hybrid\mouth\no yawn\4837.jpg,0,No Yawn,
C:\Users\dell\OneDrive\Documents\sts\driver drowsiness detction hybrid\mouth\yawn\538.jpg,1,Yawn,
C:\Users\dell\OneDrive\Documents\sts\driver drowsiness detction hybrid\mouth\no yawn\4976.jpg,0,No Yawn,
C:\Users\dell\OneDrive\Documents\sts\driver drowsiness detction hybrid\mouth\yawn\1944.jpg,1,Yawn,
C:\Users\dell\OneDrive\Documents\sts\driver drowsiness detction hybrid\mouth\no yawn\2814.jpg,0,No Yawn,
C:\Users\dell\OneDrive\Documents\sts\driver drowsiness detction hybrid\mouth\yawn\2321.jpg,1,Yawn,
C:\Users\dell\OneDrive\Documents\sts\driver drowsiness detction hybrid\mouth\no yawn\4403.jpg,0,No Yawn,
C:\Users\dell\OneDrive\Documents\sts\driver drowsiness detction hybrid\mouth\no yawn\4788.jpg,0,No Yawn,
C:\Users\dell\OneDrive\Documents\sts\driver drowsiness detction hybrid\mouth\yawn\1163.jpg,1,Yawn,
C:\Users\dell\OneDrive\Documents\sts\driver drowsiness detction hybrid\mouth\no yawn\3351.jpg,0,No Yawn,
C:\Users\dell\OneDrive\Documents\sts\driver drowsiness detction hybrid\mouth\no yawn\4779.jpg,0,No Yawn,
C:\Users\dell\OneDrive\Documents\sts\driver drowsiness detction hybrid\mouth\yawn\1374.jpg,1,Yawn,
C:\Users\dell\OneDrive\Documents\sts\driver drowsiness detction hybrid\mouth\no yawn\3266.jpg,0,No Yawn,
C:\Users\dell\OneDrive\Documents\sts\driver drowsiness detction hybrid\mouth\no yawn\4626.jpg,0,No Yawn,
C:\Users\dell\OneDrive\Documents\sts\driver drowsiness detction hybrid\mouth\yawn\511.jpg,1,Yawn,
C:\Users\dell\OneDrive\Documents\sts\driver drowsiness detction hybrid\mouth\no yawn\5110.jpg,0,No Yawn,
C:\Users\dell\OneDrive\Documents\sts\driver drowsiness detction hybrid\mouth\yawn\2387.jpg,1,Yawn,
C:\Users\dell\OneDrive\Documents\sts\driver drowsiness detction hybrid\mouth\yawn\2181.jpg,1,Yawn,
C:\Users\dell\OneDrive\Documents\sts\driver drowsiness detction hybrid\mouth\yawn\994.jpg,1,Yawn,
C:\Users\dell\OneDrive\Documents\sts\driver drowsiness detction hybrid\mouth\no yawn\2863.jpg,0,No Yawn,
C:\Users\dell\OneDrive\Documents\sts\driver drowsiness detction hybrid\mouth\no yawn\4709.jpg,0,No Yawn,
C:\Users\dell\OneDrive\Documents\sts\driver drowsiness detction hybrid\mouth\yawn\57.jpg,1,Yawn,
C:\Users\dell\OneDrive\Documents\sts\driver drowsiness detction hybrid\mouth\yawn\653.jpg,1,Yawn,
C:\Users\dell\OneDrive\Documents\sts\driver drowsiness detction hybrid\mouth\no yawn\4363.jpg,0,No Yawn,
C:\Users\dell\OneDrive\Documents\sts\driver drowsiness detction hybrid\mouth\yawn\686.jpg,1,Yawn,
C:\Users\dell\OneDrive\Documents\sts\driver drowsiness detction hybrid\mouth\no yawn\4508.jpg,0,No Yawn,
C:\Users\dell\OneDrive\Documents\sts\driver drowsiness detction hybrid\mouth\no yawn\4674.jpg,0,No Yawn,
C:\Users\dell\OneDrive\Documents\sts\driver drowsiness detction hybrid\mouth\yawn\75.jpg,1,Yawn,
C:\Users\dell\OneDrive\Documents\sts\driver drowsiness detction hybrid\mouth\no yawn\3173.jpg,0,No Yawn,
C:\Users\dell\OneDrive\Documents\sts\driver drowsiness detction hybrid\mouth\no yawn\4594.jpg,0,No Yawn,
C:\Users\dell\OneDrive\Documents\sts\driver drowsiness detction hybrid\mouth\no yawn\3702.jpg,0,No Yawn,
C:\Users\dell\OneDrive\Documents\sts\driver drowsiness detction hybrid\mouth\no yawn\4741.jpg,0,No Yawn,
C:\Users\dell\OneDrive\Documents\sts\driver drowsiness detction hybrid\mouth\no yawn\5104.jpg,0,No Yawn,
C:\Users\dell\OneDrive\Documents\sts\driver drowsiness detction hybrid\mouth\no yawn\3998.jpg,0,No Yawn,
C:\Users\dell\OneDrive\Documents\sts\driver drowsiness detction hybrid\mouth\yawn\1855.jpg,1,Yawn,
C:\Users\dell\OneDrive\Documents\sts\driver drowsiness detction hybrid\mouth\no yawn\3713.jpg,0,No Yawn,
C:\Users\dell\OneDrive\Documents\sts\driver drowsiness detction hybrid\mouth\no yawn\4650.jpg,0,No Yawn,
C:\Users\dell\OneDrive\Documents\sts\driver drowsiness detction hybrid\mouth\no yawn\4105.jpg,0,No Yawn,
C:\Users\dell\OneDrive\Documents\sts\driver drowsiness detction hybrid\mouth\yawn\1147.jpg,1,Yawn,
C:\Users\dell\OneDrive\Documents\sts\driver drowsiness detction hybrid\mouth\no yawn\3937.jpg,0,No Yawn,
C:\Users\dell\OneDrive\Documents\sts\driver drowsiness detction hybrid\mouth\no yawn\4447.jpg,0,No Yawn,
C:\Users\dell\OneDrive\Documents\sts\driver drowsiness detction hybrid\mouth\yawn\2540.jpg,1,Yawn,
C:\Users\dell\OneDrive\Documents\sts\driver drowsiness detction hybrid\mouth\no yawn\3896.jpg,0,No Yawn,
C:\Users\dell\OneDrive\Documents\sts\driver drowsiness detction hybrid\mouth\yawn\2609.jpg,1,Yawn,
C:\Users\dell\OneDrive\Documents\sts\driver drowsiness detction hybrid\mouth\no yawn\3197.jpg,0,No Yawn,
C:\Users\dell\OneDrive\Documents\sts\driver drowsiness detction hybrid\mouth\yawn\2756.jpg,1,Yawn,
C:\Users\dell\OneDrive\Documents\sts\driver drowsiness detction hybrid\mouth\no yawn\3460.jpg,0,No Yawn,
C:\Users\dell\OneDrive\Documents\sts\driver drowsiness detction hybrid\mouth\no yawn\3867.jpg,0,No Yawn,
C:\Users\dell\OneDrive\Documents\sts\driver drowsiness detction hybrid\mouth\yawn\1516.jpg,1,Yawn,
C:\Users\dell\OneDrive\Documents\sts\driver drowsiness detction hybrid\mouth\no yawn\3655.jpg,0,No Yawn,
C:\Users\dell\OneDrive\Documents\sts\driver drowsiness detction hybrid\mouth\yawn\1049.jpg,1,Yawn,
C:\Users\dell\OneDrive\Documents\sts\driver drowsiness detction hybrid\mouth\no yawn\3102.jpg,0,No Yawn,
C:\Users\dell\OneDrive\Documents\sts\driver drowsiness detction hybrid\mouth\no yawn\3107.jpg,0,No Yawn,
C:\Users\dell\OneDrive\Documents\sts\driver drowsiness detction hybrid\mouth\yawn\2501.jpg,1,Yawn,
C:\Users\dell\OneDrive\Documents\sts\driver drowsiness detction hybrid\mouth\yawn\1315.jpg,1,Yawn,
C:\Users\dell\OneDrive\Documents\sts\driver drowsiness detction hybrid\mouth\yawn\2448.jpg,1,Yawn,
C:\Users\dell\OneDrive\Documents\sts\driver drowsiness detction hybrid\mouth\no yawn\3335.jpg,0,No Yawn,
C:\Users\dell\OneDrive\Documents\sts\driver drowsiness detction hybrid\mouth\no yawn\5095.jpg,0,No Yawn,
C:\Users\dell\OneDrive\Documents\sts\driver drowsiness detction hybrid\mouth\no yawn\3104.jpg,0,No Yawn,
C:\Users\dell\OneDrive\Documents\sts\driver drowsiness detction hybrid\mouth\no yawn\5035.jpg,0,No Yawn,
C:\Users\dell\OneDrive\Documents\sts\driver drowsiness detction hybrid\mouth\no yawn\3649.jpg,0,No Yawn,
C:\Users\dell\OneDrive\Documents\sts\driver drowsiness detction hybrid\mouth\yawn\2242.jpg,1,Yawn,
C:\Users\dell\OneDrive\Documents\sts\driver drowsiness detction hybrid\mouth\no yawn\3641.jpg,0,No Yawn,
C:\Users\dell\OneDrive\Documents\sts\driver drowsiness detction hybrid\mouth\no yawn\2839.jpg,0,No Yawn,
C:\Users\dell\OneDrive\Documents\sts\driver drowsiness detction hybrid\mouth\yawn\318.jpg,1,Yawn,
C:\Users\dell\OneDrive\Documents\sts\driver drowsiness detction hybrid\mouth\no yawn\3604.jpg,0,No Yawn,
C:\Users\dell\OneDrive\Documents\sts\driver drowsiness detction hybrid\mouth\no yawn\3070.jpg,0,No Yawn,
C:\Users\dell\OneDrive\Documents\sts\driver drowsiness detction hybrid\mouth\no yawn\4448.jpg,0,No Yawn,
C:\Users\dell\OneDrive\Documents\sts\driver drowsiness detction hybrid\mouth\no yawn\4016.jpg,0,No Yawn,
C:\Users\dell\OneDrive\Documents\sts\driver drowsiness detction hybrid\mouth\yawn\2711.jpg,1,Yawn,
C:\Users\dell\OneDrive\Documents\sts\driver drowsiness detction hybrid\mouth\no yawn\2788.jpg,0,No Yawn,
C:\Users\dell\OneDrive\Documents\sts\driver drowsiness detction hybrid\mouth\yawn\247.jpg,1,Yawn,
C:\Users\dell\OneDrive\Documents\sts\driver drowsiness detction hybrid\mouth\yawn\107.jpg,1,Yawn,
C:\Users\dell\OneDrive\Documents\sts\driver drowsiness detction hybrid\mouth\yawn\2477.jpg,1,Yawn,
C:\Users\dell\OneDrive\Documents\sts\driver drowsiness detction hybrid\mouth\no yawn\3736.jpg,0,No Yawn,
C:\Users\dell\OneDrive\Documents\sts\driver drowsiness detction hybrid\mouth\yawn\1176.jpg,1,Yawn,
C:\Users\dell\OneDrive\Documents\sts\driver drowsiness detction hybrid\mouth\yawn\1100.jpg,1,Yawn,
C:\Users\dell\OneDrive\Documents\sts\driver drowsiness detction hybrid\mouth\yawn\1859.jpg,1,Yawn,
C:\Users\dell\OneDrive\Documents\sts\driver drowsiness detction hybrid\mouth\no yawn\3703.jpg,0,No Yawn,
C:\Users\dell\OneDrive\Documents\sts\driver drowsiness detction hybrid\mouth\yawn\874.jpg,1,Yawn,
C:\Users\dell\OneDrive\Documents\sts\driver drowsiness detction hybrid\mouth\yawn\2487.jpg,1,Yawn,
C:\Users\dell\OneDrive\Documents\sts\driver drowsiness detction hybrid\mouth\no yawn\4019.jpg,0,No Yawn,
C:\Users\dell\OneDrive\Documents\sts\driver drowsiness detction hybrid\mouth\no yawn\4967.jpg,0,No Yawn,
C:\Users\dell\OneDrive\Documents\sts\driver drowsiness detction hybrid\mouth\no yawn\3567.jpg,0,No Yawn,
C:\Users\dell\OneDrive\Documents\sts\driver drowsiness detction hybrid\mouth\yawn\451.jpg,1,Yawn,
C:\Users\dell\OneDrive\Documents\sts\driver drowsiness detction hybrid\mouth\no yawn\5342.jpg,0,No Yawn,
C:\Users\dell\OneDrive\Documents\sts\driver drowsiness detction hybrid\mouth\yawn\2125.jpg,1,Yawn,
C:\Users\dell\OneDrive\Documents\sts\driver drowsiness detction hybrid\mouth\yawn\1294.jpg,1,Yawn,
C:\Users\dell\OneDrive\Documents\sts\driver drowsiness detction hybrid\mouth\no yawn\2822.jpg,0,No Yawn,
C:\Users\dell\OneDrive\Documents\sts\driver drowsiness detction hybrid\mouth\no yawn\3194.jpg,0,No Yawn,
C:\Users\dell\OneDrive\Documents\sts\driver drowsiness detction hybrid\mouth\yawn\752.jpg,1,Yawn,
C:\Users\dell\OneDrive\Documents\sts\driver drowsiness detction hybrid\mouth\no yawn\3574.jpg,0,No Yawn,
C:\Users\dell\OneDrive\Documents\sts\driver drowsiness detction hybrid\mouth\yawn\1438.jpg,1,Yawn,
C:\Users\dell\OneDrive\Documents\sts\driver drowsiness detction hybrid\mouth\yawn\984.jpg,1,Yawn,
C:\Users\dell\OneDrive\Documents\sts\driver drowsiness detction hybrid\mouth\no yawn\4004.jpg,0,No Yawn,
C:\Users\dell\OneDrive\Documents\sts\driver drowsiness detction hybrid\mouth\no yawn\3669.jpg,0,No Yawn,
C:\Users\dell\OneDrive\Documents\sts\driver drowsiness detction hybrid\mouth\no yawn\3017.jpg,0,No Yawn,
C:\Users\dell\OneDrive\Documents\sts\driver drowsiness detction hybrid\mouth\yawn\1109.jpg,1,Yawn,
C:\Users\dell\OneDrive\Documents\sts\driver drowsiness detction hybrid\mouth\yawn\467.jpg,1,Yawn,
C:\Users\dell\OneDrive\Documents\sts\driver drowsiness detction hybrid\mouth\yawn\838.jpg,1,Yawn,
C:\Users\dell\OneDrive\Documents\sts\driver drowsiness detction hybrid\mouth\no yawn\4885.jpg,0,No Yawn,
C:\Users\dell\OneDrive\Documents\sts\driver drowsiness detction hybrid\mouth\no yawn\5322.jpg,0,No Yawn,
C:\Users\dell\OneDrive\Documents\sts\driver drowsiness detction hybrid\mouth\yawn\2291.jpg,1,Yawn,
C:\Users\dell\OneDrive\Documents\sts\driver drowsiness detction hybrid\mouth\yawn\416.jpg,1,Yawn,
C:\Users\dell\OneDrive\Documents\sts\driver drowsiness detction hybrid\mouth\no yawn\3214.jpg,0,No Yawn,
C:\Users\dell\OneDrive\Documents\sts\driver drowsiness detction hybrid\mouth\yawn\2163.jpg,1,Yawn,
C:\Users\dell\OneDrive\Documents\sts\driver drowsiness detction hybrid\mouth\yawn\248.jpg,1,Yawn,
C:\Users\dell\OneDrive\Documents\sts\driver drowsiness detction hybrid\mouth\yawn\679.jpg,1,Yawn,
C:\Users\dell\OneDrive\Documents\sts\driver drowsiness detction hybrid\mouth\no yawn\3382.jpg,0,No Yawn,
C:\Users\dell\OneDrive\Documents\sts\driver drowsiness detction hybrid\mouth\no yawn\4659.jpg,0,No Yawn,
C:\Users\dell\OneDrive\Documents\sts\driver drowsiness detction hybrid\mouth\no yawn\4852.jpg,0,No Yawn,
C:\Users\dell\OneDrive\Documents\sts\driver drowsiness detction hybrid\mouth\no yawn\3198.jpg,0,No Yawn,
C:\Users\dell\OneDrive\Documents\sts\driver drowsiness detction hybrid\mouth\no yawn\5135.jpg,0,No Yawn,
C:\Users\dell\OneDrive\Documents\sts\driver drowsiness detction hybrid\mouth\no yawn\4149.jpg,0,No Yawn,
C:\Users\dell\OneDrive\Documents\sts\driver drowsiness detction hybrid\mouth\yawn\411.jpg,1,Yawn,
C:\Users\dell\OneDrive\Documents\sts\driver drowsiness detction hybrid\mouth\yawn\1759.jpg,1,Yawn,
C:\Users\dell\OneDrive\Documents\sts\driver drowsiness detction hybrid\mouth\yawn\1786.jpg,1,Yawn,
C:\Users\dell\OneDrive\Documents\sts\driver drowsiness detction hybrid\mouth\no yawn\3977.jpg,0,No Yawn,
C:\Users\dell\OneDrive\Documents\sts\driver drowsiness detction hybrid\mouth\yawn\2339.jpg,1,Yawn,
C:\Users\dell\OneDrive\Documents\sts\driver drowsiness detction hybrid\mouth\no yawn\4530.jpg,0,No Yawn,
C:\Users\dell\OneDrive\Documents\sts\driver drowsiness detction hybrid\mouth\yawn\2580.jpg,1,Yawn,
C:\Users\dell\OneDrive\Documents\sts\driver drowsiness detction hybrid\mouth\no yawn\4047.jpg,0,No Yawn,
C:\Users\dell\OneDrive\Documents\sts\driver drowsiness detction hybrid\mouth\no yawn\3573.jpg,0,No Yawn,
C:\Users\dell\OneDrive\Documents\sts\driver drowsiness detction hybrid\mouth\no yawn\4406.jpg,0,No Yawn,
C:\Users\dell\OneDrive\Documents\sts\driver drowsiness detction hybrid\mouth\no yawn\3611.jpg,0,No Yawn,
C:\Users\dell\OneDrive\Documents\sts\driver drowsiness detction hybrid\mouth\no yawn\3754.jpg,0,No Yawn,
C:\Users\dell\OneDrive\Documents\sts\driver drowsiness detction hybrid\mouth\no yawn\5012.jpg,0,No Yawn,
C:\Users\dell\OneDrive\Documents\sts\driver drowsiness detction hybrid\mouth\no yawn\4776.jpg,0,No Yawn,
C:\Users\dell\OneDrive\Documents\sts\driver drowsiness detction hybrid\mouth\no yawn\2760.jpg,0,No Yawn,
C:\Users\dell\OneDrive\Documents\sts\driver drowsiness detction hybrid\mouth\yawn\814.jpg,1,Yawn,
C:\Users\dell\OneDrive\Documents\sts\driver drowsiness detction hybrid\mouth\no yawn\4933.jpg,0,No Yawn,
C:\Users\dell\OneDrive\Documents\sts\driver drowsiness detction hybrid\mouth\yawn\890.jpg,1,Yawn,
C:\Users\dell\OneDrive\Documents\sts\driver drowsiness detction hybrid\mouth\no yawn\3933.jpg,0,No Yawn,
C:\Users\dell\OneDrive\Documents\sts\driver drowsiness detction hybrid\mouth\no yawn\3468.jpg,0,No Yawn,
C:\Users\dell\OneDrive\Documents\sts\driver drowsiness detction hybrid\mouth\yawn\1921.jpg,1,Yawn,
C:\Users\dell\OneDrive\Documents\sts\driver drowsiness detction hybrid\mouth\yawn\962.jpg,1,Yawn,
C:\Users\dell\OneDrive\Documents\sts\driver drowsiness detction hybrid\mouth\no yawn\4341.jpg,0,No Yawn,
C:\Users\dell\OneDrive\Documents\sts\driver drowsiness detction hybrid\mouth\yawn\2320.jpg,1,Yawn,
C:\Users\dell\OneDrive\Documents\sts\driver drowsiness detction hybrid\mouth\yawn\1087.jpg,1,Yawn,
C:\Users\dell\OneDrive\Documents\sts\driver drowsiness detction hybrid\mouth\yawn\2715.jpg,1,Yawn,
C:\Users\dell\OneDrive\Documents\sts\driver drowsiness detction hybrid\mouth\yawn\117.jpg,1,Yawn,
C:\Users\dell\OneDrive\Documents\sts\driver drowsiness detction hybrid\mouth\no yawn\5447.jpg,0,No Yawn,
C:\Users\dell\OneDrive\Documents\sts\driver drowsiness detction hybrid\mouth\no yawn\4029.jpg,0,No Yawn,
C:\Users\dell\OneDrive\Documents\sts\driver drowsiness detction hybrid\mouth\yawn\1224.jpg,1,Yawn,
C:\Users\dell\OneDrive\Documents\sts\driver drowsiness detction hybrid\mouth\no yawn\4581.jpg,0,No Yawn,
C:\Users\dell\OneDrive\Documents\sts\driver drowsiness detction hybrid\mouth\yawn\1517.jpg,1,Yawn,
C:\Users\dell\OneDrive\Documents\sts\driver drowsiness detction hybrid\mouth\no yawn\5058.jpg,0,No Yawn,
C:\Users\dell\OneDrive\Documents\sts\driver drowsiness detction hybrid\mouth\no yawn\4516.jpg,0,No Yawn,
C:\Users\dell\OneDrive\Documents\sts\driver drowsiness detction hybrid\mouth\no yawn\3866.jpg,0,No Yawn,
C:\Users\dell\OneDrive\Documents\sts\driver drowsiness detction hybrid\mouth\no yawn\4017.jpg,0,No Yawn,
C:\Users\dell\OneDrive\Documents\sts\driver drowsiness detction hybrid\mouth\yawn\442.jpg,1,Yawn,
C:\Users\dell\OneDrive\Documents\sts\driver drowsiness detction hybrid\mouth\no yawn\3840.jpg,0,No Yawn,
C:\Users\dell\OneDrive\Documents\sts\driver drowsiness detction hybrid\mouth\yawn\2607.jpg,1,Yawn,
C:\Users\dell\OneDrive\Documents\sts\driver drowsiness detction hybrid\mouth\yawn\67.jpg,1,Yawn,
C:\Users\dell\OneDrive\Documents\sts\driver drowsiness detction hybrid\mouth\yawn\1539.jpg,1,Yawn,
C:\Users\dell\OneDrive\Documents\sts\driver drowsiness detction hybrid\mouth\no yawn\3340.jpg,0,No Yawn,
C:\Users\dell\OneDrive\Documents\sts\driver drowsiness detction hybrid\mouth\yawn\2068.jpg,1,Yawn,
C:\Users\dell\OneDrive\Documents\sts\driver drowsiness detction hybrid\mouth\yawn\1811.jpg,1,Yawn,
C:\Users\dell\OneDrive\Documents\sts\driver drowsiness detction hybrid\mouth\yawn\2062.jpg,1,Yawn,
C:\Users\dell\OneDrive\Documents\sts\driver drowsiness detction hybrid\mouth\yawn\2039.jpg,1,Yawn,
C:\Users\dell\OneDrive\Documents\sts\driver drowsiness detction hybrid\mouth\yawn\2655.jpg,1,Yawn,
C:\Users\dell\OneDrive\Documents\sts\driver drowsiness detction hybrid\mouth\no yawn\3791.jpg,0,No Yawn,
C:\Users\dell\OneDrive\Documents\sts\driver drowsiness detction hybrid\mouth\no yawn\4500.jpg,0,No Yawn,
C:\Users\dell\OneDrive\Documents\sts\driver drowsiness detction hybrid\mouth\yawn\270.jpg,1,Yawn,
C:\Users\dell\OneDrive\Documents\sts\driver drowsiness detction hybrid\mouth\no yawn\3803.jpg,0,No Yawn,
C:\Users\dell\OneDrive\Documents\sts\driver drowsiness detction hybrid\mouth\yawn\8.jpg,1,Yawn,
C:\Users\dell\OneDrive\Documents\sts\driver drowsiness detction hybrid\mouth\yawn\1957.jpg,1,Yawn,
C:\Users\dell\OneDrive\Documents\sts\driver drowsiness detction hybrid\mouth\yawn\1366.jpg,1,Yawn,
C:\Users\dell\OneDrive\Documents\sts\driver drowsiness detction hybrid\mouth\no yawn\4743.jpg,0,No Yawn,
C:\Users\dell\OneDrive\Documents\sts\driver drowsiness detction hybrid\mouth\yawn\2670.jpg,1,Yawn,
C:\Users\dell\OneDrive\Documents\sts\driver drowsiness detction hybrid\mouth\no yawn\4037.jpg,0,No Yawn,
C:\Users\dell\OneDrive\Documents\sts\driver drowsiness detction hybrid\mouth\yawn\827.jpg,1,Yawn,
C:\Users\dell\OneDrive\Documents\sts\driver drowsiness detction hybrid\mouth\yawn\578.jpg,1,Yawn,
C:\Users\dell\OneDrive\Documents\sts\driver drowsiness detction hybrid\mouth\yawn\2393.jpg,1,Yawn,
C:\Users\dell\OneDrive\Documents\sts\driver drowsiness detction hybrid\mouth\no yawn\4210.jpg,0,No Yawn,
C:\Users\dell\OneDrive\Documents\sts\driver drowsiness detction hybrid\mouth\no yawn\2960.jpg,0,No Yawn,
C:\Users\dell\OneDrive\Documents\sts\driver drowsiness detction hybrid\mouth\yawn\2236.jpg,1,Yawn,
C:\Users\dell\OneDrive\Documents\sts\driver drowsiness detction hybrid\mouth\yawn\1956.jpg,1,Yawn,
C:\Users\dell\OneDrive\Documents\sts\driver drowsiness detction hybrid\mouth\no yawn\3132.jpg,0,No Yawn,
C:\Users\dell\OneDrive\Documents\sts\driver drowsiness detction hybrid\mouth\no yawn\3421.jpg,0,No Yawn,
C:\Users\dell\OneDrive\Documents\sts\driver drowsiness detction hybrid\mouth\yawn\359.jpg,1,Yawn,
C:\Users\dell\OneDrive\Documents\sts\driver drowsiness detction hybrid\mouth\no yawn\3538.jpg,0,No Yawn,
C:\Users\dell\OneDrive\Documents\sts\driver drowsiness detction hybrid\mouth\yawn\1880.jpg,1,Yawn,
C:\Users\dell\OneDrive\Documents\sts\driver drowsiness detction hybrid\mouth\yawn\1381.jpg,1,Yawn,
C:\Users\dell\OneDrive\Documents\sts\driver drowsiness detction hybrid\mouth\no yawn\5380.jpg,0,No Yawn,
C:\Users\dell\OneDrive\Documents\sts\driver drowsiness detction hybrid\mouth\no yawn\3001.jpg,0,No Yawn,
C:\Users\dell\OneDrive\Documents\sts\driver drowsiness detction hybrid\mouth\no yawn\3031.jpg,0,No Yawn,
C:\Users\dell\OneDrive\Documents\sts\driver drowsiness detction hybrid\mouth\yawn\1011.jpg,1,Yawn,
C:\Users\dell\OneDrive\Documents\sts\driver drowsiness detction hybrid\mouth\no yawn\3149.jpg,0,No Yawn,
C:\Users\dell\OneDrive\Documents\sts\driver drowsiness detction hybrid\mouth\yawn\172.jpg,1,Yawn,
C:\Users\dell\OneDrive\Documents\sts\driver drowsiness detction hybrid\mouth\no yawn\3440.jpg,0,No Yawn,
C:\Users\dell\OneDrive\Documents\sts\driver drowsiness detction hybrid\mouth\no yawn\4578.jpg,0,No Yawn,
C:\Users\dell\OneDrive\Documents\sts\driver drowsiness detction hybrid\mouth\no yawn\3875.jpg,0,No Yawn,
C:\Users\dell\OneDrive\Documents\sts\driver drowsiness detction hybrid\mouth\yawn\740.jpg,1,Yawn,
C:\Users\dell\OneDrive\Documents\sts\driver drowsiness detction hybrid\mouth\no yawn\3127.jpg,0,No Yawn,
C:\Users\dell\OneDrive\Documents\sts\driver drowsiness detction hybrid\mouth\yawn\567.jpg,1,Yawn,
C:\Users\dell\OneDrive\Documents\sts\driver drowsiness detction hybrid\mouth\yawn\2361.jpg,1,Yawn,
C:\Users\dell\OneDrive\Documents\sts\driver drowsiness detction hybrid\mouth\no yawn\3506.jpg,0,No Yawn,
C:\Users\dell\OneDrive\Documents\sts\driver drowsiness detction hybrid\mouth\no yawn\3439.jpg,0,No Yawn,
C:\Users\dell\OneDrive\Documents\sts\driver drowsiness detction hybrid\mouth\yawn\365.jpg,1,Yawn,
C:\Users\dell\OneDrive\Documents\sts\driver drowsiness detction hybrid\mouth\yawn\1488.jpg,1,Yawn,
C:\Users\dell\OneDrive\Documents\sts\driver drowsiness detction hybrid\mouth\yawn\1860.jpg,1,Yawn,
C:\Users\dell\OneDrive\Documents\sts\driver drowsiness detction hybrid\mouth\yawn\610.jpg,1,Yawn,
C:\Users\dell\OneDrive\Documents\sts\driver drowsiness detction hybrid\mouth\yawn\654.jpg,1,Yawn,
C:\Users\dell\OneDrive\Documents\sts\driver drowsiness detction hybrid\mouth\no yawn\4314.jpg,0,No Yawn,
C:\Users\dell\OneDrive\Documents\sts\driver drowsiness detction hybrid\mouth\yawn\2461.jpg,1,Yawn,
C:\Users\dell\OneDrive\Documents\sts\driver drowsiness detction hybrid\mouth\yawn\580.jpg,1,Yawn,
C:\Users\dell\OneDrive\Documents\sts\driver drowsiness detction hybrid\mouth\no yawn\4141.jpg,0,No Yawn,
C:\Users\dell\OneDrive\Documents\sts\driver drowsiness detction hybrid\mouth\no yawn\2930.jpg,0,No Yawn,
C:\Users\dell\OneDrive\Documents\sts\driver drowsiness detction hybrid\mouth\yawn\2240.jpg,1,Yawn,
C:\Users\dell\OneDrive\Documents\sts\driver drowsiness detction hybrid\mouth\yawn\2142.jpg,1,Yawn,
C:\Users\dell\OneDrive\Documents\sts\driver drowsiness detction hybrid\mouth\yawn\1960.jpg,1,Yawn,
C:\Users\dell\OneDrive\Documents\sts\driver drowsiness detction hybrid\mouth\no yawn\3162.jpg,0,No Yawn,
C:\Users\dell\OneDrive\Documents\sts\driver drowsiness detction hybrid\mouth\yawn\709.jpg,1,Yawn,
C:\Users\dell\OneDrive\Documents\sts\driver drowsiness detction hybrid\mouth\yawn\498.jpg,1,Yawn,
C:\Users\dell\OneDrive\Documents\sts\driver drowsiness detction hybrid\mouth\yawn\1435.jpg,1,Yawn,
C:\Users\dell\OneDrive\Documents\sts\driver drowsiness detction hybrid\mouth\yawn\798.jpg,1,Yawn,
C:\Users\dell\OneDrive\Documents\sts\driver drowsiness detction hybrid\mouth\yawn\2588.jpg,1,Yawn,
C:\Users\dell\OneDrive\Documents\sts\driver drowsiness detction hybrid\mouth\yawn\1712.jpg,1,Yawn,
C:\Users\dell\OneDrive\Documents\sts\driver drowsiness detction hybrid\mouth\no yawn\5231.jpg,0,No Yawn,
C:\Users\dell\OneDrive\Documents\sts\driver drowsiness detction hybrid\mouth\no yawn\3225.jpg,0,No Yawn,
C:\Users\dell\OneDrive\Documents\sts\driver drowsiness detction hybrid\mouth\yawn\1578.jpg,1,Yawn,
C:\Users\dell\OneDrive\Documents\sts\driver drowsiness detction hybrid\mouth\yawn\2258.jpg,1,Yawn,
C:\Users\dell\OneDrive\Documents\sts\driver drowsiness detction hybrid\mouth\yawn\2136.jpg,1,Yawn,
C:\Users\dell\OneDrive\Documents\sts\driver drowsiness detction hybrid\mouth\no yawn\4152.jpg,0,No Yawn,
C:\Users\dell\OneDrive\Documents\sts\driver drowsiness detction hybrid\mouth\yawn\733.jpg,1,Yawn,
C:\Users\dell\OneDrive\Documents\sts\driver drowsiness detction hybrid\mouth\yawn\1099.jpg,1,Yawn,
C:\Users\dell\OneDrive\Documents\sts\driver drowsiness detction hybrid\mouth\yawn\1950.jpg,1,Yawn,
C:\Users\dell\OneDrive\Documents\sts\driver drowsiness detction hybrid\mouth\yawn\221.jpg,1,Yawn,
C:\Users\dell\OneDrive\Documents\sts\driver drowsiness detction hybrid\mouth\yawn\1445.jpg,1,Yawn,
C:\Users\dell\OneDrive\Documents\sts\driver drowsiness detction hybrid\mouth\no yawn\3235.jpg,0,No Yawn,
C:\Users\dell\OneDrive\Documents\sts\driver drowsiness detction hybrid\mouth\no yawn\3450.jpg,0,No Yawn,
C:\Users\dell\OneDrive\Documents\sts\driver drowsiness detction hybrid\mouth\no yawn\4675.jpg,0,No Yawn,
C:\Users\dell\OneDrive\Documents\sts\driver drowsiness detction hybrid\mouth\yawn\1453.jpg,1,Yawn,
C:\Users\dell\OneDrive\Documents\sts\driver drowsiness detction hybrid\mouth\yawn\110.jpg,1,Yawn,
C:\Users\dell\OneDrive\Documents\sts\driver drowsiness detction hybrid\mouth\yawn\1843.jpg,1,Yawn,
C:\Users\dell\OneDrive\Documents\sts\driver drowsiness detction hybrid\mouth\no yawn\2833.jpg,0,No Yawn,
C:\Users\dell\OneDrive\Documents\sts\driver drowsiness detction hybrid\mouth\no yawn\5280.jpg,0,No Yawn,
C:\Users\dell\OneDrive\Documents\sts\driver drowsiness detction hybrid\mouth\yawn\322.jpg,1,Yawn,
C:\Users\dell\OneDrive\Documents\sts\driver drowsiness detction hybrid\mouth\yawn\2388.jpg,1,Yawn,
C:\Users\dell\OneDrive\Documents\sts\driver drowsiness detction hybrid\mouth\no yawn\5056.jpg,0,No Yawn,
C:\Users\dell\OneDrive\Documents\sts\driver drowsiness detction hybrid\mouth\yawn\2187.jpg,1,Yawn,
C:\Users\dell\OneDrive\Documents\sts\driver drowsiness detction hybrid\mouth\no yawn\3790.jpg,0,No Yawn,
C:\Users\dell\OneDrive\Documents\sts\driver drowsiness detction hybrid\mouth\no yawn\3513.jpg,0,No Yawn,
C:\Users\dell\OneDrive\Documents\sts\driver drowsiness detction hybrid\mouth\yawn\2637.jpg,1,Yawn,
C:\Users\dell\OneDrive\Documents\sts\driver drowsiness detction hybrid\mouth\no yawn\4020.jpg,0,No Yawn,
C:\Users\dell\OneDrive\Documents\sts\driver drowsiness detction hybrid\mouth\no yawn\3509.jpg,0,No Yawn,
C:\Users\dell\OneDrive\Documents\sts\driver drowsiness detction hybrid\mouth\no yawn\3217.jpg,0,No Yawn,
C:\Users\dell\OneDrive\Documents\sts\driver drowsiness detction hybrid\mouth\yawn\1624.jpg,1,Yawn,
C:\Users\dell\OneDrive\Documents\sts\driver drowsiness detction hybrid\mouth\no yawn\3271.jpg,0,No Yawn,
C:\Users\dell\OneDrive\Documents\sts\driver drowsiness detction hybrid\mouth\yawn\552.jpg,1,Yawn,
C:\Users\dell\OneDrive\Documents\sts\driver drowsiness detction hybrid\mouth\yawn\2710.jpg,1,Yawn,
C:\Users\dell\OneDrive\Documents\sts\driver drowsiness detction hybrid\mouth\no yawn\3562.jpg,0,No Yawn,
C:\Users\dell\OneDrive\Documents\sts\driver drowsiness detction hybrid\mouth\yawn\82.jpg,1,Yawn,
C:\Users\dell\OneDrive\Documents\sts\driver drowsiness detction hybrid\mouth\no yawn\3922.jpg,0,No Yawn,
C:\Users\dell\OneDrive\Documents\sts\driver drowsiness detction hybrid\mouth\yawn\893.jpg,1,Yawn,
C:\Users\dell\OneDrive\Documents\sts\driver drowsiness detction hybrid\mouth\yawn\367.jpg,1,Yawn,
C:\Users\dell\OneDrive\Documents\sts\driver drowsiness detction hybrid\mouth\no yawn\2793.jpg,0,No Yawn,
C:\Users\dell\OneDrive\Documents\sts\driver drowsiness detction hybrid\mouth\no yawn\2955.jpg,0,No Yawn,
C:\Users\dell\OneDrive\Documents\sts\driver drowsiness detction hybrid\mouth\no yawn\3022.jpg,0,No Yawn,
C:\Users\dell\OneDrive\Documents\sts\driver drowsiness detction hybrid\mouth\no yawn\5346.jpg,0,No Yawn,
C:\Users\dell\OneDrive\Documents\sts\driver drowsiness detction hybrid\mouth\no yawn\4635.jpg,0,No Yawn,
C:\Users\dell\OneDrive\Documents\sts\driver drowsiness detction hybrid\mouth\no yawn\5344.jpg,0,No Yawn,
C:\Users\dell\OneDrive\Documents\sts\driver drowsiness detction hybrid\mouth\no yawn\3501.jpg,0,No Yawn,
C:\Users\dell\OneDrive\Documents\sts\driver drowsiness detction hybrid\mouth\yawn\269.jpg,1,Yawn,
C:\Users\dell\OneDrive\Documents\sts\driver drowsiness detction hybrid\mouth\yawn\878.jpg,1,Yawn,
C:\Users\dell\OneDrive\Documents\sts\driver drowsiness detction hybrid\mouth\no yawn\3951.jpg,0,No Yawn,
C:\Users\dell\OneDrive\Documents\sts\driver drowsiness detction hybrid\mouth\yawn\1691.jpg,1,Yawn,
C:\Users\dell\OneDrive\Documents\sts\driver drowsiness detction hybrid\mouth\yawn\358.jpg,1,Yawn,
C:\Users\dell\OneDrive\Documents\sts\driver drowsiness detction hybrid\mouth\yawn\1953.jpg,1,Yawn,
C:\Users\dell\OneDrive\Documents\sts\driver drowsiness detction hybrid\mouth\yawn\1642.jpg,1,Yawn,
C:\Users\dell\OneDrive\Documents\sts\driver drowsiness detction hybrid\mouth\no yawn\5214.jpg,0,No Yawn,
C:\Users\dell\OneDrive\Documents\sts\driver drowsiness detction hybrid\mouth\no yawn\3891.jpg,0,No Yawn,
C:\Users\dell\OneDrive\Documents\sts\driver drowsiness detction hybrid\mouth\yawn\301.jpg,1,Yawn,
C:\Users\dell\OneDrive\Documents\sts\driver drowsiness detction hybrid\mouth\yawn\734.jpg,1,Yawn,
C:\Users\dell\OneDrive\Documents\sts\driver drowsiness detction hybrid\mouth\no yawn\4579.jpg,0,No Yawn,
C:\Users\dell\OneDrive\Documents\sts\driver drowsiness detction hybrid\mouth\no yawn\3883.jpg,0,No Yawn,
C:\Users\dell\OneDrive\Documents\sts\driver drowsiness detction hybrid\mouth\no yawn\4989.jpg,0,No Yawn,
C:\Users\dell\OneDrive\Documents\sts\driver drowsiness detction hybrid\mouth\no yawn\4794.jpg,0,No Yawn,
C:\Users\dell\OneDrive\Documents\sts\driver drowsiness detction hybrid\mouth\no yawn\4368.jpg,0,No Yawn,
C:\Users\dell\OneDrive\Documents\sts\driver drowsiness detction hybrid\mouth\yawn\2452.jpg,1,Yawn,
C:\Users\dell\OneDrive\Documents\sts\driver drowsiness detction hybrid\mouth\no yawn\3554.jpg,0,No Yawn,
C:\Users\dell\OneDrive\Documents\sts\driver drowsiness detction hybrid\mouth\no yawn\4126.jpg,0,No Yawn,
C:\Users\dell\OneDrive\Documents\sts\driver drowsiness detction hybrid\mouth\no yawn\4757.jpg,0,No Yawn,
C:\Users\dell\OneDrive\Documents\sts\driver drowsiness detction hybrid\mouth\no yawn\3016.jpg,0,No Yawn,
C:\Users\dell\OneDrive\Documents\sts\driver drowsiness detction hybrid\mouth\no yawn\2934.jpg,0,No Yawn,
C:\Users\dell\OneDrive\Documents\sts\driver drowsiness detction hybrid\mouth\yawn\2252.jpg,1,Yawn,
C:\Users\dell\OneDrive\Documents\sts\driver drowsiness detction hybrid\mouth\yawn\2084.jpg,1,Yawn,
C:\Users\dell\OneDrive\Documents\sts\driver drowsiness detction hybrid\mouth\yawn\736.jpg,1,Yawn,
C:\Users\dell\OneDrive\Documents\sts\driver drowsiness detction hybrid\mouth\no yawn\4159.jpg,0,No Yawn,
C:\Users\dell\OneDrive\Documents\sts\driver drowsiness detction hybrid\mouth\no yawn\5469.jpg,0,No Yawn,
C:\Users\dell\OneDrive\Documents\sts\driver drowsiness detction hybrid\mouth\no yawn\4583.jpg,0,No Yawn,
C:\Users\dell\OneDrive\Documents\sts\driver drowsiness detction hybrid\mouth\yawn\1748.jpg,1,Yawn,
C:\Users\dell\OneDrive\Documents\sts\driver drowsiness detction hybrid\mouth\no yawn\3710.jpg,0,No Yawn,
C:\Users\dell\OneDrive\Documents\sts\driver drowsiness detction hybrid\mouth\no yawn\5065.jpg,0,No Yawn,
C:\Users\dell\OneDrive\Documents\sts\driver drowsiness detction hybrid\mouth\yawn\400.jpg,1,Yawn,
C:\Users\dell\OneDrive\Documents\sts\driver drowsiness detction hybrid\mouth\yawn\809.jpg,1,Yawn,
C:\Users\dell\OneDrive\Documents\sts\driver drowsiness detction hybrid\mouth\yawn\710.jpg,1,Yawn,
C:\Users\dell\OneDrive\Documents\sts\driver drowsiness detction hybrid\mouth\no yawn\4888.jpg,0,No Yawn,
C:\Users\dell\OneDrive\Documents\sts\driver drowsiness detction hybrid\mouth\no yawn\4263.jpg,0,No Yawn,
C:\Users\dell\OneDrive\Documents\sts\driver drowsiness detction hybrid\mouth\yawn\2745.jpg,1,Yawn,
C:\Users\dell\OneDrive\Documents\sts\driver drowsiness detction hybrid\mouth\no yawn\4577.jpg,0,No Yawn,
C:\Users\dell\OneDrive\Documents\sts\driver drowsiness detction hybrid\mouth\no yawn\4434.jpg,0,No Yawn,
C:\Users\dell\OneDrive\Documents\sts\driver drowsiness detction hybrid\mouth\no yawn\4090.jpg,0,No Yawn,
C:\Users\dell\OneDrive\Documents\sts\driver drowsiness detction hybrid\mouth\yawn\834.jpg,1,Yawn,
C:\Users\dell\OneDrive\Documents\sts\driver drowsiness detction hybrid\mouth\yawn\508.jpg,1,Yawn,
C:\Users\dell\OneDrive\Documents\sts\driver drowsiness detction hybrid\mouth\yawn\2098.jpg,1,Yawn,
C:\Users\dell\OneDrive\Documents\sts\driver drowsiness detction hybrid\mouth\yawn\1665.jpg,1,Yawn,
C:\Users\dell\OneDrive\Documents\sts\driver drowsiness detction hybrid\mouth\no yawn\4270.jpg,0,No Yawn,
C:\Users\dell\OneDrive\Documents\sts\driver drowsiness detction hybrid\mouth\yawn\638.jpg,1,Yawn,
C:\Users\dell\OneDrive\Documents\sts\driver drowsiness detction hybrid\mouth\no yawn\3767.jpg,0,No Yawn,
C:\Users\dell\OneDrive\Documents\sts\driver drowsiness detction hybrid\mouth\yawn\2052.jpg,1,Yawn,
C:\Users\dell\OneDrive\Documents\sts\driver drowsiness detction hybrid\mouth\no yawn\3474.jpg,0,No Yawn,
C:\Users\dell\OneDrive\Documents\sts\driver drowsiness detction hybrid\mouth\yawn\1520.jpg,1,Yawn,
C:\Users\dell\OneDrive\Documents\sts\driver drowsiness detction hybrid\mouth\no yawn\5459.jpg,0,No Yawn,
C:\Users\dell\OneDrive\Documents\sts\driver drowsiness detction hybrid\mouth\yawn\1413.jpg,1,Yawn,
C:\Users\dell\OneDrive\Documents\sts\driver drowsiness detction hybrid\mouth\yawn\2140.jpg,1,Yawn,
C:\Users\dell\OneDrive\Documents\sts\driver drowsiness detction hybrid\mouth\yawn\898.jpg,1,Yawn,
C:\Users\dell\OneDrive\Documents\sts\driver drowsiness detction hybrid\mouth\no yawn\4313.jpg,0,No Yawn,
C:\Users\dell\OneDrive\Documents\sts\driver drowsiness detction hybrid\mouth\yawn\2201.jpg,1,Yawn,
C:\Users\dell\OneDrive\Documents\sts\driver drowsiness detction hybrid\mouth\yawn\521.jpg,1,Yawn,
C:\Users\dell\OneDrive\Documents\sts\driver drowsiness detction hybrid\mouth\no yawn\4514.jpg,0,No Yawn,
C:\Users\dell\OneDrive\Documents\sts\driver drowsiness detction hybrid\mouth\yawn\2416.jpg,1,Yawn,
C:\Users\dell\OneDrive\Documents\sts\driver drowsiness detction hybrid\mouth\yawn\1948.jpg,1,Yawn,
C:\Users\dell\OneDrive\Documents\sts\driver drowsiness detction hybrid\mouth\no yawn\5404.jpg,0,No Yawn,
C:\Users\dell\OneDrive\Documents\sts\driver drowsiness detction hybrid\mouth\yawn\2102.jpg,1,Yawn,
C:\Users\dell\OneDrive\Documents\sts\driver drowsiness detction hybrid\mouth\yawn\604.jpg,1,Yawn,
C:\Users\dell\OneDrive\Documents\sts\driver drowsiness detction hybrid\mouth\yawn\2486.jpg,1,Yawn,
C:\Users\dell\OneDrive\Documents\sts\driver drowsiness detction hybrid\mouth\yawn\2059.jpg,1,Yawn,
C:\Users\dell\OneDrive\Documents\sts\driver drowsiness detction hybrid\mouth\no yawn\3844.jpg,0,No Yawn,
C:\Users\dell\OneDrive\Documents\sts\driver drowsiness detction hybrid\mouth\no yawn\2971.jpg,0,No Yawn,
C:\Users\dell\OneDrive\Documents\sts\driver drowsiness detction hybrid\mouth\yawn\87.jpg,1,Yawn,
C:\Users\dell\OneDrive\Documents\sts\driver drowsiness detction hybrid\mouth\yawn\1802.jpg,1,Yawn,
C:\Users\dell\OneDrive\Documents\sts\driver drowsiness detction hybrid\mouth\yawn\235.jpg,1,Yawn,
C:\Users\dell\OneDrive\Documents\sts\driver drowsiness detction hybrid\mouth\no yawn\2976.jpg,0,No Yawn,
C:\Users\dell\OneDrive\Documents\sts\driver drowsiness detction hybrid\mouth\no yawn\3281.jpg,0,No Yawn,
C:\Users\dell\OneDrive\Documents\sts\driver drowsiness detction hybrid\mouth\yawn\2078.jpg,1,Yawn,
C:\Users\dell\OneDrive\Documents\sts\driver drowsiness detction hybrid\mouth\no yawn\3279.jpg,0,No Yawn,
C:\Users\dell\OneDrive\Documents\sts\driver drowsiness detction hybrid\mouth\yawn\1502.jpg,1,Yawn,
C:\Users\dell\OneDrive\Documents\sts\driver drowsiness detction hybrid\mouth\yawn\875.jpg,1,Yawn,
C:\Users\dell\OneDrive\Documents\sts\driver drowsiness detction hybrid\mouth\yawn\1169.jpg,1,Yawn,
C:\Users\dell\OneDrive\Documents\sts\driver drowsiness detction hybrid\mouth\yawn\896.jpg,1,Yawn,
C:\Users\dell\OneDrive\Documents\sts\driver drowsiness detction hybrid\mouth\no yawn\2979.jpg,0,No Yawn,
C:\Users\dell\OneDrive\Documents\sts\driver drowsiness detction hybrid\mouth\no yawn\3478.jpg,0,No Yawn,
C:\Users\dell\OneDrive\Documents\sts\driver drowsiness detction hybrid\mouth\yawn\470.jpg,1,Yawn,
C:\Users\dell\OneDrive\Documents\sts\driver drowsiness detction hybrid\mouth\yawn\1245.jpg,1,Yawn,
C:\Users\dell\OneDrive\Documents\sts\driver drowsiness detction hybrid\mouth\no yawn\3741.jpg,0,No Yawn,
C:\Users\dell\OneDrive\Documents\sts\driver drowsiness detction hybrid\mouth\yawn\1774.jpg,1,Yawn,
C:\Users\dell\OneDrive\Documents\sts\driver drowsiness detction hybrid\mouth\no yawn\3073.jpg,0,No Yawn,
C:\Users\dell\OneDrive\Documents\sts\driver drowsiness detction hybrid\mouth\yawn\1120.jpg,1,Yawn,
C:\Users\dell\OneDrive\Documents\sts\driver drowsiness detction hybrid\mouth\yawn\1479.jpg,1,Yawn,
C:\Users\dell\OneDrive\Documents\sts\driver drowsiness detction hybrid\mouth\yawn\2526.jpg,1,Yawn,
C:\Users\dell\OneDrive\Documents\sts\driver drowsiness detction hybrid\mouth\no yawn\3639.jpg,0,No Yawn,
C:\Users\dell\OneDrive\Documents\sts\driver drowsiness detction hybrid\mouth\yawn\396.jpg,1,Yawn,
C:\Users\dell\OneDrive\Documents\sts\driver drowsiness detction hybrid\mouth\no yawn\5206.jpg,0,No Yawn,
C:\Users\dell\OneDrive\Documents\sts\driver drowsiness detction hybrid\mouth\yawn\2508.jpg,1,Yawn,
C:\Users\dell\OneDrive\Documents\sts\driver drowsiness detction hybrid\mouth\yawn\2709.jpg,1,Yawn,
C:\Users\dell\OneDrive\Documents\sts\driver drowsiness detction hybrid\mouth\yawn\1566.jpg,1,Yawn,
C:\Users\dell\OneDrive\Documents\sts\driver drowsiness detction hybrid\mouth\no yawn\4787.jpg,0,No Yawn,
C:\Users\dell\OneDrive\Documents\sts\driver drowsiness detction hybrid\mouth\yawn\232.jpg,1,Yawn,
C:\Users\dell\OneDrive\Documents\sts\driver drowsiness detction hybrid\mouth\no yawn\4069.jpg,0,No Yawn,
C:\Users\dell\OneDrive\Documents\sts\driver drowsiness detction hybrid\mouth\no yawn\4130.jpg,0,No Yawn,
C:\Users\dell\OneDrive\Documents\sts\driver drowsiness detction hybrid\mouth\no yawn\3336.jpg,0,No Yawn,
C:\Users\dell\OneDrive\Documents\sts\driver drowsiness detction hybrid\mouth\no yawn\4349.jpg,0,No Yawn,
C:\Users\dell\OneDrive\Documents\sts\driver drowsiness detction hybrid\mouth\yawn\2074.jpg,1,Yawn,
C:\Users\dell\OneDrive\Documents\sts\driver drowsiness detction hybrid\mouth\yawn\1241.jpg,1,Yawn,
C:\Users\dell\OneDrive\Documents\sts\driver drowsiness detction hybrid\mouth\yawn\104.jpg,1,Yawn,
C:\Users\dell\OneDrive\Documents\sts\driver drowsiness detction hybrid\mouth\no yawn\5140.jpg,0,No Yawn,
C:\Users\dell\OneDrive\Documents\sts\driver drowsiness detction hybrid\mouth\yawn\1513.jpg,1,Yawn,
C:\Users\dell\OneDrive\Documents\sts\driver drowsiness detction hybrid\mouth\yawn\2533.jpg,1,Yawn,
C:\Users\dell\OneDrive\Documents\sts\driver drowsiness detction hybrid\mouth\no yawn\4218.jpg,0,No Yawn,
C:\Users\dell\OneDrive\Documents\sts\driver drowsiness detction hybrid\mouth\yawn\681.jpg,1,Yawn,
C:\Users\dell\OneDrive\Documents\sts\driver drowsiness detction hybrid\mouth\no yawn\5073.jpg,0,No Yawn,
C:\Users\dell\OneDrive\Documents\sts\driver drowsiness detction hybrid\mouth\no yawn\4721.jpg,0,No Yawn,
C:\Users\dell\OneDrive\Documents\sts\driver drowsiness detction hybrid\mouth\no yawn\2978.jpg,0,No Yawn,
C:\Users\dell\OneDrive\Documents\sts\driver drowsiness detction hybrid\mouth\no yawn\3609.jpg,0,No Yawn,
C:\Users\dell\OneDrive\Documents\sts\driver drowsiness detction hybrid\mouth\yawn\2148.jpg,1,Yawn,
C:\Users\dell\OneDrive\Documents\sts\driver drowsiness detction hybrid\mouth\no yawn\3345.jpg,0,No Yawn,
C:\Users\dell\OneDrive\Documents\sts\driver drowsiness detction hybrid\mouth\yawn\1041.jpg,1,Yawn,
C:\Users\dell\OneDrive\Documents\sts\driver drowsiness detction hybrid\mouth\no yawn\5430.jpg,0,No Yawn,
C:\Users\dell\OneDrive\Documents\sts\driver drowsiness detction hybrid\mouth\no yawn\4935.jpg,0,No Yawn,
C:\Users\dell\OneDrive\Documents\sts\driver drowsiness detction hybrid\mouth\yawn\2254.jpg,1,Yawn,
C:\Users\dell\OneDrive\Documents\sts\driver drowsiness detction hybrid\mouth\yawn\1583.jpg,1,Yawn,
C:\Users\dell\OneDrive\Documents\sts\driver drowsiness detction hybrid\mouth\yawn\2211.jpg,1,Yawn,
C:\Users\dell\OneDrive\Documents\sts\driver drowsiness detction hybrid\mouth\no yawn\4154.jpg,0,No Yawn,
C:\Users\dell\OneDrive\Documents\sts\driver drowsiness detction hybrid\mouth\no yawn\4469.jpg,0,No Yawn,
C:\Users\dell\OneDrive\Documents\sts\driver drowsiness detction hybrid\mouth\yawn\1924.jpg,1,Yawn,
C:\Users\dell\OneDrive\Documents\sts\driver drowsiness detction hybrid\mouth\yawn\388.jpg,1,Yawn,
C:\Users\dell\OneDrive\Documents\sts\driver drowsiness detction hybrid\mouth\no yawn\3109.jpg,0,No Yawn,
C:\Users\dell\OneDrive\Documents\sts\driver drowsiness detction hybrid\mouth\yawn\711.jpg,1,Yawn,
C:\Users\dell\OneDrive\Documents\sts\driver drowsiness detction hybrid\mouth\no yawn\4035.jpg,0,No Yawn,
C:\Users\dell\OneDrive\Documents\sts\driver drowsiness detction hybrid\mouth\yawn\2436.jpg,1,Yawn,
C:\Users\dell\OneDrive\Documents\sts\driver drowsiness detction hybrid\mouth\yawn\848.jpg,1,Yawn,
C:\Users\dell\OneDrive\Documents\sts\driver drowsiness detction hybrid\mouth\no yawn\4783.jpg,0,No Yawn,
C:\Users\dell\OneDrive\Documents\sts\driver drowsiness detction hybrid\mouth\no yawn\2816.jpg,0,No Yawn,
C:\Users\dell\OneDrive\Documents\sts\driver drowsiness detction hybrid\mouth\yawn\1781.jpg,1,Yawn,
C:\Users\dell\OneDrive\Documents\sts\driver drowsiness detction hybrid\mouth\yawn\1472.jpg,1,Yawn,
C:\Users\dell\OneDrive\Documents\sts\driver drowsiness detction hybrid\mouth\yawn\2266.jpg,1,Yawn,
C:\Users\dell\OneDrive\Documents\sts\driver drowsiness detction hybrid\mouth\no yawn\5436.jpg,0,No Yawn,
C:\Users\dell\OneDrive\Documents\sts\driver drowsiness detction hybrid\mouth\no yawn\3048.jpg,0,No Yawn,
C:\Users\dell\OneDrive\Documents\sts\driver drowsiness detction hybrid\mouth\yawn\2349.jpg,1,Yawn,
C:\Users\dell\OneDrive\Documents\sts\driver drowsiness detction hybrid\mouth\no yawn\4637.jpg,0,No Yawn,
C:\Users\dell\OneDrive\Documents\sts\driver drowsiness detction hybrid\mouth\no yawn\5293.jpg,0,No Yawn,
C:\Users\dell\OneDrive\Documents\sts\driver drowsiness detction hybrid\mouth\no yawn\4968.jpg,0,No Yawn,
C:\Users\dell\OneDrive\Documents\sts\driver drowsiness detction hybrid\mouth\no yawn\4938.jpg,0,No Yawn,
C:\Users\dell\OneDrive\Documents\sts\driver drowsiness detction hybrid\mouth\yawn\1825.jpg,1,Yawn,
C:\Users\dell\OneDrive\Documents\sts\driver drowsiness detction hybrid\mouth\no yawn\5331.jpg,0,No Yawn,
C:\Users\dell\OneDrive\Documents\sts\driver drowsiness detction hybrid\mouth\yawn\947.jpg,1,Yawn,
C:\Users\dell\OneDrive\Documents\sts\driver drowsiness detction hybrid\mouth\no yawn\4031.jpg,0,No Yawn,
C:\Users\dell\OneDrive\Documents\sts\driver drowsiness detction hybrid\mouth\yawn\109.jpg,1,Yawn,
C:\Users\dell\OneDrive\Documents\sts\driver drowsiness detction hybrid\mouth\no yawn\3566.jpg,0,No Yawn,
C:\Users\dell\OneDrive\Documents\sts\driver drowsiness detction hybrid\mouth\yawn\2272.jpg,1,Yawn,
C:\Users\dell\OneDrive\Documents\sts\driver drowsiness detction hybrid\mouth\no yawn\3774.jpg,0,No Yawn,
C:\Users\dell\OneDrive\Documents\sts\driver drowsiness detction hybrid\mouth\yawn\2673.jpg,1,Yawn,
C:\Users\dell\OneDrive\Documents\sts\driver drowsiness detction hybrid\mouth\yawn\1618.jpg,1,Yawn,
C:\Users\dell\OneDrive\Documents\sts\driver drowsiness detction hybrid\mouth\yawn\1573.jpg,1,Yawn,
C:\Users\dell\OneDrive\Documents\sts\driver drowsiness detction hybrid\mouth\no yawn\4117.jpg,0,No Yawn,
C:\Users\dell\OneDrive\Documents\sts\driver drowsiness detction hybrid\mouth\yawn\2245.jpg,1,Yawn,
C:\Users\dell\OneDrive\Documents\sts\driver drowsiness detction hybrid\mouth\no yawn\2858.jpg,0,No Yawn,
C:\Users\dell\OneDrive\Documents\sts\driver drowsiness detction hybrid\mouth\no yawn\5148.jpg,0,No Yawn,
C:\Users\dell\OneDrive\Documents\sts\driver drowsiness detction hybrid\mouth\yawn\206.jpg,1,Yawn,
C:\Users\dell\OneDrive\Documents\sts\driver drowsiness detction hybrid\mouth\yawn\2510.jpg,1,Yawn,
C:\Users\dell\OneDrive\Documents\sts\driver drowsiness detction hybrid\mouth\yawn\912.jpg,1,Yawn,
C:\Users\dell\OneDrive\Documents\sts\driver drowsiness detction hybrid\mouth\no yawn\5151.jpg,0,No Yawn,
C:\Users\dell\OneDrive\Documents\sts\driver drowsiness detction hybrid\mouth\yawn\1559.jpg,1,Yawn,
C:\Users\dell\OneDrive\Documents\sts\driver drowsiness detction hybrid\mouth\yawn\1587.jpg,1,Yawn,
C:\Users\dell\OneDrive\Documents\sts\driver drowsiness detction hybrid\mouth\no yawn\4826.jpg,0,No Yawn,
C:\Users\dell\OneDrive\Documents\sts\driver drowsiness detction hybrid\mouth\yawn\2099.jpg,1,Yawn,
C:\Users\dell\OneDrive\Documents\sts\driver drowsiness detction hybrid\mouth\no yawn\4170.jpg,0,No Yawn,
C:\Users\dell\OneDrive\Documents\sts\driver drowsiness detction hybrid\mouth\no yawn\3323.jpg,0,No Yawn,
C:\Users\dell\OneDrive\Documents\sts\driver drowsiness detction hybrid\mouth\yawn\2179.jpg,1,Yawn,
C:\Users\dell\OneDrive\Documents\sts\driver drowsiness detction hybrid\mouth\yawn\2376.jpg,1,Yawn,
C:\Users\dell\OneDrive\Documents\sts\driver drowsiness detction hybrid\mouth\no yawn\4735.jpg,0,No Yawn,
C:\Users\dell\OneDrive\Documents\sts\driver drowsiness detction hybrid\mouth\no yawn\4944.jpg,0,No Yawn,
C:\Users\dell\OneDrive\Documents\sts\driver drowsiness detction hybrid\mouth\yawn\563.jpg,1,Yawn,
C:\Users\dell\OneDrive\Documents\sts\driver drowsiness detction hybrid\mouth\yawn\1048.jpg,1,Yawn,
C:\Users\dell\OneDrive\Documents\sts\driver drowsiness detction hybrid\mouth\no yawn\5224.jpg,0,No Yawn,
C:\Users\dell\OneDrive\Documents\sts\driver drowsiness detction hybrid\mouth\no yawn\4703.jpg,0,No Yawn,
C:\Users\dell\OneDrive\Documents\sts\driver drowsiness detction hybrid\mouth\no yawn\4922.jpg,0,No Yawn,
C:\Users\dell\OneDrive\Documents\sts\driver drowsiness detction hybrid\mouth\no yawn\4422.jpg,0,No Yawn,
C:\Users\dell\OneDrive\Documents\sts\driver drowsiness detction hybrid\mouth\no yawn\3150.jpg,0,No Yawn,
C:\Users\dell\OneDrive\Documents\sts\driver drowsiness detction hybrid\mouth\yawn\2498.jpg,1,Yawn,
C:\Users\dell\OneDrive\Documents\sts\driver drowsiness detction hybrid\mouth\no yawn\4519.jpg,0,No Yawn,
C:\Users\dell\OneDrive\Documents\sts\driver drowsiness detction hybrid\mouth\yawn\2650.jpg,1,Yawn,
C:\Users\dell\OneDrive\Documents\sts\driver drowsiness detction hybrid\mouth\yawn\2352.jpg,1,Yawn,
C:\Users\dell\OneDrive\Documents\sts\driver drowsiness detction hybrid\mouth\no yawn\4230.jpg,0,No Yawn,
C:\Users\dell\OneDrive\Documents\sts\driver drowsiness detction hybrid\mouth\yawn\369.jpg,1,Yawn,
C:\Users\dell\OneDrive\Documents\sts\driver drowsiness detction hybrid\mouth\yawn\1089.jpg,1,Yawn,
C:\Users\dell\OneDrive\Documents\sts\driver drowsiness detction hybrid\mouth\no yawn\4449.jpg,0,No Yawn,
C:\Users\dell\OneDrive\Documents\sts\driver drowsiness detction hybrid\mouth\no yawn\4836.jpg,0,No Yawn,
C:\Users\dell\OneDrive\Documents\sts\driver drowsiness detction hybrid\mouth\no yawn\3053.jpg,0,No Yawn,
C:\Users\dell\OneDrive\Documents\sts\driver drowsiness detction hybrid\mouth\yawn\2004.jpg,1,Yawn,
C:\Users\dell\OneDrive\Documents\sts\driver drowsiness detction hybrid\mouth\no yawn\4084.jpg,0,No Yawn,
C:\Users\dell\OneDrive\Documents\sts\driver drowsiness detction hybrid\mouth\yawn\2173.jpg,1,Yawn,
C:\Users\dell\OneDrive\Documents\sts\driver drowsiness detction hybrid\mouth\yawn\1316.jpg,1,Yawn,
C:\Users\dell\OneDrive\Documents\sts\driver drowsiness detction hybrid\mouth\no yawn\4610.jpg,0,No Yawn,
C:\Users\dell\OneDrive\Documents\sts\driver drowsiness detction hybrid\mouth\yawn\2550.jpg,1,Yawn,
C:\Users\dell\OneDrive\Documents\sts\driver drowsiness detction hybrid\mouth\yawn\1882.jpg,1,Yawn,
C:\Users\dell\OneDrive\Documents\sts\driver drowsiness detction hybrid\mouth\no yawn\5316.jpg,0,No Yawn,
C:\Users\dell\OneDrive\Documents\sts\driver drowsiness detction hybrid\mouth\yawn\626.jpg,1,Yawn,
C:\Users\dell\OneDrive\Documents\sts\driver drowsiness detction hybrid\mouth\yawn\1763.jpg,1,Yawn,
C:\Users\dell\OneDrive\Documents\sts\driver drowsiness detction hybrid\mouth\no yawn\3553.jpg,0,No Yawn,
C:\Users\dell\OneDrive\Documents\sts\driver drowsiness detction hybrid\mouth\yawn\1493.jpg,1,Yawn,
C:\Users\dell\OneDrive\Documents\sts\driver drowsiness detction hybrid\mouth\yawn\1233.jpg,1,Yawn,
C:\Users\dell\OneDrive\Documents\sts\driver drowsiness detction hybrid\mouth\no yawn\3692.jpg,0,No Yawn,
C:\Users\dell\OneDrive\Documents\sts\driver drowsiness detction hybrid\mouth\no yawn\2914.jpg,0,No Yawn,
C:\Users\dell\OneDrive\Documents\sts\driver drowsiness detction hybrid\mouth\no yawn\3756.jpg,0,No Yawn,
C:\Users\dell\OneDrive\Documents\sts\driver drowsiness detction hybrid\mouth\no yawn\4877.jpg,0,No Yawn,
C:\Users\dell\OneDrive\Documents\sts\driver drowsiness detction hybrid\mouth\no yawn\5031.jpg,0,No Yawn,
C:\Users\dell\OneDrive\Documents\sts\driver drowsiness detction hybrid\mouth\no yawn\4176.jpg,0,No Yawn,
C:\Users\dell\OneDrive\Documents\sts\driver drowsiness detction hybrid\mouth\no yawn\4506.jpg,0,No Yawn,
C:\Users\dell\OneDrive\Documents\sts\driver drowsiness detction hybrid\mouth\yawn\2277.jpg,1,Yawn,
C:\Users\dell\OneDrive\Documents\sts\driver drowsiness detction hybrid\mouth\yawn\2485.jpg,1,Yawn,
C:\Users\dell\OneDrive\Documents\sts\driver drowsiness detction hybrid\mouth\yawn\952.jpg,1,Yawn,
C:\Users\dell\OneDrive\Documents\sts\driver drowsiness detction hybrid\mouth\no yawn\5429.jpg,0,No Yawn,
C:\Users\dell\OneDrive\Documents\sts\driver drowsiness detction hybrid\mouth\yawn\2120.jpg,1,Yawn,
C:\Users\dell\OneDrive\Documents\sts\driver drowsiness detction hybrid\mouth\yawn\1739.jpg,1,Yawn,
C:\Users\dell\OneDrive\Documents\sts\driver drowsiness detction hybrid\mouth\no yawn\5275.jpg,0,No Yawn,
C:\Users\dell\OneDrive\Documents\sts\driver drowsiness detction hybrid\mouth\no yawn\3687.jpg,0,No Yawn,
C:\Users\dell\OneDrive\Documents\sts\driver drowsiness detction hybrid\mouth\yawn\609.jpg,1,Yawn,
C:\Users\dell\OneDrive\Documents\sts\driver drowsiness detction hybrid\mouth\yawn\1167.jpg,1,Yawn,
C:\Users\dell\OneDrive\Documents\sts\driver drowsiness detction hybrid\mouth\yawn\1473.jpg,1,Yawn,
C:\Users\dell\OneDrive\Documents\sts\driver drowsiness detction hybrid\mouth\yawn\176.jpg,1,Yawn,
C:\Users\dell\OneDrive\Documents\sts\driver drowsiness detction hybrid\mouth\no yawn\4301.jpg,0,No Yawn,
C:\Users\dell\OneDrive\Documents\sts\driver drowsiness detction hybrid\mouth\yawn\2451.jpg,1,Yawn,
C:\Users\dell\OneDrive\Documents\sts\driver drowsiness detction hybrid\mouth\no yawn\5212.jpg,0,No Yawn,
C:\Users\dell\OneDrive\Documents\sts\driver drowsiness detction hybrid\mouth\yawn\2337.jpg,1,Yawn,
C:\Users\dell\OneDrive\Documents\sts\driver drowsiness detction hybrid\mouth\yawn\23.jpg,1,Yawn,
C:\Users\dell\OneDrive\Documents\sts\driver drowsiness detction hybrid\mouth\yawn\2664.jpg,1,Yawn,
C:\Users\dell\OneDrive\Documents\sts\driver drowsiness detction hybrid\mouth\no yawn\2897.jpg,0,No Yawn,
C:\Users\dell\OneDrive\Documents\sts\driver drowsiness detction hybrid\mouth\no yawn\4545.jpg,0,No Yawn,
C:\Users\dell\OneDrive\Documents\sts\driver drowsiness detction hybrid\mouth\yawn\2036.jpg,1,Yawn,
C:\Users\dell\OneDrive\Documents\sts\driver drowsiness detction hybrid\mouth\yawn\981.jpg,1,Yawn,
C:\Users\dell\OneDrive\Documents\sts\driver drowsiness detction hybrid\mouth\yawn\453.jpg,1,Yawn,
C:\Users\dell\OneDrive\Documents\sts\driver drowsiness detction hybrid\mouth\yawn\63.jpg,1,Yawn,
C:\Users\dell\OneDrive\Documents\sts\driver drowsiness detction hybrid\mouth\yawn\2565.jpg,1,Yawn,
C:\Users\dell\OneDrive\Documents\sts\driver drowsiness detction hybrid\mouth\no yawn\5515.jpg,0,No Yawn,
C:\Users\dell\OneDrive\Documents\sts\driver drowsiness detction hybrid\mouth\no yawn\4168.jpg,0,No Yawn,
C:\Users\dell\OneDrive\Documents\sts\driver drowsiness detction hybrid\mouth\no yawn\4241.jpg,0,No Yawn,
C:\Users\dell\OneDrive\Documents\sts\driver drowsiness detction hybrid\mouth\no yawn\3128.jpg,0,No Yawn,
C:\Users\dell\OneDrive\Documents\sts\driver drowsiness detction hybrid\mouth\yawn\1773.jpg,1,Yawn,
C:\Users\dell\OneDrive\Documents\sts\driver drowsiness detction hybrid\mouth\no yawn\4095.jpg,0,No Yawn,
C:\Users\dell\OneDrive\Documents\sts\driver drowsiness detction hybrid\mouth\no yawn\3370.jpg,0,No Yawn,
C:\Users\dell\OneDrive\Documents\sts\driver drowsiness detction hybrid\mouth\no yawn\4756.jpg,0,No Yawn,
C:\Users\dell\OneDrive\Documents\sts\driver drowsiness detction hybrid\mouth\no yawn\3698.jpg,0,No Yawn,
C:\Users\dell\OneDrive\Documents\sts\driver drowsiness detction hybrid\mouth\yawn\1569.jpg,1,Yawn,
C:\Users\dell\OneDrive\Documents\sts\driver drowsiness detction hybrid\mouth\no yawn\4961.jpg,0,No Yawn,
C:\Users\dell\OneDrive\Documents\sts\driver drowsiness detction hybrid\mouth\yawn\708.jpg,1,Yawn,
C:\Users\dell\OneDrive\Documents\sts\driver drowsiness detction hybrid\mouth\no yawn\5501.jpg,0,No Yawn,
C:\Users\dell\OneDrive\Documents\sts\driver drowsiness detction hybrid\mouth\yawn\215.jpg,1,Yawn,
C:\Users\dell\OneDrive\Documents\sts\driver drowsiness detction hybrid\mouth\yawn\288.jpg,1,Yawn,
C:\Users\dell\OneDrive\Documents\sts\driver drowsiness detction hybrid\mouth\no yawn\3822.jpg,0,No Yawn,
C:\Users\dell\OneDrive\Documents\sts\driver drowsiness detction hybrid\mouth\yawn\2495.jpg,1,Yawn,
C:\Users\dell\OneDrive\Documents\sts\driver drowsiness detction hybrid\mouth\no yawn\3344.jpg,0,No Yawn,
C:\Users\dell\OneDrive\Documents\sts\driver drowsiness detction hybrid\mouth\yawn\2689.jpg,1,Yawn,
C:\Users\dell\OneDrive\Documents\sts\driver drowsiness detction hybrid\mouth\yawn\1175.jpg,1,Yawn,
C:\Users\dell\OneDrive\Documents\sts\driver drowsiness detction hybrid\mouth\no yawn\3315.jpg,0,No Yawn,
C:\Users\dell\OneDrive\Documents\sts\driver drowsiness detction hybrid\mouth\no yawn\2837.jpg,0,No Yawn,
C:\Users\dell\OneDrive\Documents\sts\driver drowsiness detction hybrid\mouth\no yawn\2893.jpg,0,No Yawn,
C:\Users\dell\OneDrive\Documents\sts\driver drowsiness detction hybrid\mouth\yawn\1535.jpg,1,Yawn,
C:\Users\dell\OneDrive\Documents\sts\driver drowsiness detction hybrid\mouth\yawn\1696.jpg,1,Yawn,
C:\Users\dell\OneDrive\Documents\sts\driver drowsiness detction hybrid\mouth\yawn\1798.jpg,1,Yawn,
C:\Users\dell\OneDrive\Documents\sts\driver drowsiness detction hybrid\mouth\yawn\1101.jpg,1,Yawn,
C:\Users\dell\OneDrive\Documents\sts\driver drowsiness detction hybrid\mouth\no yawn\3576.jpg,0,No Yawn,
C:\Users\dell\OneDrive\Documents\sts\driver drowsiness detction hybrid\mouth\yawn\345.jpg,1,Yawn,
C:\Users\dell\OneDrive\Documents\sts\driver drowsiness detction hybrid\mouth\no yawn\5255.jpg,0,No Yawn,
C:\Users\dell\OneDrive\Documents\sts\driver drowsiness detction hybrid\mouth\yawn\1521.jpg,1,Yawn,
C:\Users\dell\OneDrive\Documents\sts\driver drowsiness detction hybrid\mouth\yawn\1480.jpg,1,Yawn,
C:\Users\dell\OneDrive\Documents\sts\driver drowsiness detction hybrid\mouth\yawn\1008.jpg,1,Yawn,
C:\Users\dell\OneDrive\Documents\sts\driver drowsiness detction hybrid\mouth\yawn\1348.jpg,1,Yawn,
C:\Users\dell\OneDrive\Documents\sts\driver drowsiness detction hybrid\mouth\no yawn\4145.jpg,0,No Yawn,
C:\Users\dell\OneDrive\Documents\sts\driver drowsiness detction hybrid\mouth\no yawn\3040.jpg,0,No Yawn,
C:\Users\dell\OneDrive\Documents\sts\driver drowsiness detction hybrid\mouth\yawn\2382.jpg,1,Yawn,
C:\Users\dell\OneDrive\Documents\sts\driver drowsiness detction hybrid\mouth\no yawn\5026.jpg,0,No Yawn,
C:\Users\dell\OneDrive\Documents\sts\driver drowsiness detction hybrid\mouth\yawn\564.jpg,1,Yawn,
C:\Users\dell\OneDrive\Documents\sts\driver drowsiness detction hybrid\mouth\yawn\1376.jpg,1,Yawn,
C:\Users\dell\OneDrive\Documents\sts\driver drowsiness detction hybrid\mouth\no yawn\4495.jpg,0,No Yawn,
C:\Users\dell\OneDrive\Documents\sts\driver drowsiness detction hybrid\mouth\yawn\995.jpg,1,Yawn,
C:\Users\dell\OneDrive\Documents\sts\driver drowsiness detction hybrid\mouth\yawn\1729.jpg,1,Yawn,
C:\Users\dell\OneDrive\Documents\sts\driver drowsiness detction hybrid\mouth\yawn\694.jpg,1,Yawn,
C:\Users\dell\OneDrive\Documents\sts\driver drowsiness detction hybrid\mouth\no yawn\3231.jpg,0,No Yawn,
C:\Users\dell\OneDrive\Documents\sts\driver drowsiness detction hybrid\mouth\yawn\437.jpg,1,Yawn,
C:\Users\dell\OneDrive\Documents\sts\driver drowsiness detction hybrid\mouth\yawn\2307.jpg,1,Yawn,
C:\Users\dell\OneDrive\Documents\sts\driver drowsiness detction hybrid\mouth\yawn\806.jpg,1,Yawn,
C:\Users\dell\OneDrive\Documents\sts\driver drowsiness detction hybrid\mouth\no yawn\4423.jpg,0,No Yawn,
C:\Users\dell\OneDrive\Documents\sts\driver drowsiness detction hybrid\mouth\yawn\2186.jpg,1,Yawn,
C:\Users\dell\OneDrive\Documents\sts\driver drowsiness detction hybrid\mouth\yawn\937.jpg,1,Yawn,
C:\Users\dell\OneDrive\Documents\sts\driver drowsiness detction hybrid\mouth\no yawn\3588.jpg,0,No Yawn,
C:\Users\dell\OneDrive\Documents\sts\driver drowsiness detction hybrid\mouth\no yawn\4809.jpg,0,No Yawn,
C:\Users\dell\OneDrive\Documents\sts\driver drowsiness detction hybrid\mouth\yawn\1733.jpg,1,Yawn,
C:\Users\dell\OneDrive\Documents\sts\driver drowsiness detction hybrid\mouth\no yawn\5341.jpg,0,No Yawn,
C:\Users\dell\OneDrive\Documents\sts\driver drowsiness detction hybrid\mouth\yawn\2079.jpg,1,Yawn,
C:\Users\dell\OneDrive\Documents\sts\driver drowsiness detction hybrid\mouth\no yawn\5002.jpg,0,No Yawn,
C:\Users\dell\OneDrive\Documents\sts\driver drowsiness detction hybrid\mouth\no yawn\4670.jpg,0,No Yawn,
C:\Users\dell\OneDrive\Documents\sts\driver drowsiness detction hybrid\mouth\yawn\2035.jpg,1,Yawn,
C:\Users\dell\OneDrive\Documents\sts\driver drowsiness detction hybrid\mouth\no yawn\3204.jpg,0,No Yawn,
C:\Users\dell\OneDrive\Documents\sts\driver drowsiness detction hybrid\mouth\yawn\959.jpg,1,Yawn,
C:\Users\dell\OneDrive\Documents\sts\driver drowsiness detction hybrid\mouth\no yawn\4060.jpg,0,No Yawn,
C:\Users\dell\OneDrive\Documents\sts\driver drowsiness detction hybrid\mouth\no yawn\4458.jpg,0,No Yawn,
C:\Users\dell\OneDrive\Documents\sts\driver drowsiness detction hybrid\mouth\no yawn\5118.jpg,0,No Yawn,
C:\Users\dell\OneDrive\Documents\sts\driver drowsiness detction hybrid\mouth\no yawn\4884.jpg,0,No Yawn,
C:\Users\dell\OneDrive\Documents\sts\driver drowsiness detction hybrid\mouth\yawn\964.jpg,1,Yawn,
C:\Users\dell\OneDrive\Documents\sts\driver drowsiness detction hybrid\mouth\no yawn\4223.jpg,0,No Yawn,
C:\Users\dell\OneDrive\Documents\sts\driver drowsiness detction hybrid\mouth\yawn\1518.jpg,1,Yawn,
C:\Users\dell\OneDrive\Documents\sts\driver drowsiness detction hybrid\mouth\no yawn\3434.jpg,0,No Yawn,
C:\Users\dell\OneDrive\Documents\sts\driver drowsiness detction hybrid\mouth\no yawn\3294.jpg,0,No Yawn,
C:\Users\dell\OneDrive\Documents\sts\driver drowsiness detction hybrid\mouth\yawn\1425.jpg,1,Yawn,
C:\Users\dell\OneDrive\Documents\sts\driver drowsiness detction hybrid\mouth\no yawn\4750.jpg,0,No Yawn,
C:\Users\dell\OneDrive\Documents\sts\driver drowsiness detction hybrid\mouth\no yawn\5059.jpg,0,No Yawn,
C:\Users\dell\OneDrive\Documents\sts\driver drowsiness detction hybrid\mouth\no yawn\3582.jpg,0,No Yawn,
C:\Users\dell\OneDrive\Documents\sts\driver drowsiness detction hybrid\mouth\yawn\1716.jpg,1,Yawn,
C:\Users\dell\OneDrive\Documents\sts\driver drowsiness detction hybrid\mouth\yawn\1528.jpg,1,Yawn,
C:\Users\dell\OneDrive\Documents\sts\driver drowsiness detction hybrid\mouth\no yawn\4284.jpg,0,No Yawn,
C:\Users\dell\OneDrive\Documents\sts\driver drowsiness detction hybrid\mouth\no yawn\3313.jpg,0,No Yawn,
C:\Users\dell\OneDrive\Documents\sts\driver drowsiness detction hybrid\mouth\no yawn\4119.jpg,0,No Yawn,
C:\Users\dell\OneDrive\Documents\sts\driver drowsiness detction hybrid\mouth\no yawn\4960.jpg,0,No Yawn,
C:\Users\dell\OneDrive\Documents\sts\driver drowsiness detction hybrid\mouth\no yawn\4179.jpg,0,No Yawn,
C:\Users\dell\OneDrive\Documents\sts\driver drowsiness detction hybrid\mouth\yawn\1908.jpg,1,Yawn,
C:\Users\dell\OneDrive\Documents\sts\driver drowsiness detction hybrid\mouth\yawn\1732.jpg,1,Yawn,
C:\Users\dell\OneDrive\Documents\sts\driver drowsiness detction hybrid\mouth\no yawn\3191.jpg,0,No Yawn,
C:\Users\dell\OneDrive\Documents\sts\driver drowsiness detction hybrid\mouth\no yawn\4049.jpg,0,No Yawn,
C:\Users\dell\OneDrive\Documents\sts\driver drowsiness detction hybrid\mouth\yawn\434.jpg,1,Yawn,
C:\Users\dell\OneDrive\Documents\sts\driver drowsiness detction hybrid\mouth\yawn\356.jpg,1,Yawn,
C:\Users\dell\OneDrive\Documents\sts\driver drowsiness detction hybrid\mouth\no yawn\4214.jpg,0,No Yawn,
C:\Users\dell\OneDrive\Documents\sts\driver drowsiness detction hybrid\mouth\yawn\2017.jpg,1,Yawn,
C:\Users\dell\OneDrive\Documents\sts\driver drowsiness detction hybrid\mouth\yawn\2233.jpg,1,Yawn,
C:\Users\dell\OneDrive\Documents\sts\driver drowsiness detction hybrid\mouth\yawn\134.jpg,1,Yawn,
C:\Users\dell\OneDrive\Documents\sts\driver drowsiness detction hybrid\mouth\no yawn\3483.jpg,0,No Yawn,
C:\Users\dell\OneDrive\Documents\sts\driver drowsiness detction hybrid\mouth\yawn\1736.jpg,1,Yawn,
C:\Users\dell\OneDrive\Documents\sts\driver drowsiness detction hybrid\mouth\no yawn\3585.jpg,0,No Yawn,
C:\Users\dell\OneDrive\Documents\sts\driver drowsiness detction hybrid\mouth\yawn\1032.jpg,1,Yawn,
C:\Users\dell\OneDrive\Documents\sts\driver drowsiness detction hybrid\mouth\no yawn\3870.jpg,0,No Yawn,
C:\Users\dell\OneDrive\Documents\sts\driver drowsiness detction hybrid\mouth\no yawn\3606.jpg,0,No Yawn,
C:\Users\dell\OneDrive\Documents\sts\driver drowsiness detction hybrid\mouth\no yawn\3169.jpg,0,No Yawn,
C:\Users\dell\OneDrive\Documents\sts\driver drowsiness detction hybrid\mouth\no yawn\3614.jpg,0,No Yawn,
C:\Users\dell\OneDrive\Documents\sts\driver drowsiness detction hybrid\mouth\yawn\10.jpg,1,Yawn,
C:\Users\dell\OneDrive\Documents\sts\driver drowsiness detction hybrid\mouth\no yawn\5205.jpg,0,No Yawn,
C:\Users\dell\OneDrive\Documents\sts\driver drowsiness detction hybrid\mouth\yawn\2255.jpg,1,Yawn,
C:\Users\dell\OneDrive\Documents\sts\driver drowsiness detction hybrid\mouth\no yawn\3494.jpg,0,No Yawn,
C:\Users\dell\OneDrive\Documents\sts\driver drowsiness detction hybrid\mouth\yawn\315.jpg,1,Yawn,
C:\Users\dell\OneDrive\Documents\sts\driver drowsiness detction hybrid\mouth\no yawn\5053.jpg,0,No Yawn,
C:\Users\dell\OneDrive\Documents\sts\driver drowsiness detction hybrid\mouth\yawn\1574.jpg,1,Yawn,
C:\Users\dell\OneDrive\Documents\sts\driver drowsiness detction hybrid\mouth\no yawn\4121.jpg,0,No Yawn,
C:\Users\dell\OneDrive\Documents\sts\driver drowsiness detction hybrid\mouth\yawn\354.jpg,1,Yawn,
C:\Users\dell\OneDrive\Documents\sts\driver drowsiness detction hybrid\mouth\yawn\1725.jpg,1,Yawn,
C:\Users\dell\OneDrive\Documents\sts\driver drowsiness detction hybrid\mouth\no yawn\2929.jpg,0,No Yawn,
C:\Users\dell\OneDrive\Documents\sts\driver drowsiness detction hybrid\mouth\yawn\1975.jpg,1,Yawn,
C:\Users\dell\OneDrive\Documents\sts\driver drowsiness detction hybrid\mouth\yawn\466.jpg,1,Yawn,
C:\Users\dell\OneDrive\Documents\sts\driver drowsiness detction hybrid\mouth\no yawn\2853.jpg,0,No Yawn,
C:\Users\dell\OneDrive\Documents\sts\driver drowsiness detction hybrid\mouth\yawn\1391.jpg,1,Yawn,
C:\Users\dell\OneDrive\Documents\sts\driver drowsiness detction hybrid\mouth\no yawn\4174.jpg,0,No Yawn,
C:\Users\dell\OneDrive\Documents\sts\driver drowsiness detction hybrid\mouth\no yawn\4322.jpg,0,No Yawn,
C:\Users\dell\OneDrive\Documents\sts\driver drowsiness detction hybrid\mouth\yawn\2129.jpg,1,Yawn,
C:\Users\dell\OneDrive\Documents\sts\driver drowsiness detction hybrid\mouth\no yawn\4196.jpg,0,No Yawn,
C:\Users\dell\OneDrive\Documents\sts\driver drowsiness detction hybrid\mouth\yawn\1659.jpg,1,Yawn,
C:\Users\dell\OneDrive\Documents\sts\driver drowsiness detction hybrid\mouth\yawn\2622.jpg,1,Yawn,
C:\Users\dell\OneDrive\Documents\sts\driver drowsiness detction hybrid\mouth\yawn\1341.jpg,1,Yawn,
C:\Users\dell\OneDrive\Documents\sts\driver drowsiness detction hybrid\mouth\no yawn\4122.jpg,0,No Yawn,
C:\Users\dell\OneDrive\Documents\sts\driver drowsiness detction hybrid\mouth\no yawn\4009.jpg,0,No Yawn,
C:\Users\dell\OneDrive\Documents\sts\driver drowsiness detction hybrid\mouth\yawn\1747.jpg,1,Yawn,
C:\Users\dell\OneDrive\Documents\sts\driver drowsiness detction hybrid\mouth\yawn\1875.jpg,1,Yawn,
C:\Users\dell\OneDrive\Documents\sts\driver drowsiness detction hybrid\mouth\no yawn\3794.jpg,0,No Yawn,
C:\Users\dell\OneDrive\Documents\sts\driver drowsiness detction hybrid\mouth\no yawn\3193.jpg,0,No Yawn,
C:\Users\dell\OneDrive\Documents\sts\driver drowsiness detction hybrid\mouth\no yawn\4496.jpg,0,No Yawn,
C:\Users\dell\OneDrive\Documents\sts\driver drowsiness detction hybrid\mouth\no yawn\5081.jpg,0,No Yawn,
C:\Users\dell\OneDrive\Documents\sts\driver drowsiness detction hybrid\mouth\yawn\689.jpg,1,Yawn,
C:\Users\dell\OneDrive\Documents\sts\driver drowsiness detction hybrid\mouth\yawn\864.jpg,1,Yawn,
C:\Users\dell\OneDrive\Documents\sts\driver drowsiness detction hybrid\mouth\yawn\139.jpg,1,Yawn,
C:\Users\dell\OneDrive\Documents\sts\driver drowsiness detction hybrid\mouth\no yawn\5294.jpg,0,No Yawn,
C:\Users\dell\OneDrive\Documents\sts\driver drowsiness detction hybrid\mouth\no yawn\4055.jpg,0,No Yawn,
C:\Users\dell\OneDrive\Documents\sts\driver drowsiness detction hybrid\mouth\no yawn\5350.jpg,0,No Yawn,
C:\Users\dell\OneDrive\Documents\sts\driver drowsiness detction hybrid\mouth\yawn\822.jpg,1,Yawn,
C:\Users\dell\OneDrive\Documents\sts\driver drowsiness detction hybrid\mouth\yawn\918.jpg,1,Yawn,
C:\Users\dell\OneDrive\Documents\sts\driver drowsiness detction hybrid\mouth\no yawn\2876.jpg,0,No Yawn,
C:\Users\dell\OneDrive\Documents\sts\driver drowsiness detction hybrid\mouth\no yawn\5526.jpg,0,No Yawn,
C:\Users\dell\OneDrive\Documents\sts\driver drowsiness detction hybrid\mouth\no yawn\5390.jpg,0,No Yawn,
C:\Users\dell\OneDrive\Documents\sts\driver drowsiness detction hybrid\mouth\no yawn\3301.jpg,0,No Yawn,
C:\Users\dell\OneDrive\Documents\sts\driver drowsiness detction hybrid\mouth\yawn\702.jpg,1,Yawn,
C:\Users\dell\OneDrive\Documents\sts\driver drowsiness detction hybrid\mouth\no yawn\5072.jpg,0,No Yawn,
C:\Users\dell\OneDrive\Documents\sts\driver drowsiness detction hybrid\mouth\yawn\1687.jpg,1,Yawn,
C:\Users\dell\OneDrive\Documents\sts\driver drowsiness detction hybrid\mouth\yawn\1674.jpg,1,Yawn,
C:\Users\dell\OneDrive\Documents\sts\driver drowsiness detction hybrid\mouth\yawn\1558.jpg,1,Yawn,
C:\Users\dell\OneDrive\Documents\sts\driver drowsiness detction hybrid\mouth\yawn\1268.jpg,1,Yawn,
C:\Users\dell\OneDrive\Documents\sts\driver drowsiness detction hybrid\mouth\no yawn\3650.jpg,0,No Yawn,
C:\Users\dell\OneDrive\Documents\sts\driver drowsiness detction hybrid\mouth\yawn\1590.jpg,1,Yawn,
C:\Users\dell\OneDrive\Documents\sts\driver drowsiness detction hybrid\mouth\yawn\1234.jpg,1,Yawn,
C:\Users\dell\OneDrive\Documents\sts\driver drowsiness detction hybrid\mouth\no yawn\3775.jpg,0,No Yawn,
C:\Users\dell\OneDrive\Documents\sts\driver drowsiness detction hybrid\mouth\yawn\1672.jpg,1,Yawn,
C:\Users\dell\OneDrive\Documents\sts\driver drowsiness detction hybrid\mouth\no yawn\4563.jpg,0,No Yawn,
C:\Users\dell\OneDrive\Documents\sts\driver drowsiness detction hybrid\mouth\no yawn\4120.jpg,0,No Yawn,
C:\Users\dell\OneDrive\Documents\sts\driver drowsiness detction hybrid\mouth\yawn\1281.jpg,1,Yawn,
C:\Users\dell\OneDrive\Documents\sts\driver drowsiness detction hybrid\mouth\no yawn\4915.jpg,0,No Yawn,
C:\Users\dell\OneDrive\Documents\sts\driver drowsiness detction hybrid\mouth\no yawn\4576.jpg,0,No Yawn,
C:\Users\dell\OneDrive\Documents\sts\driver drowsiness detction hybrid\mouth\no yawn\3719.jpg,0,No Yawn,
C:\Users\dell\OneDrive\Documents\sts\driver drowsiness detction hybrid\mouth\yawn\1677.jpg,1,Yawn,
C:\Users\dell\OneDrive\Documents\sts\driver drowsiness detction hybrid\mouth\yawn\144.jpg,1,Yawn,
C:\Users\dell\OneDrive\Documents\sts\driver drowsiness detction hybrid\mouth\yawn\1779.jpg,1,Yawn,
C:\Users\dell\OneDrive\Documents\sts\driver drowsiness detction hybrid\mouth\no yawn\4701.jpg,0,No Yawn,
C:\Users\dell\OneDrive\Documents\sts\driver drowsiness detction hybrid\mouth\no yawn\4324.jpg,0,No Yawn,
C:\Users\dell\OneDrive\Documents\sts\driver drowsiness detction hybrid\mouth\yawn\2551.jpg,1,Yawn,
C:\Users\dell\OneDrive\Documents\sts\driver drowsiness detction hybrid\mouth\yawn\1158.jpg,1,Yawn,
C:\Users\dell\OneDrive\Documents\sts\driver drowsiness detction hybrid\mouth\no yawn\2899.jpg,0,No Yawn,
C:\Users\dell\OneDrive\Documents\sts\driver drowsiness detction hybrid\mouth\no yawn\3897.jpg,0,No Yawn,
C:\Users\dell\OneDrive\Documents\sts\driver drowsiness detction hybrid\mouth\yawn\1782.jpg,1,Yawn,
C:\Users\dell\OneDrive\Documents\sts\driver drowsiness detction hybrid\mouth\no yawn\5449.jpg,0,No Yawn,
C:\Users\dell\OneDrive\Documents\sts\driver drowsiness detction hybrid\mouth\yawn\2000.jpg,1,Yawn,
C:\Users\dell\OneDrive\Documents\sts\driver drowsiness detction hybrid\mouth\no yawn\3112.jpg,0,No Yawn,
C:\Users\dell\OneDrive\Documents\sts\driver drowsiness detction hybrid\mouth\yawn\826.jpg,1,Yawn,
C:\Users\dell\OneDrive\Documents\sts\driver drowsiness detction hybrid\mouth\no yawn\4467.jpg,0,No Yawn,
C:\Users\dell\OneDrive\Documents\sts\driver drowsiness detction hybrid\mouth\yawn\2308.jpg,1,Yawn,
C:\Users\dell\OneDrive\Documents\sts\driver drowsiness detction hybrid\mouth\yawn\682.jpg,1,Yawn,
C:\Users\dell\OneDrive\Documents\sts\driver drowsiness detction hybrid\mouth\no yawn\2973.jpg,0,No Yawn,
C:\Users\dell\OneDrive\Documents\sts\driver drowsiness detction hybrid\mouth\no yawn\2865.jpg,0,No Yawn,
C:\Users\dell\OneDrive\Documents\sts\driver drowsiness detction hybrid\mouth\no yawn\2828.jpg,0,No Yawn,
C:\Users\dell\OneDrive\Documents\sts\driver drowsiness detction hybrid\mouth\yawn\282.jpg,1,Yawn,
C:\Users\dell\OneDrive\Documents\sts\driver drowsiness detction hybrid\mouth\no yawn\4680.jpg,0,No Yawn,
C:\Users\dell\OneDrive\Documents\sts\driver drowsiness detction hybrid\mouth\no yawn\5055.jpg,0,No Yawn,
C:\Users\dell\OneDrive\Documents\sts\driver drowsiness detction hybrid\mouth\no yawn\5485.jpg,0,No Yawn,
C:\Users\dell\OneDrive\Documents\sts\driver drowsiness detction hybrid\mouth\no yawn\4400.jpg,0,No Yawn,
C:\Users\dell\OneDrive\Documents\sts\driver drowsiness detction hybrid\mouth\no yawn\3139.jpg,0,No Yawn,
C:\Users\dell\OneDrive\Documents\sts\driver drowsiness detction hybrid\mouth\yawn\548.jpg,1,Yawn,
C:\Users\dell\OneDrive\Documents\sts\driver drowsiness detction hybrid\mouth\yawn\347.jpg,1,Yawn,
C:\Users\dell\OneDrive\Documents\sts\driver drowsiness detction hybrid\mouth\yawn\1282.jpg,1,Yawn,
C:\Users\dell\OneDrive\Documents\sts\driver drowsiness detction hybrid\mouth\no yawn\5314.jpg,0,No Yawn,
C:\Users\dell\OneDrive\Documents\sts\driver drowsiness detction hybrid\mouth\yawn\1144.jpg,1,Yawn,
C:\Users\dell\OneDrive\Documents\sts\driver drowsiness detction hybrid\mouth\yawn\1401.jpg,1,Yawn,
C:\Users\dell\OneDrive\Documents\sts\driver drowsiness detction hybrid\mouth\no yawn\3418.jpg,0,No Yawn,
C:\Users\dell\OneDrive\Documents\sts\driver drowsiness detction hybrid\mouth\no yawn\4691.jpg,0,No Yawn,
C:\Users\dell\OneDrive\Documents\sts\driver drowsiness detction hybrid\mouth\no yawn\4717.jpg,0,No Yawn,
C:\Users\dell\OneDrive\Documents\sts\driver drowsiness detction hybrid\mouth\no yawn\4253.jpg,0,No Yawn,
C:\Users\dell\OneDrive\Documents\sts\driver drowsiness detction hybrid\mouth\no yawn\3438.jpg,0,No Yawn,
C:\Users\dell\OneDrive\Documents\sts\driver drowsiness detction hybrid\mouth\yawn\1313.jpg,1,Yawn,
C:\Users\dell\OneDrive\Documents\sts\driver drowsiness detction hybrid\mouth\yawn\2143.jpg,1,Yawn,
C:\Users\dell\OneDrive\Documents\sts\driver drowsiness detction hybrid\mouth\yawn\1481.jpg,1,Yawn,
C:\Users\dell\OneDrive\Documents\sts\driver drowsiness detction hybrid\mouth\no yawn\4562.jpg,0,No Yawn,
C:\Users\dell\OneDrive\Documents\sts\driver drowsiness detction hybrid\mouth\yawn\2166.jpg,1,Yawn,
C:\Users\dell\OneDrive\Documents\sts\driver drowsiness detction hybrid\mouth\yawn\398.jpg,1,Yawn,
C:\Users\dell\OneDrive\Documents\sts\driver drowsiness detction hybrid\mouth\yawn\124.jpg,1,Yawn,
C:\Users\dell\OneDrive\Documents\sts\driver drowsiness detction hybrid\mouth\yawn\26.jpg,1,Yawn,
C:\Users\dell\OneDrive\Documents\sts\driver drowsiness detction hybrid\mouth\no yawn\4376.jpg,0,No Yawn,
C:\Users\dell\OneDrive\Documents\sts\driver drowsiness detction hybrid\mouth\no yawn\2787.jpg,0,No Yawn,
C:\Users\dell\OneDrive\Documents\sts\driver drowsiness detction hybrid\mouth\yawn\2519.jpg,1,Yawn,
C:\Users\dell\OneDrive\Documents\sts\driver drowsiness detction hybrid\mouth\no yawn\4443.jpg,0,No Yawn,
C:\Users\dell\OneDrive\Documents\sts\driver drowsiness detction hybrid\mouth\yawn\2574.jpg,1,Yawn,
C:\Users\dell\OneDrive\Documents\sts\driver drowsiness detction hybrid\mouth\no yawn\2824.jpg,0,No Yawn,
C:\Users\dell\OneDrive\Documents\sts\driver drowsiness detction hybrid\mouth\no yawn\3930.jpg,0,No Yawn,
C:\Users\dell\OneDrive\Documents\sts\driver drowsiness detction hybrid\mouth\yawn\471.jpg,1,Yawn,
C:\Users\dell\OneDrive\Documents\sts\driver drowsiness detction hybrid\mouth\no yawn\4361.jpg,0,No Yawn,
C:\Users\dell\OneDrive\Documents\sts\driver drowsiness detction hybrid\mouth\yawn\1762.jpg,1,Yawn,
C:\Users\dell\OneDrive\Documents\sts\driver drowsiness detction hybrid\mouth\yawn\205.jpg,1,Yawn,
C:\Users\dell\OneDrive\Documents\sts\driver drowsiness detction hybrid\mouth\no yawn\4572.jpg,0,No Yawn,
C:\Users\dell\OneDrive\Documents\sts\driver drowsiness detction hybrid\mouth\yawn\1188.jpg,1,Yawn,
C:\Users\dell\OneDrive\Documents\sts\driver drowsiness detction hybrid\mouth\yawn\2328.jpg,1,Yawn,
C:\Users\dell\OneDrive\Documents\sts\driver drowsiness detction hybrid\mouth\no yawn\5219.jpg,0,No Yawn,
C:\Users\dell\OneDrive\Documents\sts\driver drowsiness detction hybrid\mouth\no yawn\5263.jpg,0,No Yawn,
C:\Users\dell\OneDrive\Documents\sts\driver drowsiness detction hybrid\mouth\yawn\1353.jpg,1,Yawn,
C:\Users\dell\OneDrive\Documents\sts\driver drowsiness detction hybrid\mouth\yawn\289.jpg,1,Yawn,
C:\Users\dell\OneDrive\Documents\sts\driver drowsiness detction hybrid\mouth\no yawn\3297.jpg,0,No Yawn,
C:\Users\dell\OneDrive\Documents\sts\driver drowsiness detction hybrid\mouth\yawn\1139.jpg,1,Yawn,
C:\Users\dell\OneDrive\Documents\sts\driver drowsiness detction hybrid\mouth\yawn\2091.jpg,1,Yawn,
C:\Users\dell\OneDrive\Documents\sts\driver drowsiness detction hybrid\mouth\no yawn\4395.jpg,0,No Yawn,
C:\Users\dell\OneDrive\Documents\sts\driver drowsiness detction hybrid\mouth\no yawn\2769.jpg,0,No Yawn,
C:\Users\dell\OneDrive\Documents\sts\driver drowsiness detction hybrid\mouth\yawn\2356.jpg,1,Yawn,
C:\Users\dell\OneDrive\Documents\sts\driver drowsiness detction hybrid\mouth\no yawn\2805.jpg,0,No Yawn,
C:\Users\dell\OneDrive\Documents\sts\driver drowsiness detction hybrid\mouth\yawn\1375.jpg,1,Yawn,
C:\Users\dell\OneDrive\Documents\sts\driver drowsiness detction hybrid\mouth\yawn\894.jpg,1,Yawn,
C:\Users\dell\OneDrive\Documents\sts\driver drowsiness detction hybrid\mouth\no yawn\3339.jpg,0,No Yawn,
C:\Users\dell\OneDrive\Documents\sts\driver drowsiness detction hybrid\mouth\no yawn\4789.jpg,0,No Yawn,
C:\Users\dell\OneDrive\Documents\sts\driver drowsiness detction hybrid\mouth\no yawn\4044.jpg,0,No Yawn,
C:\Users\dell\OneDrive\Documents\sts\driver drowsiness detction hybrid\mouth\no yawn\4268.jpg,0,No Yawn,
C:\Users\dell\OneDrive\Documents\sts\driver drowsiness detction hybrid\mouth\no yawn\5196.jpg,0,No Yawn,
C:\Users\dell\OneDrive\Documents\sts\driver drowsiness detction hybrid\mouth\yawn\802.jpg,1,Yawn,
C:\Users\dell\OneDrive\Documents\sts\driver drowsiness detction hybrid\mouth\yawn\439.jpg,1,Yawn,
C:\Users\dell\OneDrive\Documents\sts\driver drowsiness detction hybrid\mouth\yawn\2662.jpg,1,Yawn,
C:\Users\dell\OneDrive\Documents\sts\driver drowsiness detction hybrid\mouth\yawn\2133.jpg,1,Yawn,
C:\Users\dell\OneDrive\Documents\sts\driver drowsiness detction hybrid\mouth\yawn\268.jpg,1,Yawn,
C:\Users\dell\OneDrive\Documents\sts\driver drowsiness detction hybrid\mouth\no yawn\4698.jpg,0,No Yawn,
C:\Users\dell\OneDrive\Documents\sts\driver drowsiness detction hybrid\mouth\no yawn\3555.jpg,0,No Yawn,
C:\Users\dell\OneDrive\Documents\sts\driver drowsiness detction hybrid\mouth\yawn\673.jpg,1,Yawn,
C:\Users\dell\OneDrive\Documents\sts\driver drowsiness detction hybrid\mouth\no yawn\3753.jpg,0,No Yawn,
C:\Users\dell\OneDrive\Documents\sts\driver drowsiness detction hybrid\mouth\no yawn\3894.jpg,0,No Yawn,
C:\Users\dell\OneDrive\Documents\sts\driver drowsiness detction hybrid\mouth\yawn\944.jpg,1,Yawn,
C:\Users\dell\OneDrive\Documents\sts\driver drowsiness detction hybrid\mouth\no yawn\4011.jpg,0,No Yawn,
C:\Users\dell\OneDrive\Documents\sts\driver drowsiness detction hybrid\mouth\no yawn\3251.jpg,0,No Yawn,
C:\Users\dell\OneDrive\Documents\sts\driver drowsiness detction hybrid\mouth\yawn\2150.jpg,1,Yawn,
C:\Users\dell\OneDrive\Documents\sts\driver drowsiness detction hybrid\mouth\no yawn\3571.jpg,0,No Yawn,
C:\Users\dell\OneDrive\Documents\sts\driver drowsiness detction hybrid\mouth\no yawn\5493.jpg,0,No Yawn,
C:\Users\dell\OneDrive\Documents\sts\driver drowsiness detction hybrid\mouth\no yawn\3694.jpg,0,No Yawn,
C:\Users\dell\OneDrive\Documents\sts\driver drowsiness detction hybrid\mouth\yawn\2407.jpg,1,Yawn,
C:\Users\dell\OneDrive\Documents\sts\driver drowsiness detction hybrid\mouth\yawn\2030.jpg,1,Yawn,
C:\Users\dell\OneDrive\Documents\sts\driver drowsiness detction hybrid\mouth\no yawn\4689.jpg,0,No Yawn,
C:\Users\dell\OneDrive\Documents\sts\driver drowsiness detction hybrid\mouth\yawn\757.jpg,1,Yawn,
C:\Users\dell\OneDrive\Documents\sts\driver drowsiness detction hybrid\mouth\yawn\1455.jpg,1,Yawn,
C:\Users\dell\OneDrive\Documents\sts\driver drowsiness detction hybrid\mouth\yawn\1813.jpg,1,Yawn,
C:\Users\dell\OneDrive\Documents\sts\driver drowsiness detction hybrid\mouth\yawn\2331.jpg,1,Yawn,
C:\Users\dell\OneDrive\Documents\sts\driver drowsiness detction hybrid\mouth\yawn\1266.jpg,1,Yawn,
C:\Users\dell\OneDrive\Documents\sts\driver drowsiness detction hybrid\mouth\yawn\298.jpg,1,Yawn,
C:\Users\dell\OneDrive\Documents\sts\driver drowsiness detction hybrid\mouth\no yawn\3078.jpg,0,No Yawn,
C:\Users\dell\OneDrive\Documents\sts\driver drowsiness detction hybrid\mouth\yawn\2567.jpg,1,Yawn,
C:\Users\dell\OneDrive\Documents\sts\driver drowsiness detction hybrid\mouth\yawn\1576.jpg,1,Yawn,
C:\Users\dell\OneDrive\Documents\sts\driver drowsiness detction hybrid\mouth\yawn\1066.jpg,1,Yawn,
C:\Users\dell\OneDrive\Documents\sts\driver drowsiness detction hybrid\mouth\no yawn\5052.jpg,0,No Yawn,
C:\Users\dell\OneDrive\Documents\sts\driver drowsiness detction hybrid\mouth\yawn\468.jpg,1,Yawn,
C:\Users\dell\OneDrive\Documents\sts\driver drowsiness detction hybrid\mouth\yawn\2070.jpg,1,Yawn,
C:\Users\dell\OneDrive\Documents\sts\driver drowsiness detction hybrid\mouth\no yawn\4106.jpg,0,No Yawn,
C:\Users\dell\OneDrive\Documents\sts\driver drowsiness detction hybrid\mouth\yawn\1809.jpg,1,Yawn,
C:\Users\dell\OneDrive\Documents\sts\driver drowsiness detction hybrid\mouth\yawn\1255.jpg,1,Yawn,
C:\Users\dell\OneDrive\Documents\sts\driver drowsiness detction hybrid\mouth\yawn\771.jpg,1,Yawn,
C:\Users\dell\OneDrive\Documents\sts\driver drowsiness detction hybrid\mouth\no yawn\3505.jpg,0,No Yawn,
C:\Users\dell\OneDrive\Documents\sts\driver drowsiness detction hybrid\mouth\yawn\2613.jpg,1,Yawn,
C:\Users\dell\OneDrive\Documents\sts\driver drowsiness detction hybrid\mouth\yawn\1486.jpg,1,Yawn,
C:\Users\dell\OneDrive\Documents\sts\driver drowsiness detction hybrid\mouth\no yawn\3568.jpg,0,No Yawn,
C:\Users\dell\OneDrive\Documents\sts\driver drowsiness detction hybrid\mouth\yawn\332.jpg,1,Yawn,
C:\Users\dell\OneDrive\Documents\sts\driver drowsiness detction hybrid\mouth\yawn\2001.jpg,1,Yawn,
C:\Users\dell\OneDrive\Documents\sts\driver drowsiness detction hybrid\mouth\yawn\958.jpg,1,Yawn,
C:\Users\dell\OneDrive\Documents\sts\driver drowsiness detction hybrid\mouth\yawn\2241.jpg,1,Yawn,
C:\Users\dell\OneDrive\Documents\sts\driver drowsiness detction hybrid\mouth\yawn\275.jpg,1,Yawn,
C:\Users\dell\OneDrive\Documents\sts\driver drowsiness detction hybrid\mouth\no yawn\4489.jpg,0,No Yawn,
C:\Users\dell\OneDrive\Documents\sts\driver drowsiness detction hybrid\mouth\yawn\2208.jpg,1,Yawn,
C:\Users\dell\OneDrive\Documents\sts\driver drowsiness detction hybrid\mouth\yawn\3.jpg,1,Yawn,
C:\Users\dell\OneDrive\Documents\sts\driver drowsiness detction hybrid\mouth\yawn\535.jpg,1,Yawn,
C:\Users\dell\OneDrive\Documents\sts\driver drowsiness detction hybrid\mouth\no yawn\4023.jpg,0,No Yawn,
C:\Users\dell\OneDrive\Documents\sts\driver drowsiness detction hybrid\mouth\yawn\2250.jpg,1,Yawn,
C:\Users\dell\OneDrive\Documents\sts\driver drowsiness detction hybrid\mouth\no yawn\4417.jpg,0,No Yawn,
C:\Users\dell\OneDrive\Documents\sts\driver drowsiness detction hybrid\mouth\no yawn\4332.jpg,0,No Yawn,
C:\Users\dell\OneDrive\Documents\sts\driver drowsiness detction hybrid\mouth\no yawn\3934.jpg,0,No Yawn,
C:\Users\dell\OneDrive\Documents\sts\driver drowsiness detction hybrid\mouth\no yawn\3749.jpg,0,No Yawn,
C:\Users\dell\OneDrive\Documents\sts\driver drowsiness detction hybrid\mouth\no yawn\4501.jpg,0,No Yawn,
C:\Users\dell\OneDrive\Documents\sts\driver drowsiness detction hybrid\mouth\yawn\1240.jpg,1,Yawn,
C:\Users\dell\OneDrive\Documents\sts\driver drowsiness detction hybrid\mouth\no yawn\5408.jpg,0,No Yawn,
C:\Users\dell\OneDrive\Documents\sts\driver drowsiness detction hybrid\mouth\no yawn\3519.jpg,0,No Yawn,
C:\Users\dell\OneDrive\Documents\sts\driver drowsiness detction hybrid\mouth\no yawn\3205.jpg,0,No Yawn,
C:\Users\dell\OneDrive\Documents\sts\driver drowsiness detction hybrid\mouth\no yawn\3484.jpg,0,No Yawn,
C:\Users\dell\OneDrive\Documents\sts\driver drowsiness detction hybrid\mouth\yawn\2157.jpg,1,Yawn,
C:\Users\dell\OneDrive\Documents\sts\driver drowsiness detction hybrid\mouth\yawn\2509.jpg,1,Yawn,
C:\Users\dell\OneDrive\Documents\sts\driver drowsiness detction hybrid\mouth\yawn\2024.jpg,1,Yawn,
C:\Users\dell\OneDrive\Documents\sts\driver drowsiness detction hybrid\mouth\no yawn\3720.jpg,0,No Yawn,
C:\Users\dell\OneDrive\Documents\sts\driver drowsiness detction hybrid\mouth\no yawn\3942.jpg,0,No Yawn,
C:\Users\dell\OneDrive\Documents\sts\driver drowsiness detction hybrid\mouth\yawn\1710.jpg,1,Yawn,
C:\Users\dell\OneDrive\Documents\sts\driver drowsiness detction hybrid\mouth\no yawn\4949.jpg,0,No Yawn,
C:\Users\dell\OneDrive\Documents\sts\driver drowsiness detction hybrid\mouth\yawn\146.jpg,1,Yawn,
C:\Users\dell\OneDrive\Documents\sts\driver drowsiness detction hybrid\mouth\no yawn\4209.jpg,0,No Yawn,
C:\Users\dell\OneDrive\Documents\sts\driver drowsiness detction hybrid\mouth\no yawn\4668.jpg,0,No Yawn,
C:\Users\dell\OneDrive\Documents\sts\driver drowsiness detction hybrid\mouth\yawn\326.jpg,1,Yawn,
C:\Users\dell\OneDrive\Documents\sts\driver drowsiness detction hybrid\mouth\yawn\66.jpg,1,Yawn,
C:\Users\dell\OneDrive\Documents\sts\driver drowsiness detction hybrid\mouth\yawn\362.jpg,1,Yawn,
C:\Users\dell\OneDrive\Documents\sts\driver drowsiness detction hybrid\mouth\yawn\672.jpg,1,Yawn,
C:\Users\dell\OneDrive\Documents\sts\driver drowsiness detction hybrid\mouth\no yawn\3780.jpg,0,No Yawn,
C:\Users\dell\OneDrive\Documents\sts\driver drowsiness detction hybrid\mouth\yawn\170.jpg,1,Yawn,
C:\Users\dell\OneDrive\Documents\sts\driver drowsiness detction hybrid\mouth\no yawn\3489.jpg,0,No Yawn,
C:\Users\dell\OneDrive\Documents\sts\driver drowsiness detction hybrid\mouth\yawn\877.jpg,1,Yawn,
C:\Users\dell\OneDrive\Documents\sts\driver drowsiness detction hybrid\mouth\no yawn\4525.jpg,0,No Yawn,
C:\Users\dell\OneDrive\Documents\sts\driver drowsiness detction hybrid\mouth\yawn\337.jpg,1,Yawn,
C:\Users\dell\OneDrive\Documents\sts\driver drowsiness detction hybrid\mouth\no yawn\3166.jpg,0,No Yawn,
C:\Users\dell\OneDrive\Documents\sts\driver drowsiness detction hybrid\mouth\yawn\2570.jpg,1,Yawn,
C:\Users\dell\OneDrive\Documents\sts\driver drowsiness detction hybrid\mouth\yawn\1741.jpg,1,Yawn,
C:\Users\dell\OneDrive\Documents\sts\driver drowsiness detction hybrid\mouth\yawn\283.jpg,1,Yawn,
C:\Users\dell\OneDrive\Documents\sts\driver drowsiness detction hybrid\mouth\no yawn\3312.jpg,0,No Yawn,
C:\Users\dell\OneDrive\Documents\sts\driver drowsiness detction hybrid\mouth\yawn\1563.jpg,1,Yawn,
C:\Users\dell\OneDrive\Documents\sts\driver drowsiness detction hybrid\mouth\no yawn\2972.jpg,0,No Yawn,
C:\Users\dell\OneDrive\Documents\sts\driver drowsiness detction hybrid\mouth\no yawn\3097.jpg,0,No Yawn,
C:\Users\dell\OneDrive\Documents\sts\driver drowsiness detction hybrid\mouth\yawn\39.jpg,1,Yawn,
C:\Users\dell\OneDrive\Documents\sts\driver drowsiness detction hybrid\mouth\no yawn\4986.jpg,0,No Yawn,
C:\Users\dell\OneDrive\Documents\sts\driver drowsiness detction hybrid\mouth\yawn\1322.jpg,1,Yawn,
C:\Users\dell\OneDrive\Documents\sts\driver drowsiness detction hybrid\mouth\no yawn\5003.jpg,0,No Yawn,
C:\Users\dell\OneDrive\Documents\sts\driver drowsiness detction hybrid\mouth\no yawn\3661.jpg,0,No Yawn,
C:\Users\dell\OneDrive\Documents\sts\driver drowsiness detction hybrid\mouth\no yawn\3836.jpg,0,No Yawn,
C:\Users\dell\OneDrive\Documents\sts\driver drowsiness detction hybrid\mouth\yawn\2005.jpg,1,Yawn,
C:\Users\dell\OneDrive\Documents\sts\driver drowsiness detction hybrid\mouth\no yawn\3805.jpg,0,No Yawn,
C:\Users\dell\OneDrive\Documents\sts\driver drowsiness detction hybrid\mouth\no yawn\5083.jpg,0,No Yawn,
C:\Users\dell\OneDrive\Documents\sts\driver drowsiness detction hybrid\mouth\no yawn\5517.jpg,0,No Yawn,
C:\Users\dell\OneDrive\Documents\sts\driver drowsiness detction hybrid\mouth\yawn\2204.jpg,1,Yawn,
C:\Users\dell\OneDrive\Documents\sts\driver drowsiness detction hybrid\mouth\no yawn\4633.jpg,0,No Yawn,
C:\Users\dell\OneDrive\Documents\sts\driver drowsiness detction hybrid\mouth\yawn\1212.jpg,1,Yawn,
C:\Users\dell\OneDrive\Documents\sts\driver drowsiness detction hybrid\mouth\no yawn\3390.jpg,0,No Yawn,
C:\Users\dell\OneDrive\Documents\sts\driver drowsiness detction hybrid\mouth\yawn\901.jpg,1,Yawn,
C:\Users\dell\OneDrive\Documents\sts\driver drowsiness detction hybrid\mouth\yawn\586.jpg,1,Yawn,
C:\Users\dell\OneDrive\Documents\sts\driver drowsiness detction hybrid\mouth\no yawn\3643.jpg,0,No Yawn,
C:\Users\dell\OneDrive\Documents\sts\driver drowsiness detction hybrid\mouth\no yawn\3058.jpg,0,No Yawn,
C:\Users\dell\OneDrive\Documents\sts\driver drowsiness detction hybrid\mouth\yawn\2298.jpg,1,Yawn,
C:\Users\dell\OneDrive\Documents\sts\driver drowsiness detction hybrid\mouth\yawn\1846.jpg,1,Yawn,
C:\Users\dell\OneDrive\Documents\sts\driver drowsiness detction hybrid\mouth\yawn\536.jpg,1,Yawn,
C:\Users\dell\OneDrive\Documents\sts\driver drowsiness detction hybrid\mouth\yawn\141.jpg,1,Yawn,
C:\Users\dell\OneDrive\Documents\sts\driver drowsiness detction hybrid\mouth\yawn\1598.jpg,1,Yawn,
C:\Users\dell\OneDrive\Documents\sts\driver drowsiness detction hybrid\mouth\yawn\1884.jpg,1,Yawn,
C:\Users\dell\OneDrive\Documents\sts\driver drowsiness detction hybrid\mouth\no yawn\4153.jpg,0,No Yawn,
C:\Users\dell\OneDrive\Documents\sts\driver drowsiness detction hybrid\mouth\yawn\675.jpg,1,Yawn,
C:\Users\dell\OneDrive\Documents\sts\driver drowsiness detction hybrid\mouth\yawn\2736.jpg,1,Yawn,
C:\Users\dell\OneDrive\Documents\sts\driver drowsiness detction hybrid\mouth\no yawn\3003.jpg,0,No Yawn,
C:\Users\dell\OneDrive\Documents\sts\driver drowsiness detction hybrid\mouth\yawn\800.jpg,1,Yawn,
C:\Users\dell\OneDrive\Documents\sts\driver drowsiness detction hybrid\mouth\no yawn\2882.jpg,0,No Yawn,
C:\Users\dell\OneDrive\Documents\sts\driver drowsiness detction hybrid\mouth\yawn\1107.jpg,1,Yawn,
C:\Users\dell\OneDrive\Documents\sts\driver drowsiness detction hybrid\mouth\yawn\2123.jpg,1,Yawn,
C:\Users\dell\OneDrive\Documents\sts\driver drowsiness detction hybrid\mouth\no yawn\5010.jpg,0,No Yawn,
C:\Users\dell\OneDrive\Documents\sts\driver drowsiness detction hybrid\mouth\yawn\599.jpg,1,Yawn,
C:\Users\dell\OneDrive\Documents\sts\driver drowsiness detction hybrid\mouth\yawn\1702.jpg,1,Yawn,
C:\Users\dell\OneDrive\Documents\sts\driver drowsiness detction hybrid\mouth\no yawn\4598.jpg,0,No Yawn,
C:\Users\dell\OneDrive\Documents\sts\driver drowsiness detction hybrid\mouth\yawn\1899.jpg,1,Yawn,
C:\Users\dell\OneDrive\Documents\sts\driver drowsiness detction hybrid\mouth\yawn\1791.jpg,1,Yawn,
C:\Users\dell\OneDrive\Documents\sts\driver drowsiness detction hybrid\mouth\no yawn\3666.jpg,0,No Yawn,
C:\Users\dell\OneDrive\Documents\sts\driver drowsiness detction hybrid\mouth\no yawn\4502.jpg,0,No Yawn,
C:\Users\dell\OneDrive\Documents\sts\driver drowsiness detction hybrid\mouth\yawn\2115.jpg,1,Yawn,
C:\Users\dell\OneDrive\Documents\sts\driver drowsiness detction hybrid\mouth\yawn\241.jpg,1,Yawn,
C:\Users\dell\OneDrive\Documents\sts\driver drowsiness detction hybrid\mouth\no yawn\3063.jpg,0,No Yawn,
C:\Users\dell\OneDrive\Documents\sts\driver drowsiness detction hybrid\mouth\no yawn\4190.jpg,0,No Yawn,
C:\Users\dell\OneDrive\Documents\sts\driver drowsiness detction hybrid\mouth\no yawn\4028.jpg,0,No Yawn,
C:\Users\dell\OneDrive\Documents\sts\driver drowsiness detction hybrid\mouth\no yawn\2766.jpg,0,No Yawn,
C:\Users\dell\OneDrive\Documents\sts\driver drowsiness detction hybrid\mouth\yawn\447.jpg,1,Yawn,
C:\Users\dell\OneDrive\Documents\sts\driver drowsiness detction hybrid\mouth\yawn\101.jpg,1,Yawn,
C:\Users\dell\OneDrive\Documents\sts\driver drowsiness detction hybrid\mouth\yawn\1609.jpg,1,Yawn,
C:\Users\dell\OneDrive\Documents\sts\driver drowsiness detction hybrid\mouth\no yawn\5211.jpg,0,No Yawn,
C:\Users\dell\OneDrive\Documents\sts\driver drowsiness detction hybrid\mouth\no yawn\3626.jpg,0,No Yawn,
C:\Users\dell\OneDrive\Documents\sts\driver drowsiness detction hybrid\mouth\no yawn\3372.jpg,0,No Yawn,
C:\Users\dell\OneDrive\Documents\sts\driver drowsiness detction hybrid\mouth\no yawn\2896.jpg,0,No Yawn,
C:\Users\dell\OneDrive\Documents\sts\driver drowsiness detction hybrid\mouth\yawn\1742.jpg,1,Yawn,
C:\Users\dell\OneDrive\Documents\sts\driver drowsiness detction hybrid\mouth\no yawn\2880.jpg,0,No Yawn,
C:\Users\dell\OneDrive\Documents\sts\driver drowsiness detction hybrid\mouth\yawn\1616.jpg,1,Yawn,
C:\Users\dell\OneDrive\Documents\sts\driver drowsiness detction hybrid\mouth\no yawn\2910.jpg,0,No Yawn,
C:\Users\dell\OneDrive\Documents\sts\driver drowsiness detction hybrid\mouth\no yawn\4202.jpg,0,No Yawn,
C:\Users\dell\OneDrive\Documents\sts\driver drowsiness detction hybrid\mouth\yawn\309.jpg,1,Yawn,
C:\Users\dell\OneDrive\Documents\sts\driver drowsiness detction hybrid\mouth\yawn\1251.jpg,1,Yawn,
C:\Users\dell\OneDrive\Documents\sts\driver drowsiness detction hybrid\mouth\yawn\963.jpg,1,Yawn,
C:\Users\dell\OneDrive\Documents\sts\driver drowsiness detction hybrid\mouth\no yawn\4883.jpg,0,No Yawn,
C:\Users\dell\OneDrive\Documents\sts\driver drowsiness detction hybrid\mouth\yawn\1836.jpg,1,Yawn,
C:\Users\dell\OneDrive\Documents\sts\driver drowsiness detction hybrid\mouth\yawn\1903.jpg,1,Yawn,
C:\Users\dell\OneDrive\Documents\sts\driver drowsiness detction hybrid\mouth\yawn\1170.jpg,1,Yawn,
C:\Users\dell\OneDrive\Documents\sts\driver drowsiness detction hybrid\mouth\yawn\389.jpg,1,Yawn,
C:\Users\dell\OneDrive\Documents\sts\driver drowsiness detction hybrid\mouth\yawn\2386.jpg,1,Yawn,
C:\Users\dell\OneDrive\Documents\sts\driver drowsiness detction hybrid\mouth\no yawn\4327.jpg,0,No Yawn,
C:\Users\dell\OneDrive\Documents\sts\driver drowsiness detction hybrid\mouth\yawn\1020.jpg,1,Yawn,
C:\Users\dell\OneDrive\Documents\sts\driver drowsiness detction hybrid\mouth\yawn\147.jpg,1,Yawn,
C:\Users\dell\OneDrive\Documents\sts\driver drowsiness detction hybrid\mouth\yawn\1961.jpg,1,Yawn,
C:\Users\dell\OneDrive\Documents\sts\driver drowsiness detction hybrid\mouth\yawn\1485.jpg,1,Yawn,
C:\Users\dell\OneDrive\Documents\sts\driver drowsiness detction hybrid\mouth\yawn\2368.jpg,1,Yawn,
C:\Users\dell\OneDrive\Documents\sts\driver drowsiness detction hybrid\mouth\yawn\716.jpg,1,Yawn,
C:\Users\dell\OneDrive\Documents\sts\driver drowsiness detction hybrid\mouth\no yawn\3885.jpg,0,No Yawn,
C:\Users\dell\OneDrive\Documents\sts\driver drowsiness detction hybrid\mouth\no yawn\5089.jpg,0,No Yawn,
C:\Users\dell\OneDrive\Documents\sts\driver drowsiness detction hybrid\mouth\no yawn\4078.jpg,0,No Yawn,
C:\Users\dell\OneDrive\Documents\sts\driver drowsiness detction hybrid\mouth\yawn\577.jpg,1,Yawn,
C:\Users\dell\OneDrive\Documents\sts\driver drowsiness detction hybrid\mouth\no yawn\5150.jpg,0,No Yawn,
C:\Users\dell\OneDrive\Documents\sts\driver drowsiness detction hybrid\mouth\no yawn\4147.jpg,0,No Yawn,
C:\Users\dell\OneDrive\Documents\sts\driver drowsiness detction hybrid\mouth\yawn\1214.jpg,1,Yawn,
C:\Users\dell\OneDrive\Documents\sts\driver drowsiness detction hybrid\mouth\no yawn\5304.jpg,0,No Yawn,
C:\Users\dell\OneDrive\Documents\sts\driver drowsiness detction hybrid\mouth\no yawn\3530.jpg,0,No Yawn,
C:\Users\dell\OneDrive\Documents\sts\driver drowsiness detction hybrid\mouth\no yawn\4669.jpg,0,No Yawn,
C:\Users\dell\OneDrive\Documents\sts\driver drowsiness detction hybrid\mouth\yawn\2082.jpg,1,Yawn,
C:\Users\dell\OneDrive\Documents\sts\driver drowsiness detction hybrid\mouth\yawn\965.jpg,1,Yawn,
C:\Users\dell\OneDrive\Documents\sts\driver drowsiness detction hybrid\mouth\no yawn\3708.jpg,0,No Yawn,
C:\Users\dell\OneDrive\Documents\sts\driver drowsiness detction hybrid\mouth\yawn\2269.jpg,1,Yawn,
C:\Users\dell\OneDrive\Documents\sts\driver drowsiness detction hybrid\mouth\yawn\2022.jpg,1,Yawn,
C:\Users\dell\OneDrive\Documents\sts\driver drowsiness detction hybrid\mouth\yawn\1540.jpg,1,Yawn,
C:\Users\dell\OneDrive\Documents\sts\driver drowsiness detction hybrid\mouth\yawn\2543.jpg,1,Yawn,
C:\Users\dell\OneDrive\Documents\sts\driver drowsiness detction hybrid\mouth\yawn\887.jpg,1,Yawn,
C:\Users\dell\OneDrive\Documents\sts\driver drowsiness detction hybrid\mouth\no yawn\5066.jpg,0,No Yawn,
C:\Users\dell\OneDrive\Documents\sts\driver drowsiness detction hybrid\mouth\yawn\1699.jpg,1,Yawn,
C:\Users\dell\OneDrive\Documents\sts\driver drowsiness detction hybrid\mouth\no yawn\3492.jpg,0,No Yawn,
C:\Users\dell\OneDrive\Documents\sts\driver drowsiness detction hybrid\mouth\yawn\1475.jpg,1,Yawn,
C:\Users\dell\OneDrive\Documents\sts\driver drowsiness detction hybrid\mouth\yawn\415.jpg,1,Yawn,
C:\Users\dell\OneDrive\Documents\sts\driver drowsiness detction hybrid\mouth\yawn\1371.jpg,1,Yawn,
C:\Users\dell\OneDrive\Documents\sts\driver drowsiness detction hybrid\mouth\no yawn\5374.jpg,0,No Yawn,
C:\Users\dell\OneDrive\Documents\sts\driver drowsiness detction hybrid\mouth\no yawn\5348.jpg,0,No Yawn,
C:\Users\dell\OneDrive\Documents\sts\driver drowsiness detction hybrid\mouth\yawn\799.jpg,1,Yawn,
C:\Users\dell\OneDrive\Documents\sts\driver drowsiness detction hybrid\mouth\no yawn\4439.jpg,0,No Yawn,
C:\Users\dell\OneDrive\Documents\sts\driver drowsiness detction hybrid\mouth\no yawn\4987.jpg,0,No Yawn,
C:\Users\dell\OneDrive\Documents\sts\driver drowsiness detction hybrid\mouth\no yawn\3689.jpg,0,No Yawn,
C:\Users\dell\OneDrive\Documents\sts\driver drowsiness detction hybrid\mouth\yawn\1715.jpg,1,Yawn,
C:\Users\dell\OneDrive\Documents\sts\driver drowsiness detction hybrid\mouth\yawn\1804.jpg,1,Yawn,
C:\Users\dell\OneDrive\Documents\sts\driver drowsiness detction hybrid\mouth\yawn\1929.jpg,1,Yawn,
C:\Users\dell\OneDrive\Documents\sts\driver drowsiness detction hybrid\mouth\no yawn\5307.jpg,0,No Yawn,
C:\Users\dell\OneDrive\Documents\sts\driver drowsiness detction hybrid\mouth\yawn\1260.jpg,1,Yawn,
C:\Users\dell\OneDrive\Documents\sts\driver drowsiness detction hybrid\mouth\yawn\1031.jpg,1,Yawn,
C:\Users\dell\OneDrive\Documents\sts\driver drowsiness detction hybrid\mouth\yawn\1226.jpg,1,Yawn,
C:\Users\dell\OneDrive\Documents\sts\driver drowsiness detction hybrid\mouth\no yawn\2849.jpg,0,No Yawn,
C:\Users\dell\OneDrive\Documents\sts\driver drowsiness detction hybrid\mouth\no yawn\5183.jpg,0,No Yawn,
C:\Users\dell\OneDrive\Documents\sts\driver drowsiness detction hybrid\mouth\no yawn\2920.jpg,0,No Yawn,
C:\Users\dell\OneDrive\Documents\sts\driver drowsiness detction hybrid\mouth\yawn\2216.jpg,1,Yawn,
C:\Users\dell\OneDrive\Documents\sts\driver drowsiness detction hybrid\mouth\no yawn\3857.jpg,0,No Yawn,
C:\Users\dell\OneDrive\Documents\sts\driver drowsiness detction hybrid\mouth\no yawn\4623.jpg,0,No Yawn,
C:\Users\dell\OneDrive\Documents\sts\driver drowsiness detction hybrid\mouth\yawn\38.jpg,1,Yawn,
C:\Users\dell\OneDrive\Documents\sts\driver drowsiness detction hybrid\mouth\no yawn\3240.jpg,0,No Yawn,
C:\Users\dell\OneDrive\Documents\sts\driver drowsiness detction hybrid\mouth\no yawn\5037.jpg,0,No Yawn,
C:\Users\dell\OneDrive\Documents\sts\driver drowsiness detction hybrid\mouth\yawn\2433.jpg,1,Yawn,
C:\Users\dell\OneDrive\Documents\sts\driver drowsiness detction hybrid\mouth\no yawn\4896.jpg,0,No Yawn,
C:\Users\dell\OneDrive\Documents\sts\driver drowsiness detction hybrid\mouth\no yawn\4052.jpg,0,No Yawn,
C:\Users\dell\OneDrive\Documents\sts\driver drowsiness detction hybrid\mouth\no yawn\4390.jpg,0,No Yawn,
C:\Users\dell\OneDrive\Documents\sts\driver drowsiness detction hybrid\mouth\no yawn\4036.jpg,0,No Yawn,
C:\Users\dell\OneDrive\Documents\sts\driver drowsiness detction hybrid\mouth\no yawn\4155.jpg,0,No Yawn,
C:\Users\dell\OneDrive\Documents\sts\driver drowsiness detction hybrid\mouth\no yawn\5497.jpg,0,No Yawn,
C:\Users\dell\OneDrive\Documents\sts\driver drowsiness detction hybrid\mouth\yawn\1951.jpg,1,Yawn,
C:\Users\dell\OneDrive\Documents\sts\driver drowsiness detction hybrid\mouth\no yawn\3851.jpg,0,No Yawn,
C:\Users\dell\OneDrive\Documents\sts\driver drowsiness detction hybrid\mouth\yawn\58.jpg,1,Yawn,
C:\Users\dell\OneDrive\Documents\sts\driver drowsiness detction hybrid\mouth\no yawn\4278.jpg,0,No Yawn,
C:\Users\dell\OneDrive\Documents\sts\driver drowsiness detction hybrid\mouth\no yawn\5438.jpg,0,No Yawn,
C:\Users\dell\OneDrive\Documents\sts\driver drowsiness detction hybrid\mouth\no yawn\3804.jpg,0,No Yawn,
C:\Users\dell\OneDrive\Documents\sts\driver drowsiness detction hybrid\mouth\yawn\2692.jpg,1,Yawn,
C:\Users\dell\OneDrive\Documents\sts\driver drowsiness detction hybrid\mouth\no yawn\4433.jpg,0,No Yawn,
C:\Users\dell\OneDrive\Documents\sts\driver drowsiness detction hybrid\mouth\yawn\618.jpg,1,Yawn,
C:\Users\dell\OneDrive\Documents\sts\driver drowsiness detction hybrid\mouth\no yawn\3247.jpg,0,No Yawn,
C:\Users\dell\OneDrive\Documents\sts\driver drowsiness detction hybrid\mouth\no yawn\5158.jpg,0,No Yawn,
C:\Users\dell\OneDrive\Documents\sts\driver drowsiness detction hybrid\mouth\yawn\835.jpg,1,Yawn,
C:\Users\dell\OneDrive\Documents\sts\driver drowsiness detction hybrid\mouth\no yawn\3141.jpg,0,No Yawn,
C:\Users\dell\OneDrive\Documents\sts\driver drowsiness detction hybrid\mouth\no yawn\4006.jpg,0,No Yawn,
C:\Users\dell\OneDrive\Documents\sts\driver drowsiness detction hybrid\mouth\no yawn\4418.jpg,0,No Yawn,
C:\Users\dell\OneDrive\Documents\sts\driver drowsiness detction hybrid\mouth\yawn\2688.jpg,1,Yawn,
C:\Users\dell\OneDrive\Documents\sts\driver drowsiness detction hybrid\mouth\no yawn\3043.jpg,0,No Yawn,
C:\Users\dell\OneDrive\Documents\sts\driver drowsiness detction hybrid\mouth\yawn\435.jpg,1,Yawn,
C:\Users\dell\OneDrive\Documents\sts\driver drowsiness detction hybrid\mouth\yawn\730.jpg,1,Yawn,
C:\Users\dell\OneDrive\Documents\sts\driver drowsiness detction hybrid\mouth\no yawn\4346.jpg,0,No Yawn,
C:\Users\dell\OneDrive\Documents\sts\driver drowsiness detction hybrid\mouth\no yawn\5097.jpg,0,No Yawn,
C:\Users\dell\OneDrive\Documents\sts\driver drowsiness detction hybrid\mouth\yawn\228.jpg,1,Yawn,
C:\Users\dell\OneDrive\Documents\sts\driver drowsiness detction hybrid\mouth\yawn\2180.jpg,1,Yawn,
C:\Users\dell\OneDrive\Documents\sts\driver drowsiness detction hybrid\mouth\yawn\587.jpg,1,Yawn,
C:\Users\dell\OneDrive\Documents\sts\driver drowsiness detction hybrid\mouth\no yawn\4539.jpg,0,No Yawn,
C:\Users\dell\OneDrive\Documents\sts\driver drowsiness detction hybrid\mouth\no yawn\4963.jpg,0,No Yawn,
C:\Users\dell\OneDrive\Documents\sts\driver drowsiness detction hybrid\mouth\no yawn\3880.jpg,0,No Yawn,
C:\Users\dell\OneDrive\Documents\sts\driver drowsiness detction hybrid\mouth\yawn\837.jpg,1,Yawn,
C:\Users\dell\OneDrive\Documents\sts\driver drowsiness detction hybrid\mouth\no yawn\5127.jpg,0,No Yawn,
C:\Users\dell\OneDrive\Documents\sts\driver drowsiness detction hybrid\mouth\yawn\2529.jpg,1,Yawn,
C:\Users\dell\OneDrive\Documents\sts\driver drowsiness detction hybrid\mouth\no yawn\2860.jpg,0,No Yawn,
C:\Users\dell\OneDrive\Documents\sts\driver drowsiness detction hybrid\mouth\no yawn\5001.jpg,0,No Yawn,
C:\Users\dell\OneDrive\Documents\sts\driver drowsiness detction hybrid\mouth\yawn\2323.jpg,1,Yawn,
C:\Users\dell\OneDrive\Documents\sts\driver drowsiness detction hybrid\mouth\yawn\743.jpg,1,Yawn,
C:\Users\dell\OneDrive\Documents\sts\driver drowsiness detction hybrid\mouth\yawn\2742.jpg,1,Yawn,
C:\Users\dell\OneDrive\Documents\sts\driver drowsiness detction hybrid\mouth\yawn\2418.jpg,1,Yawn,
C:\Users\dell\OneDrive\Documents\sts\driver drowsiness detction hybrid\mouth\yawn\2009.jpg,1,Yawn,
C:\Users\dell\OneDrive\Documents\sts\driver drowsiness detction hybrid\mouth\no yawn\5060.jpg,0,No Yawn,
C:\Users\dell\OneDrive\Documents\sts\driver drowsiness detction hybrid\mouth\no yawn\4964.jpg,0,No Yawn,
C:\Users\dell\OneDrive\Documents\sts\driver drowsiness detction hybrid\mouth\yawn\950.jpg,1,Yawn,
C:\Users\dell\OneDrive\Documents\sts\driver drowsiness detction hybrid\mouth\no yawn\4988.jpg,0,No Yawn,
C:\Users\dell\OneDrive\Documents\sts\driver drowsiness detction hybrid\mouth\no yawn\3432.jpg,0,No Yawn,
C:\Users\dell\OneDrive\Documents\sts\driver drowsiness detction hybrid\mouth\yawn\1832.jpg,1,Yawn,
C:\Users\dell\OneDrive\Documents\sts\driver drowsiness detction hybrid\mouth\no yawn\3944.jpg,0,No Yawn,
C:\Users\dell\OneDrive\Documents\sts\driver drowsiness detction hybrid\mouth\no yawn\5313.jpg,0,No Yawn,
C:\Users\dell\OneDrive\Documents\sts\driver drowsiness detction hybrid\mouth\yawn\1847.jpg,1,Yawn,
C:\Users\dell\OneDrive\Documents\sts\driver drowsiness detction hybrid\mouth\no yawn\4042.jpg,0,No Yawn,
C:\Users\dell\OneDrive\Documents\sts\driver drowsiness detction hybrid\mouth\no yawn\5184.jpg,0,No Yawn,
C:\Users\dell\OneDrive\Documents\sts\driver drowsiness detction hybrid\mouth\no yawn\4128.jpg,0,No Yawn,
C:\Users\dell\OneDrive\Documents\sts\driver drowsiness detction hybrid\mouth\no yawn\5215.jpg,0,No Yawn,
C:\Users\dell\OneDrive\Documents\sts\driver drowsiness detction hybrid\mouth\no yawn\2981.jpg,0,No Yawn,
C:\Users\dell\OneDrive\Documents\sts\driver drowsiness detction hybrid\mouth\no yawn\3093.jpg,0,No Yawn,
C:\Users\dell\OneDrive\Documents\sts\driver drowsiness detction hybrid\mouth\no yawn\4364.jpg,0,No Yawn,
C:\Users\dell\OneDrive\Documents\sts\driver drowsiness detction hybrid\mouth\yawn\1351.jpg,1,Yawn,
C:\Users\dell\OneDrive\Documents\sts\driver drowsiness detction hybrid\mouth\yawn\454.jpg,1,Yawn,
C:\Users\dell\OneDrive\Documents\sts\driver drowsiness detction hybrid\mouth\no yawn\4097.jpg,0,No Yawn,
C:\Users\dell\OneDrive\Documents\sts\driver drowsiness detction hybrid\mouth\no yawn\5446.jpg,0,No Yawn,
C:\Users\dell\OneDrive\Documents\sts\driver drowsiness detction hybrid\mouth\yawn\2583.jpg,1,Yawn,
C:\Users\dell\OneDrive\Documents\sts\driver drowsiness detction hybrid\mouth\no yawn\4188.jpg,0,No Yawn,
C:\Users\dell\OneDrive\Documents\sts\driver drowsiness detction hybrid\mouth\no yawn\4801.jpg,0,No Yawn,
C:\Users\dell\OneDrive\Documents\sts\driver drowsiness detction hybrid\mouth\yawn\1385.jpg,1,Yawn,
C:\Users\dell\OneDrive\Documents\sts\driver drowsiness detction hybrid\mouth\yawn\1694.jpg,1,Yawn,
C:\Users\dell\OneDrive\Documents\sts\driver drowsiness detction hybrid\mouth\no yawn\4225.jpg,0,No Yawn,
C:\Users\dell\OneDrive\Documents\sts\driver drowsiness detction hybrid\mouth\no yawn\3512.jpg,0,No Yawn,
C:\Users\dell\OneDrive\Documents\sts\driver drowsiness detction hybrid\mouth\no yawn\3898.jpg,0,No Yawn,
C:\Users\dell\OneDrive\Documents\sts\driver drowsiness detction hybrid\mouth\no yawn\2993.jpg,0,No Yawn,
C:\Users\dell\OneDrive\Documents\sts\driver drowsiness detction hybrid\mouth\no yawn\5367.jpg,0,No Yawn,
C:\Users\dell\OneDrive\Documents\sts\driver drowsiness detction hybrid\mouth\yawn\1537.jpg,1,Yawn,
C:\Users\dell\OneDrive\Documents\sts\driver drowsiness detction hybrid\mouth\no yawn\3360.jpg,0,No Yawn,
C:\Users\dell\OneDrive\Documents\sts\driver drowsiness detction hybrid\mouth\yawn\2290.jpg,1,Yawn,
C:\Users\dell\OneDrive\Documents\sts\driver drowsiness detction hybrid\mouth\yawn\2029.jpg,1,Yawn,
C:\Users\dell\OneDrive\Documents\sts\driver drowsiness detction hybrid\mouth\yawn\102.jpg,1,Yawn,
C:\Users\dell\OneDrive\Documents\sts\driver drowsiness detction hybrid\mouth\no yawn\2982.jpg,0,No Yawn,
C:\Users\dell\OneDrive\Documents\sts\driver drowsiness detction hybrid\mouth\yawn\1448.jpg,1,Yawn,
C:\Users\dell\OneDrive\Documents\sts\driver drowsiness detction hybrid\mouth\yawn\2167.jpg,1,Yawn,
C:\Users\dell\OneDrive\Documents\sts\driver drowsiness detction hybrid\mouth\yawn\2247.jpg,1,Yawn,
C:\Users\dell\OneDrive\Documents\sts\driver drowsiness detction hybrid\mouth\yawn\985.jpg,1,Yawn,
C:\Users\dell\OneDrive\Documents\sts\driver drowsiness detction hybrid\mouth\yawn\1459.jpg,1,Yawn,
C:\Users\dell\OneDrive\Documents\sts\driver drowsiness detction hybrid\mouth\no yawn\4942.jpg,0,No Yawn,
C:\Users\dell\OneDrive\Documents\sts\driver drowsiness detction hybrid\mouth\yawn\1334.jpg,1,Yawn,
C:\Users\dell\OneDrive\Documents\sts\driver drowsiness detction hybrid\mouth\yawn\492.jpg,1,Yawn,
C:\Users\dell\OneDrive\Documents\sts\driver drowsiness detction hybrid\mouth\yawn\174.jpg,1,Yawn,
C:\Users\dell\OneDrive\Documents\sts\driver drowsiness detction hybrid\mouth\no yawn\4604.jpg,0,No Yawn,
C:\Users\dell\OneDrive\Documents\sts\driver drowsiness detction hybrid\mouth\no yawn\4932.jpg,0,No Yawn,
C:\Users\dell\OneDrive\Documents\sts\driver drowsiness detction hybrid\mouth\no yawn\4761.jpg,0,No Yawn,
C:\Users\dell\OneDrive\Documents\sts\driver drowsiness detction hybrid\mouth\no yawn\3879.jpg,0,No Yawn,
C:\Users\dell\OneDrive\Documents\sts\driver drowsiness detction hybrid\mouth\yawn\2246.jpg,1,Yawn,
C:\Users\dell\OneDrive\Documents\sts\driver drowsiness detction hybrid\mouth\no yawn\4175.jpg,0,No Yawn,
C:\Users\dell\OneDrive\Documents\sts\driver drowsiness detction hybrid\mouth\yawn\902.jpg,1,Yawn,
C:\Users\dell\OneDrive\Documents\sts\driver drowsiness detction hybrid\mouth\yawn\991.jpg,1,Yawn,
C:\Users\dell\OneDrive\Documents\sts\driver drowsiness detction hybrid\mouth\no yawn\3884.jpg,0,No Yawn,
C:\Users\dell\OneDrive\Documents\sts\driver drowsiness detction hybrid\mouth\no yawn\3075.jpg,0,No Yawn,
C:\Users\dell\OneDrive\Documents\sts\driver drowsiness detction hybrid\mouth\yawn\1423.jpg,1,Yawn,
C:\Users\dell\OneDrive\Documents\sts\driver drowsiness detction hybrid\mouth\no yawn\5372.jpg,0,No Yawn,
C:\Users\dell\OneDrive\Documents\sts\driver drowsiness detction hybrid\mouth\no yawn\5334.jpg,0,No Yawn,
C:\Users\dell\OneDrive\Documents\sts\driver drowsiness detction hybrid\mouth\yawn\1370.jpg,1,Yawn,
C:\Users\dell\OneDrive\Documents\sts\driver drowsiness detction hybrid\mouth\no yawn\4238.jpg,0,No Yawn,
C:\Users\dell\OneDrive\Documents\sts\driver drowsiness detction hybrid\mouth\yawn\2403.jpg,1,Yawn,
C:\Users\dell\OneDrive\Documents\sts\driver drowsiness detction hybrid\mouth\yawn\263.jpg,1,Yawn,
C:\Users\dell\OneDrive\Documents\sts\driver drowsiness detction hybrid\mouth\no yawn\3177.jpg,0,No Yawn,
C:\Users\dell\OneDrive\Documents\sts\driver drowsiness detction hybrid\mouth\no yawn\4156.jpg,0,No Yawn,
C:\Users\dell\OneDrive\Documents\sts\driver drowsiness detction hybrid\mouth\no yawn\5125.jpg,0,No Yawn,
C:\Users\dell\OneDrive\Documents\sts\driver drowsiness detction hybrid\mouth\no yawn\5167.jpg,0,No Yawn,
C:\Users\dell\OneDrive\Documents\sts\driver drowsiness detction hybrid\mouth\no yawn\5491.jpg,0,No Yawn,
C:\Users\dell\OneDrive\Documents\sts\driver drowsiness detction hybrid\mouth\no yawn\2872.jpg,0,No Yawn,
C:\Users\dell\OneDrive\Documents\sts\driver drowsiness detction hybrid\mouth\no yawn\4059.jpg,0,No Yawn,
C:\Users\dell\OneDrive\Documents\sts\driver drowsiness detction hybrid\mouth\yawn\1965.jpg,1,Yawn,
C:\Users\dell\OneDrive\Documents\sts\driver drowsiness detction hybrid\mouth\no yawn\3258.jpg,0,No Yawn,
C:\Users\dell\OneDrive\Documents\sts\driver drowsiness detction hybrid\mouth\yawn\317.jpg,1,Yawn,
C:\Users\dell\OneDrive\Documents\sts\driver drowsiness detction hybrid\mouth\no yawn\5049.jpg,0,No Yawn,
C:\Users\dell\OneDrive\Documents\sts\driver drowsiness detction hybrid\mouth\yawn\2083.jpg,1,Yawn,
C:\Users\dell\OneDrive\Documents\sts\driver drowsiness detction hybrid\mouth\no yawn\3178.jpg,0,No Yawn,
C:\Users\dell\OneDrive\Documents\sts\driver drowsiness detction hybrid\mouth\yawn\2475.jpg,1,Yawn,
C:\Users\dell\OneDrive\Documents\sts\driver drowsiness detction hybrid\mouth\no yawn\4518.jpg,0,No Yawn,
C:\Users\dell\OneDrive\Documents\sts\driver drowsiness detction hybrid\mouth\no yawn\3358.jpg,0,No Yawn,
C:\Users\dell\OneDrive\Documents\sts\driver drowsiness detction hybrid\mouth\yawn\2097.jpg,1,Yawn,
C:\Users\dell\OneDrive\Documents\sts\driver drowsiness detction hybrid\mouth\yawn\24.jpg,1,Yawn,
C:\Users\dell\OneDrive\Documents\sts\driver drowsiness detction hybrid\mouth\no yawn\4180.jpg,0,No Yawn,
C:\Users\dell\OneDrive\Documents\sts\driver drowsiness detction hybrid\mouth\yawn\1939.jpg,1,Yawn,
C:\Users\dell\OneDrive\Documents\sts\driver drowsiness detction hybrid\mouth\no yawn\3549.jpg,0,No Yawn,
C:\Users\dell\OneDrive\Documents\sts\driver drowsiness detction hybrid\mouth\no yawn\5480.jpg,0,No Yawn,
C:\Users\dell\OneDrive\Documents\sts\driver drowsiness detction hybrid\mouth\yawn\671.jpg,1,Yawn,
C:\Users\dell\OneDrive\Documents\sts\driver drowsiness detction hybrid\mouth\yawn\1215.jpg,1,Yawn,
C:\Users\dell\OneDrive\Documents\sts\driver drowsiness detction hybrid\mouth\no yawn\3820.jpg,0,No Yawn,
C:\Users\dell\OneDrive\Documents\sts\driver drowsiness detction hybrid\mouth\no yawn\3658.jpg,0,No Yawn,
C:\Users\dell\OneDrive\Documents\sts\driver drowsiness detction hybrid\mouth\no yawn\2809.jpg,0,No Yawn,
C:\Users\dell\OneDrive\Documents\sts\driver drowsiness detction hybrid\mouth\no yawn\5038.jpg,0,No Yawn,
C:\Users\dell\OneDrive\Documents\sts\driver drowsiness detction hybrid\mouth\no yawn\3507.jpg,0,No Yawn,
C:\Users\dell\OneDrive\Documents\sts\driver drowsiness detction hybrid\mouth\no yawn\3142.jpg,0,No Yawn,
C:\Users\dell\OneDrive\Documents\sts\driver drowsiness detction hybrid\mouth\no yawn\3324.jpg,0,No Yawn,
C:\Users\dell\OneDrive\Documents\sts\driver drowsiness detction hybrid\mouth\no yawn\2802.jpg,0,No Yawn,
C:\Users\dell\OneDrive\Documents\sts\driver drowsiness detction hybrid\mouth\yawn\2156.jpg,1,Yawn,
C:\Users\dell\OneDrive\Documents\sts\driver drowsiness detction hybrid\mouth\no yawn\4653.jpg,0,No Yawn,
C:\Users\dell\OneDrive\Documents\sts\driver drowsiness detction hybrid\mouth\yawn\414.jpg,1,Yawn,
C:\Users\dell\OneDrive\Documents\sts\driver drowsiness detction hybrid\mouth\no yawn\5522.jpg,0,No Yawn,
C:\Users\dell\OneDrive\Documents\sts\driver drowsiness detction hybrid\mouth\yawn\570.jpg,1,Yawn,
C:\Users\dell\OneDrive\Documents\sts\driver drowsiness detction hybrid\mouth\no yawn\5303.jpg,0,No Yawn,
C:\Users\dell\OneDrive\Documents\sts\driver drowsiness detction hybrid\mouth\no yawn\4759.jpg,0,No Yawn,
C:\Users\dell\OneDrive\Documents\sts\driver drowsiness detction hybrid\mouth\yawn\774.jpg,1,Yawn,
C:\Users\dell\OneDrive\Documents\sts\driver drowsiness detction hybrid\mouth\no yawn\5371.jpg,0,No Yawn,
C:\Users\dell\OneDrive\Documents\sts\driver drowsiness detction hybrid\mouth\yawn\765.jpg,1,Yawn,
C:\Users\dell\OneDrive\Documents\sts\driver drowsiness detction hybrid\mouth\yawn\1979.jpg,1,Yawn,
C:\Users\dell\OneDrive\Documents\sts\driver drowsiness detction hybrid\mouth\yawn\1177.jpg,1,Yawn,
C:\Users\dell\OneDrive\Documents\sts\driver drowsiness detction hybrid\mouth\no yawn\2843.jpg,0,No Yawn,
C:\Users\dell\OneDrive\Documents\sts\driver drowsiness detction hybrid\mouth\no yawn\5182.jpg,0,No Yawn,
C:\Users\dell\OneDrive\Documents\sts\driver drowsiness detction hybrid\mouth\no yawn\4102.jpg,0,No Yawn,
C:\Users\dell\OneDrive\Documents\sts\driver drowsiness detction hybrid\mouth\yawn\1102.jpg,1,Yawn,
C:\Users\dell\OneDrive\Documents\sts\driver drowsiness detction hybrid\mouth\yawn\60.jpg,1,Yawn,
C:\Users\dell\OneDrive\Documents\sts\driver drowsiness detction hybrid\mouth\no yawn\5268.jpg,0,No Yawn,
C:\Users\dell\OneDrive\Documents\sts\driver drowsiness detction hybrid\mouth\yawn\2481.jpg,1,Yawn,
C:\Users\dell\OneDrive\Documents\sts\driver drowsiness detction hybrid\mouth\yawn\1778.jpg,1,Yawn,
C:\Users\dell\OneDrive\Documents\sts\driver drowsiness detction hybrid\mouth\yawn\430.jpg,1,Yawn,
C:\Users\dell\OneDrive\Documents\sts\driver drowsiness detction hybrid\mouth\yawn\2086.jpg,1,Yawn,
C:\Users\dell\OneDrive\Documents\sts\driver drowsiness detction hybrid\mouth\no yawn\3707.jpg,0,No Yawn,
C:\Users\dell\OneDrive\Documents\sts\driver drowsiness detction hybrid\mouth\yawn\432.jpg,1,Yawn,
C:\Users\dell\OneDrive\Documents\sts\driver drowsiness detction hybrid\mouth\yawn\171.jpg,1,Yawn,
C:\Users\dell\OneDrive\Documents\sts\driver drowsiness detction hybrid\mouth\no yawn\4636.jpg,0,No Yawn,
C:\Users\dell\OneDrive\Documents\sts\driver drowsiness detction hybrid\mouth\yawn\2400.jpg,1,Yawn,
C:\Users\dell\OneDrive\Documents\sts\driver drowsiness detction hybrid\mouth\yawn\2223.jpg,1,Yawn,
C:\Users\dell\OneDrive\Documents\sts\driver drowsiness detction hybrid\mouth\yawn\1966.jpg,1,Yawn,
C:\Users\dell\OneDrive\Documents\sts\driver drowsiness detction hybrid\mouth\no yawn\3837.jpg,0,No Yawn,
C:\Users\dell\OneDrive\Documents\sts\driver drowsiness detction hybrid\mouth\no yawn\3672.jpg,0,No Yawn,
C:\Users\dell\OneDrive\Documents\sts\driver drowsiness detction hybrid\mouth\yawn\1325.jpg,1,Yawn,
C:\Users\dell\OneDrive\Documents\sts\driver drowsiness detction hybrid\mouth\yawn\438.jpg,1,Yawn,
C:\Users\dell\OneDrive\Documents\sts\driver drowsiness detction hybrid\mouth\yawn\1279.jpg,1,Yawn,
C:\Users\dell\OneDrive\Documents\sts\driver drowsiness detction hybrid\mouth\no yawn\4542.jpg,0,No Yawn,
C:\Users\dell\OneDrive\Documents\sts\driver drowsiness detction hybrid\mouth\no yawn\4645.jpg,0,No Yawn,
C:\Users\dell\OneDrive\Documents\sts\driver drowsiness detction hybrid\mouth\no yawn\4178.jpg,0,No Yawn,
C:\Users\dell\OneDrive\Documents\sts\driver drowsiness detction hybrid\mouth\yawn\1552.jpg,1,Yawn,
C:\Users\dell\OneDrive\Documents\sts\driver drowsiness detction hybrid\mouth\yawn\2496.jpg,1,Yawn,
C:\Users\dell\OneDrive\Documents\sts\driver drowsiness detction hybrid\mouth\no yawn\4664.jpg,0,No Yawn,
C:\Users\dell\OneDrive\Documents\sts\driver drowsiness detction hybrid\mouth\yawn\1040.jpg,1,Yawn,
C:\Users\dell\OneDrive\Documents\sts\driver drowsiness detction hybrid\mouth\no yawn\5487.jpg,0,No Yawn,
C:\Users\dell\OneDrive\Documents\sts\driver drowsiness detction hybrid\mouth\yawn\1360.jpg,1,Yawn,
C:\Users\dell\OneDrive\Documents\sts\driver drowsiness detction hybrid\mouth\no yawn\2933.jpg,0,No Yawn,
C:\Users\dell\OneDrive\Documents\sts\driver drowsiness detction hybrid\mouth\no yawn\3971.jpg,0,No Yawn,
C:\Users\dell\OneDrive\Documents\sts\driver drowsiness detction hybrid\mouth\no yawn\4869.jpg,0,No Yawn,
C:\Users\dell\OneDrive\Documents\sts\driver drowsiness detction hybrid\mouth\yawn\1636.jpg,1,Yawn,
C:\Users\dell\OneDrive\Documents\sts\driver drowsiness detction hybrid\mouth\yawn\477.jpg,1,Yawn,
C:\Users\dell\OneDrive\Documents\sts\driver drowsiness detction hybrid\mouth\yawn\2350.jpg,1,Yawn,
C:\Users\dell\OneDrive\Documents\sts\driver drowsiness detction hybrid\mouth\yawn\1330.jpg,1,Yawn,
C:\Users\dell\OneDrive\Documents\sts\driver drowsiness detction hybrid\mouth\yawn\739.jpg,1,Yawn,
C:\Users\dell\OneDrive\Documents\sts\driver drowsiness detction hybrid\mouth\no yawn\3807.jpg,0,No Yawn,
C:\Users\dell\OneDrive\Documents\sts\driver drowsiness detction hybrid\mouth\yawn\1785.jpg,1,Yawn,
C:\Users\dell\OneDrive\Documents\sts\driver drowsiness detction hybrid\mouth\no yawn\4736.jpg,0,No Yawn,
C:\Users\dell\OneDrive\Documents\sts\driver drowsiness detction hybrid\mouth\yawn\1892.jpg,1,Yawn,
C:\Users\dell\OneDrive\Documents\sts\driver drowsiness detction hybrid\mouth\no yawn\3633.jpg,0,No Yawn,
C:\Users\dell\OneDrive\Documents\sts\driver drowsiness detction hybrid\mouth\no yawn\4030.jpg,0,No Yawn,
C:\Users\dell\OneDrive\Documents\sts\driver drowsiness detction hybrid\mouth\yawn\1986.jpg,1,Yawn,
C:\Users\dell\OneDrive\Documents\sts\driver drowsiness detction hybrid\mouth\no yawn\4827.jpg,0,No Yawn,
C:\Users\dell\OneDrive\Documents\sts\driver drowsiness detction hybrid\mouth\yawn\233.jpg,1,Yawn,
C:\Users\dell\OneDrive\Documents\sts\driver drowsiness detction hybrid\mouth\yawn\2362.jpg,1,Yawn,
C:\Users\dell\OneDrive\Documents\sts\driver drowsiness detction hybrid\mouth\yawn\532.jpg,1,Yawn,
C:\Users\dell\OneDrive\Documents\sts\driver drowsiness detction hybrid\mouth\yawn\1943.jpg,1,Yawn,
C:\Users\dell\OneDrive\Documents\sts\driver drowsiness detction hybrid\mouth\no yawn\2831.jpg,0,No Yawn,
C:\Users\dell\OneDrive\Documents\sts\driver drowsiness detction hybrid\mouth\yawn\1545.jpg,1,Yawn,
C:\Users\dell\OneDrive\Documents\sts\driver drowsiness detction hybrid\mouth\no yawn\4357.jpg,0,No Yawn,
C:\Users\dell\OneDrive\Documents\sts\driver drowsiness detction hybrid\mouth\no yawn\4975.jpg,0,No Yawn,
C:\Users\dell\OneDrive\Documents\sts\driver drowsiness detction hybrid\mouth\no yawn\3209.jpg,0,No Yawn,
C:\Users\dell\OneDrive\Documents\sts\driver drowsiness detction hybrid\mouth\no yawn\5124.jpg,0,No Yawn,
C:\Users\dell\OneDrive\Documents\sts\driver drowsiness detction hybrid\mouth\no yawn\5178.jpg,0,No Yawn,
C:\Users\dell\OneDrive\Documents\sts\driver drowsiness detction hybrid\mouth\yawn\135.jpg,1,Yawn,
C:\Users\dell\OneDrive\Documents\sts\driver drowsiness detction hybrid\mouth\yawn\1461.jpg,1,Yawn,
C:\Users\dell\OneDrive\Documents\sts\driver drowsiness detction hybrid\mouth\yawn\1327.jpg,1,Yawn,
C:\Users\dell\OneDrive\Documents\sts\driver drowsiness detction hybrid\mouth\yawn\547.jpg,1,Yawn,
C:\Users\dell\OneDrive\Documents\sts\driver drowsiness detction hybrid\mouth\no yawn\2774.jpg,0,No Yawn,
C:\Users\dell\OneDrive\Documents\sts\driver drowsiness detction hybrid\mouth\yawn\200.jpg,1,Yawn,
C:\Users\dell\OneDrive\Documents\sts\driver drowsiness detction hybrid\mouth\yawn\1588.jpg,1,Yawn,
C:\Users\dell\OneDrive\Documents\sts\driver drowsiness detction hybrid\mouth\no yawn\5292.jpg,0,No Yawn,
C:\Users\dell\OneDrive\Documents\sts\driver drowsiness detction hybrid\mouth\yawn\94.jpg,1,Yawn,
C:\Users\dell\OneDrive\Documents\sts\driver drowsiness detction hybrid\mouth\yawn\2443.jpg,1,Yawn,
C:\Users\dell\OneDrive\Documents\sts\driver drowsiness detction hybrid\mouth\no yawn\4136.jpg,0,No Yawn,
C:\Users\dell\OneDrive\Documents\sts\driver drowsiness detction hybrid\mouth\no yawn\4189.jpg,0,No Yawn,
C:\Users\dell\OneDrive\Documents\sts\driver drowsiness detction hybrid\mouth\no yawn\4384.jpg,0,No Yawn,
C:\Users\dell\OneDrive\Documents\sts\driver drowsiness detction hybrid\mouth\no yawn\2936.jpg,0,No Yawn,
C:\Users\dell\OneDrive\Documents\sts\driver drowsiness detction hybrid\mouth\no yawn\4697.jpg,0,No Yawn,
C:\Users\dell\OneDrive\Documents\sts\driver drowsiness detction hybrid\mouth\no yawn\3536.jpg,0,No Yawn,
C:\Users\dell\OneDrive\Documents\sts\driver drowsiness detction hybrid\mouth\no yawn\5098.jpg,0,No Yawn,
C:\Users\dell\OneDrive\Documents\sts\driver drowsiness detction hybrid\mouth\no yawn\5411.jpg,0,No Yawn,
C:\Users\dell\OneDrive\Documents\sts\driver drowsiness detction hybrid\mouth\yawn\892.jpg,1,Yawn,
C:\Users\dell\OneDrive\Documents\sts\driver drowsiness detction hybrid\mouth\no yawn\4312.jpg,0,No Yawn,
C:\Users\dell\OneDrive\Documents\sts\driver drowsiness detction hybrid\mouth\no yawn\4245.jpg,0,No Yawn,
C:\Users\dell\OneDrive\Documents\sts\driver drowsiness detction hybrid\mouth\no yawn\3357.jpg,0,No Yawn,
C:\Users\dell\OneDrive\Documents\sts\driver drowsiness detction hybrid\mouth\no yawn\3119.jpg,0,No Yawn,
C:\Users\dell\OneDrive\Documents\sts\driver drowsiness detction hybrid\mouth\yawn\2594.jpg,1,Yawn,
C:\Users\dell\OneDrive\Documents\sts\driver drowsiness detction hybrid\mouth\no yawn\5170.jpg,0,No Yawn,
C:\Users\dell\OneDrive\Documents\sts\driver drowsiness detction hybrid\mouth\no yawn\4340.jpg,0,No Yawn,
C:\Users\dell\OneDrive\Documents\sts\driver drowsiness detction hybrid\mouth\no yawn\5159.jpg,0,No Yawn,
C:\Users\dell\OneDrive\Documents\sts\driver drowsiness detction hybrid\mouth\yawn\2310.jpg,1,Yawn,
C:\Users\dell\OneDrive\Documents\sts\driver drowsiness detction hybrid\mouth\no yawn\5287.jpg,0,No Yawn,
C:\Users\dell\OneDrive\Documents\sts\driver drowsiness detction hybrid\mouth\no yawn\4236.jpg,0,No Yawn,
C:\Users\dell\OneDrive\Documents\sts\driver drowsiness detction hybrid\mouth\yawn\2016.jpg,1,Yawn,
C:\Users\dell\OneDrive\Documents\sts\driver drowsiness detction hybrid\mouth\no yawn\3229.jpg,0,No Yawn,
C:\Users\dell\OneDrive\Documents\sts\driver drowsiness detction hybrid\mouth\no yawn\4985.jpg,0,No Yawn,
C:\Users\dell\OneDrive\Documents\sts\driver drowsiness detction hybrid\mouth\no yawn\5468.jpg,0,No Yawn,
C:\Users\dell\OneDrive\Documents\sts\driver drowsiness detction hybrid\mouth\yawn\121.jpg,1,Yawn,
C:\Users\dell\OneDrive\Documents\sts\driver drowsiness detction hybrid\mouth\no yawn\3526.jpg,0,No Yawn,
C:\Users\dell\OneDrive\Documents\sts\driver drowsiness detction hybrid\mouth\yawn\2225.jpg,1,Yawn,
C:\Users\dell\OneDrive\Documents\sts\driver drowsiness detction hybrid\mouth\yawn\1817.jpg,1,Yawn,
C:\Users\dell\OneDrive\Documents\sts\driver drowsiness detction hybrid\mouth\no yawn\2790.jpg,0,No Yawn,
C:\Users\dell\OneDrive\Documents\sts\driver drowsiness detction hybrid\mouth\no yawn\4593.jpg,0,No Yawn,
C:\Users\dell\OneDrive\Documents\sts\driver drowsiness detction hybrid\mouth\yawn\1326.jpg,1,Yawn,
C:\Users\dell\OneDrive\Documents\sts\driver drowsiness detction hybrid\mouth\no yawn\3718.jpg,0,No Yawn,
C:\Users\dell\OneDrive\Documents\sts\driver drowsiness detction hybrid\mouth\yawn\383.jpg,1,Yawn,
C:\Users\dell\OneDrive\Documents\sts\driver drowsiness detction hybrid\mouth\yawn\1350.jpg,1,Yawn,
C:\Users\dell\OneDrive\Documents\sts\driver drowsiness detction hybrid\mouth\yawn\72.jpg,1,Yawn,
C:\Users\dell\OneDrive\Documents\sts\driver drowsiness detction hybrid\mouth\no yawn\4195.jpg,0,No Yawn,
C:\Users\dell\OneDrive\Documents\sts\driver drowsiness detction hybrid\mouth\no yawn\2797.jpg,0,No Yawn,
C:\Users\dell\OneDrive\Documents\sts\driver drowsiness detction hybrid\mouth\no yawn\3911.jpg,0,No Yawn,
C:\Users\dell\OneDrive\Documents\sts\driver drowsiness detction hybrid\mouth\no yawn\3668.jpg,0,No Yawn,
C:\Users\dell\OneDrive\Documents\sts\driver drowsiness detction hybrid\mouth\yawn\350.jpg,1,Yawn,
C:\Users\dell\OneDrive\Documents\sts\driver drowsiness detction hybrid\mouth\yawn\167.jpg,1,Yawn,
C:\Users\dell\OneDrive\Documents\sts\driver drowsiness detction hybrid\mouth\no yawn\3133.jpg,0,No Yawn,
C:\Users\dell\OneDrive\Documents\sts\driver drowsiness detction hybrid\mouth\yawn\1153.jpg,1,Yawn,
C:\Users\dell\OneDrive\Documents\sts\driver drowsiness detction hybrid\mouth\yawn\2683.jpg,1,Yawn,
C:\Users\dell\OneDrive\Documents\sts\driver drowsiness detction hybrid\mouth\no yawn\5177.jpg,0,No Yawn,
C:\Users\dell\OneDrive\Documents\sts\driver drowsiness detction hybrid\mouth\no yawn\3599.jpg,0,No Yawn,
C:\Users\dell\OneDrive\Documents\sts\driver drowsiness detction hybrid\mouth\no yawn\3115.jpg,0,No Yawn,
C:\Users\dell\OneDrive\Documents\sts\driver drowsiness detction hybrid\mouth\yawn\401.jpg,1,Yawn,
C:\Users\dell\OneDrive\Documents\sts\driver drowsiness detction hybrid\mouth\no yawn\5226.jpg,0,No Yawn,
C:\Users\dell\OneDrive\Documents\sts\driver drowsiness detction hybrid\mouth\yawn\2396.jpg,1,Yawn,
C:\Users\dell\OneDrive\Documents\sts\driver drowsiness detction hybrid\mouth\no yawn\3735.jpg,0,No Yawn,
C:\Users\dell\OneDrive\Documents\sts\driver drowsiness detction hybrid\mouth\no yawn\5108.jpg,0,No Yawn,
C:\Users\dell\OneDrive\Documents\sts\driver drowsiness detction hybrid\mouth\yawn\1871.jpg,1,Yawn,
C:\Users\dell\OneDrive\Documents\sts\driver drowsiness detction hybrid\mouth\no yawn\3700.jpg,0,No Yawn,
C:\Users\dell\OneDrive\Documents\sts\driver drowsiness detction hybrid\mouth\no yawn\2951.jpg,0,No Yawn,
C:\Users\dell\OneDrive\Documents\sts\driver drowsiness detction hybrid\mouth\yawn\1407.jpg,1,Yawn,
C:\Users\dell\OneDrive\Documents\sts\driver drowsiness detction hybrid\mouth\yawn\2065.jpg,1,Yawn,
C:\Users\dell\OneDrive\Documents\sts\driver drowsiness detction hybrid\mouth\no yawn\5128.jpg,0,No Yawn,
C:\Users\dell\OneDrive\Documents\sts\driver drowsiness detction hybrid\mouth\yawn\2108.jpg,1,Yawn,
C:\Users\dell\OneDrive\Documents\sts\driver drowsiness detction hybrid\mouth\no yawn\5340.jpg,0,No Yawn,
C:\Users\dell\OneDrive\Documents\sts\driver drowsiness detction hybrid\mouth\no yawn\3249.jpg,0,No Yawn,
C:\Users\dell\OneDrive\Documents\sts\driver drowsiness detction hybrid\mouth\yawn\796.jpg,1,Yawn,
C:\Users\dell\OneDrive\Documents\sts\driver drowsiness detction hybrid\mouth\yawn\2520.jpg,1,Yawn,
C:\Users\dell\OneDrive\Documents\sts\driver drowsiness detction hybrid\mouth\no yawn\5516.jpg,0,No Yawn,
C:\Users\dell\OneDrive\Documents\sts\driver drowsiness detction hybrid\mouth\no yawn\4257.jpg,0,No Yawn,
C:\Users\dell\OneDrive\Documents\sts\driver drowsiness detction hybrid\mouth\no yawn\4526.jpg,0,No Yawn,
C:\Users\dell\OneDrive\Documents\sts\driver drowsiness detction hybrid\mouth\no yawn\3636.jpg,0,No Yawn,
C:\Users\dell\OneDrive\Documents\sts\driver drowsiness detction hybrid\mouth\no yawn\4139.jpg,0,No Yawn,
C:\Users\dell\OneDrive\Documents\sts\driver drowsiness detction hybrid\mouth\yawn\493.jpg,1,Yawn,
C:\Users\dell\OneDrive\Documents\sts\driver drowsiness detction hybrid\mouth\yawn\1412.jpg,1,Yawn,
C:\Users\dell\OneDrive\Documents\sts\driver drowsiness detction hybrid\mouth\yawn\619.jpg,1,Yawn,
C:\Users\dell\OneDrive\Documents\sts\driver drowsiness detction hybrid\mouth\no yawn\3525.jpg,0,No Yawn,
C:\Users\dell\OneDrive\Documents\sts\driver drowsiness detction hybrid\mouth\yawn\32.jpg,1,Yawn,
C:\Users\dell\OneDrive\Documents\sts\driver drowsiness detction hybrid\mouth\yawn\209.jpg,1,Yawn,
C:\Users\dell\OneDrive\Documents\sts\driver drowsiness detction hybrid\mouth\no yawn\3461.jpg,0,No Yawn,
C:\Users\dell\OneDrive\Documents\sts\driver drowsiness detction hybrid\mouth\no yawn\5328.jpg,0,No Yawn,
C:\Users\dell\OneDrive\Documents\sts\driver drowsiness detction hybrid\mouth\no yawn\3039.jpg,0,No Yawn,
C:\Users\dell\OneDrive\Documents\sts\driver drowsiness detction hybrid\mouth\no yawn\3584.jpg,0,No Yawn,
C:\Users\dell\OneDrive\Documents\sts\driver drowsiness detction hybrid\mouth\no yawn\4200.jpg,0,No Yawn,
C:\Users\dell\OneDrive\Documents\sts\driver drowsiness detction hybrid\mouth\yawn\987.jpg,1,Yawn,
C:\Users\dell\OneDrive\Documents\sts\driver drowsiness detction hybrid\mouth\yawn\1189.jpg,1,Yawn,
C:\Users\dell\OneDrive\Documents\sts\driver drowsiness detction hybrid\mouth\no yawn\4344.jpg,0,No Yawn,
C:\Users\dell\OneDrive\Documents\sts\driver drowsiness detction hybrid\mouth\no yawn\4726.jpg,0,No Yawn,
C:\Users\dell\OneDrive\Documents\sts\driver drowsiness detction hybrid\mouth\no yawn\4728.jpg,0,No Yawn,
C:\Users\dell\OneDrive\Documents\sts\driver drowsiness detction hybrid\mouth\yawn\1869.jpg,1,Yawn,
C:\Users\dell\OneDrive\Documents\sts\driver drowsiness detction hybrid\mouth\no yawn\4353.jpg,0,No Yawn,
C:\Users\dell\OneDrive\Documents\sts\driver drowsiness detction hybrid\mouth\yawn\2615.jpg,1,Yawn,
C:\Users\dell\OneDrive\Documents\sts\driver drowsiness detction hybrid\mouth\yawn\2340.jpg,1,Yawn,
C:\Users\dell\OneDrive\Documents\sts\driver drowsiness detction hybrid\mouth\no yawn\5400.jpg,0,No Yawn,
C:\Users\dell\OneDrive\Documents\sts\driver drowsiness detction hybrid\mouth\yawn\20.jpg,1,Yawn,
C:\Users\dell\OneDrive\Documents\sts\driver drowsiness detction hybrid\mouth\yawn\1906.jpg,1,Yawn,
C:\Users\dell\OneDrive\Documents\sts\driver drowsiness detction hybrid\mouth\yawn\1165.jpg,1,Yawn,
C:\Users\dell\OneDrive\Documents\sts\driver drowsiness detction hybrid\mouth\yawn\2491.jpg,1,Yawn,
C:\Users\dell\OneDrive\Documents\sts\driver drowsiness detction hybrid\mouth\yawn\2183.jpg,1,Yawn,
C:\Users\dell\OneDrive\Documents\sts\driver drowsiness detction hybrid\mouth\no yawn\4303.jpg,0,No Yawn,
C:\Users\dell\OneDrive\Documents\sts\driver drowsiness detction hybrid\mouth\no yawn\4939.jpg,0,No Yawn,
C:\Users\dell\OneDrive\Documents\sts\driver drowsiness detction hybrid\mouth\yawn\2654.jpg,1,Yawn,
C:\Users\dell\OneDrive\Documents\sts\driver drowsiness detction hybrid\mouth\no yawn\5382.jpg,0,No Yawn,
C:\Users\dell\OneDrive\Documents\sts\driver drowsiness detction hybrid\mouth\yawn\192.jpg,1,Yawn,
C:\Users\dell\OneDrive\Documents\sts\driver drowsiness detction hybrid\mouth\yawn\605.jpg,1,Yawn,
C:\Users\dell\OneDrive\Documents\sts\driver drowsiness detction hybrid\mouth\yawn\824.jpg,1,Yawn,
C:\Users\dell\OneDrive\Documents\sts\driver drowsiness detction hybrid\mouth\yawn\53.jpg,1,Yawn,
C:\Users\dell\OneDrive\Documents\sts\driver drowsiness detction hybrid\mouth\no yawn\3042.jpg,0,No Yawn,
C:\Users\dell\OneDrive\Documents\sts\driver drowsiness detction hybrid\mouth\no yawn\4265.jpg,0,No Yawn,
C:\Users\dell\OneDrive\Documents\sts\driver drowsiness detction hybrid\mouth\yawn\617.jpg,1,Yawn,
C:\Users\dell\OneDrive\Documents\sts\driver drowsiness detction hybrid\mouth\yawn\1533.jpg,1,Yawn,
C:\Users\dell\OneDrive\Documents\sts\driver drowsiness detction hybrid\mouth\yawn\818.jpg,1,Yawn,
C:\Users\dell\OneDrive\Documents\sts\driver drowsiness detction hybrid\mouth\no yawn\3412.jpg,0,No Yawn,
C:\Users\dell\OneDrive\Documents\sts\driver drowsiness detction hybrid\mouth\yawn\1428.jpg,1,Yawn,
C:\Users\dell\OneDrive\Documents\sts\driver drowsiness detction hybrid\mouth\yawn\886.jpg,1,Yawn,
C:\Users\dell\OneDrive\Documents\sts\driver drowsiness detction hybrid\mouth\yawn\1301.jpg,1,Yawn,
C:\Users\dell\OneDrive\Documents\sts\driver drowsiness detction hybrid\mouth\no yawn\5425.jpg,0,No Yawn,
C:\Users\dell\OneDrive\Documents\sts\driver drowsiness detction hybrid\mouth\yawn\89.jpg,1,Yawn,
C:\Users\dell\OneDrive\Documents\sts\driver drowsiness detction hybrid\mouth\yawn\1524.jpg,1,Yawn,
C:\Users\dell\OneDrive\Documents\sts\driver drowsiness detction hybrid\mouth\yawn\1244.jpg,1,Yawn,
C:\Users\dell\OneDrive\Documents\sts\driver drowsiness detction hybrid\mouth\no yawn\4707.jpg,0,No Yawn,
C:\Users\dell\OneDrive\Documents\sts\driver drowsiness detction hybrid\mouth\no yawn\4705.jpg,0,No Yawn,
C:\Users\dell\OneDrive\Documents\sts\driver drowsiness detction hybrid\mouth\no yawn\2784.jpg,0,No Yawn,
C:\Users\dell\OneDrive\Documents\sts\driver drowsiness detction hybrid\mouth\yawn\424.jpg,1,Yawn,
C:\Users\dell\OneDrive\Documents\sts\driver drowsiness detction hybrid\mouth\yawn\1110.jpg,1,Yawn,
C:\Users\dell\OneDrive\Documents\sts\driver drowsiness detction hybrid\mouth\yawn\285.jpg,1,Yawn,
C:\Users\dell\OneDrive\Documents\sts\driver drowsiness detction hybrid\mouth\no yawn\5136.jpg,0,No Yawn,
C:\Users\dell\OneDrive\Documents\sts\driver drowsiness detction hybrid\mouth\no yawn\4282.jpg,0,No Yawn,
C:\Users\dell\OneDrive\Documents\sts\driver drowsiness detction hybrid\mouth\no yawn\5405.jpg,0,No Yawn,
C:\Users\dell\OneDrive\Documents\sts\driver drowsiness detction hybrid\mouth\no yawn\3296.jpg,0,No Yawn,
C:\Users\dell\OneDrive\Documents\sts\driver drowsiness detction hybrid\mouth\yawn\1808.jpg,1,Yawn,
C:\Users\dell\OneDrive\Documents\sts\driver drowsiness detction hybrid\mouth\no yawn\3970.jpg,0,No Yawn,
C:\Users\dell\OneDrive\Documents\sts\driver drowsiness detction hybrid\mouth\yawn\1546.jpg,1,Yawn,
C:\Users\dell\OneDrive\Documents\sts\driver drowsiness detction hybrid\mouth\no yawn\3733.jpg,0,No Yawn,
C:\Users\dell\OneDrive\Documents\sts\driver drowsiness detction hybrid\mouth\yawn\924.jpg,1,Yawn,
C:\Users\dell\OneDrive\Documents\sts\driver drowsiness detction hybrid\mouth\yawn\252.jpg,1,Yawn,
C:\Users\dell\OneDrive\Documents\sts\driver drowsiness detction hybrid\mouth\yawn\1243.jpg,1,Yawn,
C:\Users\dell\OneDrive\Documents\sts\driver drowsiness detction hybrid\mouth\yawn\80.jpg,1,Yawn,
C:\Users\dell\OneDrive\Documents\sts\driver drowsiness detction hybrid\mouth\no yawn\5273.jpg,0,No Yawn,
C:\Users\dell\OneDrive\Documents\sts\driver drowsiness detction hybrid\mouth\no yawn\3394.jpg,0,No Yawn,
C:\Users\dell\OneDrive\Documents\sts\driver drowsiness detction hybrid\mouth\yawn\1030.jpg,1,Yawn,
C:\Users\dell\OneDrive\Documents\sts\driver drowsiness detction hybrid\mouth\no yawn\4107.jpg,0,No Yawn,
C:\Users\dell\OneDrive\Documents\sts\driver drowsiness detction hybrid\mouth\yawn\423.jpg,1,Yawn,
C:\Users\dell\OneDrive\Documents\sts\driver drowsiness detction hybrid\mouth\yawn\207.jpg,1,Yawn,
C:\Users\dell\OneDrive\Documents\sts\driver drowsiness detction hybrid\mouth\no yawn\4181.jpg,0,No Yawn,
C:\Users\dell\OneDrive\Documents\sts\driver drowsiness detction hybrid\mouth\yawn\2294.jpg,1,Yawn,
C:\Users\dell\OneDrive\Documents\sts\driver drowsiness detction hybrid\mouth\no yawn\3347.jpg,0,No Yawn,
C:\Users\dell\OneDrive\Documents\sts\driver drowsiness detction hybrid\mouth\no yawn\4100.jpg,0,No Yawn,
C:\Users\dell\OneDrive\Documents\sts\driver drowsiness detction hybrid\mouth\no yawn\2885.jpg,0,No Yawn,
C:\Users\dell\OneDrive\Documents\sts\driver drowsiness detction hybrid\mouth\yawn\1935.jpg,1,Yawn,
C:\Users\dell\OneDrive\Documents\sts\driver drowsiness detction hybrid\mouth\yawn\279.jpg,1,Yawn,
C:\Users\dell\OneDrive\Documents\sts\driver drowsiness detction hybrid\mouth\no yawn\3493.jpg,0,No Yawn,
C:\Users\dell\OneDrive\Documents\sts\driver drowsiness detction hybrid\mouth\yawn\188.jpg,1,Yawn,
C:\Users\dell\OneDrive\Documents\sts\driver drowsiness detction hybrid\mouth\yawn\2280.jpg,1,Yawn,
C:\Users\dell\OneDrive\Documents\sts\driver drowsiness detction hybrid\mouth\yawn\2659.jpg,1,Yawn,
C:\Users\dell\OneDrive\Documents\sts\driver drowsiness detction hybrid\mouth\no yawn\5094.jpg,0,No Yawn,
C:\Users\dell\OneDrive\Documents\sts\driver drowsiness detction hybrid\mouth\no yawn\4838.jpg,0,No Yawn,
C:\Users\dell\OneDrive\Documents\sts\driver drowsiness detction hybrid\mouth\yawn\865.jpg,1,Yawn,
C:\Users\dell\OneDrive\Documents\sts\driver drowsiness detction hybrid\mouth\yawn\1276.jpg,1,Yawn,
C:\Users\dell\OneDrive\Documents\sts\driver drowsiness detction hybrid\mouth\no yawn\4549.jpg,0,No Yawn,
C:\Users\dell\OneDrive\Documents\sts\driver drowsiness detction hybrid\mouth\no yawn\4558.jpg,0,No Yawn,
C:\Users\dell\OneDrive\Documents\sts\driver drowsiness detction hybrid\mouth\no yawn\5269.jpg,0,No Yawn,
C:\Users\dell\OneDrive\Documents\sts\driver drowsiness detction hybrid\mouth\no yawn\2855.jpg,0,No Yawn,
C:\Users\dell\OneDrive\Documents\sts\driver drowsiness detction hybrid\mouth\no yawn\3616.jpg,0,No Yawn,
C:\Users\dell\OneDrive\Documents\sts\driver drowsiness detction hybrid\mouth\no yawn\4806.jpg,0,No Yawn,
C:\Users\dell\OneDrive\Documents\sts\driver drowsiness detction hybrid\mouth\yawn\2193.jpg,1,Yawn,
C:\Users\dell\OneDrive\Documents\sts\driver drowsiness detction hybrid\mouth\no yawn\5343.jpg,0,No Yawn,
C:\Users\dell\OneDrive\Documents\sts\driver drowsiness detction hybrid\mouth\yawn\1777.jpg,1,Yawn,
C:\Users\dell\OneDrive\Documents\sts\driver drowsiness detction hybrid\mouth\yawn\2566.jpg,1,Yawn,
C:\Users\dell\OneDrive\Documents\sts\driver drowsiness detction hybrid\mouth\yawn\1800.jpg,1,Yawn,
C:\Users\dell\OneDrive\Documents\sts\driver drowsiness detction hybrid\mouth\no yawn\4497.jpg,0,No Yawn,
C:\Users\dell\OneDrive\Documents\sts\driver drowsiness detction hybrid\mouth\yawn\1190.jpg,1,Yawn,
C:\Users\dell\OneDrive\Documents\sts\driver drowsiness detction hybrid\mouth\yawn\2165.jpg,1,Yawn,
C:\Users\dell\OneDrive\Documents\sts\driver drowsiness detction hybrid\mouth\yawn\428.jpg,1,Yawn,
C:\Users\dell\OneDrive\Documents\sts\driver drowsiness detction hybrid\mouth\no yawn\3233.jpg,0,No Yawn,
C:\Users\dell\OneDrive\Documents\sts\driver drowsiness detction hybrid\mouth\yawn\2312.jpg,1,Yawn,
C:\Users\dell\OneDrive\Documents\sts\driver drowsiness detction hybrid\mouth\yawn\1927.jpg,1,Yawn,
C:\Users\dell\OneDrive\Documents\sts\driver drowsiness detction hybrid\mouth\no yawn\4913.jpg,0,No Yawn,
C:\Users\dell\OneDrive\Documents\sts\driver drowsiness detction hybrid\mouth\no yawn\5009.jpg,0,No Yawn,
C:\Users\dell\OneDrive\Documents\sts\driver drowsiness detction hybrid\mouth\yawn\116.jpg,1,Yawn,
C:\Users\dell\OneDrive\Documents\sts\driver drowsiness detction hybrid\mouth\yawn\2392.jpg,1,Yawn,
C:\Users\dell\OneDrive\Documents\sts\driver drowsiness detction hybrid\mouth\yawn\1007.jpg,1,Yawn,
C:\Users\dell\OneDrive\Documents\sts\driver drowsiness detction hybrid\mouth\no yawn\4857.jpg,0,No Yawn,
C:\Users\dell\OneDrive\Documents\sts\driver drowsiness detction hybrid\mouth\yawn\213.jpg,1,Yawn,
C:\Users\dell\OneDrive\Documents\sts\driver drowsiness detction hybrid\mouth\yawn\50.jpg,1,Yawn,
C:\Users\dell\OneDrive\Documents\sts\driver drowsiness detction hybrid\mouth\no yawn\5463.jpg,0,No Yawn,
C:\Users\dell\OneDrive\Documents\sts\driver drowsiness detction hybrid\mouth\yawn\2367.jpg,1,Yawn,
C:\Users\dell\OneDrive\Documents\sts\driver drowsiness detction hybrid\mouth\no yawn\4543.jpg,0,No Yawn,
C:\Users\dell\OneDrive\Documents\sts\driver drowsiness detction hybrid\mouth\no yawn\5238.jpg,0,No Yawn,
C:\Users\dell\OneDrive\Documents\sts\driver drowsiness detction hybrid\mouth\no yawn\3329.jpg,0,No Yawn,
C:\Users\dell\OneDrive\Documents\sts\driver drowsiness detction hybrid\mouth\no yawn\3091.jpg,0,No Yawn,
C:\Users\dell\OneDrive\Documents\sts\driver drowsiness detction hybrid\mouth\yawn\1753.jpg,1,Yawn,
C:\Users\dell\OneDrive\Documents\sts\driver drowsiness detction hybrid\mouth\no yawn\4505.jpg,0,No Yawn,
C:\Users\dell\OneDrive\Documents\sts\driver drowsiness detction hybrid\mouth\yawn\1688.jpg,1,Yawn,
C:\Users\dell\OneDrive\Documents\sts\driver drowsiness detction hybrid\mouth\yawn\2435.jpg,1,Yawn,
C:\Users\dell\OneDrive\Documents\sts\driver drowsiness detction hybrid\mouth\yawn\140.jpg,1,Yawn,
C:\Users\dell\OneDrive\Documents\sts\driver drowsiness detction hybrid\mouth\no yawn\5245.jpg,0,No Yawn,
C:\Users\dell\OneDrive\Documents\sts\driver drowsiness detction hybrid\mouth\no yawn\3816.jpg,0,No Yawn,
C:\Users\dell\OneDrive\Documents\sts\driver drowsiness detction hybrid\mouth\no yawn\4075.jpg,0,No Yawn,
C:\Users\dell\OneDrive\Documents\sts\driver drowsiness detction hybrid\mouth\yawn\2681.jpg,1,Yawn,
C:\Users\dell\OneDrive\Documents\sts\driver drowsiness detction hybrid\mouth\yawn\823.jpg,1,Yawn,
C:\Users\dell\OneDrive\Documents\sts\driver drowsiness detction hybrid\mouth\no yawn\4863.jpg,0,No Yawn,
C:\Users\dell\OneDrive\Documents\sts\driver drowsiness detction hybrid\mouth\no yawn\3299.jpg,0,No Yawn,
C:\Users\dell\OneDrive\Documents\sts\driver drowsiness detction hybrid\mouth\no yawn\4777.jpg,0,No Yawn,
C:\Users\dell\OneDrive\Documents\sts\driver drowsiness detction hybrid\mouth\yawn\158.jpg,1,Yawn,
C:\Users\dell\OneDrive\Documents\sts\driver drowsiness detction hybrid\mouth\yawn\441.jpg,1,Yawn,
C:\Users\dell\OneDrive\Documents\sts\driver drowsiness detction hybrid\mouth\yawn\86.jpg,1,Yawn,
C:\Users\dell\OneDrive\Documents\sts\driver drowsiness detction hybrid\mouth\yawn\15.jpg,1,Yawn,
C:\Users\dell\OneDrive\Documents\sts\driver drowsiness detction hybrid\mouth\no yawn\4924.jpg,0,No Yawn,
C:\Users\dell\OneDrive\Documents\sts\driver drowsiness detction hybrid\mouth\no yawn\3607.jpg,0,No Yawn,
C:\Users\dell\OneDrive\Documents\sts\driver drowsiness detction hybrid\mouth\yawn\1037.jpg,1,Yawn,
C:\Users\dell\OneDrive\Documents\sts\driver drowsiness detction hybrid\mouth\yawn\1883.jpg,1,Yawn,
C:\Users\dell\OneDrive\Documents\sts\driver drowsiness detction hybrid\mouth\yawn\2556.jpg,1,Yawn,
C:\Users\dell\OneDrive\Documents\sts\driver drowsiness detction hybrid\mouth\yawn\421.jpg,1,Yawn,
C:\Users\dell\OneDrive\Documents\sts\driver drowsiness detction hybrid\mouth\no yawn\4266.jpg,0,No Yawn,
C:\Users\dell\OneDrive\Documents\sts\driver drowsiness detction hybrid\mouth\no yawn\3785.jpg,0,No Yawn,
C:\Users\dell\OneDrive\Documents\sts\driver drowsiness detction hybrid\mouth\yawn\1632.jpg,1,Yawn,
C:\Users\dell\OneDrive\Documents\sts\driver drowsiness detction hybrid\mouth\no yawn\4520.jpg,0,No Yawn,
C:\Users\dell\OneDrive\Documents\sts\driver drowsiness detction hybrid\mouth\no yawn\3557.jpg,0,No Yawn,
C:\Users\dell\OneDrive\Documents\sts\driver drowsiness detction hybrid\mouth\no yawn\3907.jpg,0,No Yawn,
C:\Users\dell\OneDrive\Documents\sts\driver drowsiness detction hybrid\mouth\yawn\705.jpg,1,Yawn,
C:\Users\dell\OneDrive\Documents\sts\driver drowsiness detction hybrid\mouth\yawn\1550.jpg,1,Yawn,
C:\Users\dell\OneDrive\Documents\sts\driver drowsiness detction hybrid\mouth\yawn\1365.jpg,1,Yawn,
C:\Users\dell\OneDrive\Documents\sts\driver drowsiness detction hybrid\mouth\yawn\307.jpg,1,Yawn,
C:\Users\dell\OneDrive\Documents\sts\driver drowsiness detction hybrid\mouth\yawn\2061.jpg,1,Yawn,
C:\Users\dell\OneDrive\Documents\sts\driver drowsiness detction hybrid\mouth\no yawn\3386.jpg,0,No Yawn,
C:\Users\dell\OneDrive\Documents\sts\driver drowsiness detction hybrid\mouth\no yawn\4725.jpg,0,No Yawn,
C:\Users\dell\OneDrive\Documents\sts\driver drowsiness detction hybrid\mouth\yawn\839.jpg,1,Yawn,
C:\Users\dell\OneDrive\Documents\sts\driver drowsiness detction hybrid\mouth\yawn\496.jpg,1,Yawn,
C:\Users\dell\OneDrive\Documents\sts\driver drowsiness detction hybrid\mouth\no yawn\4064.jpg,0,No Yawn,
C:\Users\dell\OneDrive\Documents\sts\driver drowsiness detction hybrid\mouth\no yawn\4274.jpg,0,No Yawn,
C:\Users\dell\OneDrive\Documents\sts\driver drowsiness detction hybrid\mouth\no yawn\4333.jpg,0,No Yawn,
C:\Users\dell\OneDrive\Documents\sts\driver drowsiness detction hybrid\mouth\no yawn\3859.jpg,0,No Yawn,
C:\Users\dell\OneDrive\Documents\sts\driver drowsiness detction hybrid\mouth\no yawn\3049.jpg,0,No Yawn,
C:\Users\dell\OneDrive\Documents\sts\driver drowsiness detction hybrid\mouth\yawn\2015.jpg,1,Yawn,
C:\Users\dell\OneDrive\Documents\sts\driver drowsiness detction hybrid\mouth\no yawn\4040.jpg,0,No Yawn,
C:\Users\dell\OneDrive\Documents\sts\driver drowsiness detction hybrid\mouth\yawn\1059.jpg,1,Yawn,
C:\Users\dell\OneDrive\Documents\sts\driver drowsiness detction hybrid\mouth\yawn\1996.jpg,1,Yawn,
C:\Users\dell\OneDrive\Documents\sts\driver drowsiness detction hybrid\mouth\yawn\138.jpg,1,Yawn,
C:\Users\dell\OneDrive\Documents\sts\driver drowsiness detction hybrid\mouth\yawn\690.jpg,1,Yawn,
C:\Users\dell\OneDrive\Documents\sts\driver drowsiness detction hybrid\mouth\yawn\1874.jpg,1,Yawn,
C:\Users\dell\OneDrive\Documents\sts\driver drowsiness detction hybrid\mouth\no yawn\5312.jpg,0,No Yawn,
C:\Users\dell\OneDrive\Documents\sts\driver drowsiness detction hybrid\mouth\yawn\1963.jpg,1,Yawn,
C:\Users\dell\OneDrive\Documents\sts\driver drowsiness detction hybrid\mouth\no yawn\3228.jpg,0,No Yawn,
C:\Users\dell\OneDrive\Documents\sts\driver drowsiness detction hybrid\mouth\yawn\1868.jpg,1,Yawn,
C:\Users\dell\OneDrive\Documents\sts\driver drowsiness detction hybrid\mouth\no yawn\2990.jpg,0,No Yawn,
C:\Users\dell\OneDrive\Documents\sts\driver drowsiness detction hybrid\mouth\no yawn\5472.jpg,0,No Yawn,
C:\Users\dell\OneDrive\Documents\sts\driver drowsiness detction hybrid\mouth\no yawn\3269.jpg,0,No Yawn,
C:\Users\dell\OneDrive\Documents\sts\driver drowsiness detction hybrid\mouth\no yawn\5082.jpg,0,No Yawn,
C:\Users\dell\OneDrive\Documents\sts\driver drowsiness detction hybrid\mouth\yawn\505.jpg,1,Yawn,
C:\Users\dell\OneDrive\Documents\sts\driver drowsiness detction hybrid\mouth\yawn\2365.jpg,1,Yawn,
C:\Users\dell\OneDrive\Documents\sts\driver drowsiness detction hybrid\mouth\no yawn\3809.jpg,0,No Yawn,
C:\Users\dell\OneDrive\Documents\sts\driver drowsiness detction hybrid\mouth\no yawn\4661.jpg,0,No Yawn,
C:\Users\dell\OneDrive\Documents\sts\driver drowsiness detction hybrid\mouth\yawn\1014.jpg,1,Yawn,
C:\Users\dell\OneDrive\Documents\sts\driver drowsiness detction hybrid\mouth\no yawn\3211.jpg,0,No Yawn,
C:\Users\dell\OneDrive\Documents\sts\driver drowsiness detction hybrid\mouth\no yawn\4134.jpg,0,No Yawn,
C:\Users\dell\OneDrive\Documents\sts\driver drowsiness detction hybrid\mouth\yawn\2174.jpg,1,Yawn,
C:\Users\dell\OneDrive\Documents\sts\driver drowsiness detction hybrid\mouth\no yawn\3046.jpg,0,No Yawn,
C:\Users\dell\OneDrive\Documents\sts\driver drowsiness detction hybrid\mouth\yawn\888.jpg,1,Yawn,
C:\Users\dell\OneDrive\Documents\sts\driver drowsiness detction hybrid\mouth\no yawn\4620.jpg,0,No Yawn,
C:\Users\dell\OneDrive\Documents\sts\driver drowsiness detction hybrid\mouth\yawn\1324.jpg,1,Yawn,
C:\Users\dell\OneDrive\Documents\sts\driver drowsiness detction hybrid\mouth\no yawn\5126.jpg,0,No Yawn,
C:\Users\dell\OneDrive\Documents\sts\driver drowsiness detction hybrid\mouth\no yawn\5508.jpg,0,No Yawn,
C:\Users\dell\OneDrive\Documents\sts\driver drowsiness detction hybrid\mouth\yawn\2743.jpg,1,Yawn,
C:\Users\dell\OneDrive\Documents\sts\driver drowsiness detction hybrid\mouth\no yawn\5364.jpg,0,No Yawn,
C:\Users\dell\OneDrive\Documents\sts\driver drowsiness detction hybrid\mouth\no yawn\3637.jpg,0,No Yawn,
C:\Users\dell\OneDrive\Documents\sts\driver drowsiness detction hybrid\mouth\yawn\2547.jpg,1,Yawn,
